{
  "l_eff_m": 0.0001,
  "ratio": 1e-18,
  "k0_targets": {
    "0": 0.0012631578947368421,
    "1": 1.2631578947368422e-21
  },
  "v_rhe": [
    -0.4,
    -0.3208,
    -0.2417,
    -0.1625,
    -0.0833,
    -0.0042,
    0.075,
    0.1542,
    0.2333,
    0.3125,
    0.3917,
    0.4708,
    0.55
  ],
  "phi_applied_hat": [
    -15.568697924103027,
    -12.486095735130625,
    -9.407385720639253,
    -6.324783531666855,
    -3.242181342694455,
    -0.16347132820308177,
    2.919130860769317,
    6.001733049741716,
    9.08044306423309,
    12.163045253205489,
    15.245647442177887,
    18.32435745666926,
    21.406959645641663
  ],
  "cd_mA_cm2": [
    -0.7373038942816692,
    -0.5449990876111517,
    -0.4552592541425077,
    -0.43381653248565555,
    -0.31270964924782235,
    -0.15368329416835258,
    -0.10135480325584345,
    -0.09152776151953607,
    -0.0900813181876285,
    -0.08977100695542987,
    -0.08902979535811059,
    -0.085074737103556,
    -0.06612680454519522
  ],
  "pc_mA_cm2": [
    -0.14601787683964218,
    -0.3360340856958704,
    -0.4244232690692132,
    -0.4311687893040493,
    -0.312365038029283,
    -0.15352476943701962,
    -0.10110345773487539,
    -0.09067122911424237,
    -0.08666912267177489,
    -0.07774224808830053,
    -0.0589350611436225,
    -0.03609794069465445,
    -0.017331711716519718
  ],
  "j_ring_mA_cm2": [
    0.03270800441207985,
    0.07527163519587497,
    0.09507081227150375,
    0.09658180880410704,
    0.06996976851855939,
    0.034389548353892394,
    0.02264717453261209,
    0.02031035532159029,
    0.019413883478477573,
    0.01741426357177932,
    0.01320145369617144,
    0.008085938715602597,
    0.003882303424500417
  ],
  "S_H2O2_percent": [
    33.06108410625571,
    76.28182363089509,
    96.49464616385552,
    99.69389732809248,
    99.94486879319325,
    99.94839825183215,
    99.87585316611033,
    99.52989179450762,
    98.06948401414857,
    92.81921967071253,
    79.66089048034485,
    59.58099028688391,
    41.53371637274199
  ],
  "n_e_rrde": [
    3.3387783178748855,
    2.4743635273820983,
    2.070107076722889,
    2.0061220534381508,
    2.0011026241361347,
    2.0010320349633566,
    2.002482936677793,
    2.009402164109848,
    2.038610319717028,
    2.1436156065857492,
    2.4067821903931033,
    2.808380194262322,
    3.16932567254516
  ],
  "surface_pH_proxy": [
    10.6100775048855,
    10.553850014219645,
    10.558536071668257,
    10.633060439854466,
    10.543042379195223,
    10.09354328943254,
    9.435993370871666,
    8.676830404117815,
    7.895649859645234,
    7.124185459783602,
    6.388433958821281,
    5.69843337771791,
    5.059871060789902
  ],
  "c_H_surface_nondim": [
    2.0452257362552428e-08,
    2.327923689024781e-08,
    2.3029403135511216e-08,
    1.9398060705159037e-08,
    2.386582076815226e-08,
    6.71854862242918e-08,
    3.053693067017177e-07,
    1.7538334537561884e-06,
    1.0596657421907808e-05,
    6.260849931717857e-05,
    0.0003407099330239073,
    0.0016687273202578602,
    0.0072601850981418425
  ],
  "N_collection_used": 0.224,
  "converged": [
    true,
    true,
    true,
    true,
    true,
    true,
    true,
    true,
    true,
    true,
    true,
    true,
    true
  ],
  "method": [
    "warm<--12.486",
    "warm<--9.407",
    "warm<--6.325",
    "warm<--3.242",
    "warm<--0.163",
    "warm<-+2.919",
    "warm<-+6.002",
    "warm<-+9.080",
    "warm<-+12.163",
    "warm<-+15.246",
    "warm<-+18.324",
    "warm<-+21.407",
    "warm<-+21.407"
  ],
  "n_converged": 13,
  "n_total": 13,
  "anchor": {
    "v_rhe": 0.55,
    "phi_applied_eta": 21.406959645641663,
    "converged": true,
    "ladder_history": [
      [
        1e-12,
        "ok"
      ],
      [
        1e-09,
        "ok"
      ],
      [
        1e-06,
        "ok"
      ],
      [
        0.001,
        "ok"
      ],
      [
        1.0,
        "fail"
      ],
      [
        0.03162277660168379,
        "ok"
      ],
      [
        1.0,
        "ok"
      ]
    ],
    "wall_seconds": 34.4224112033844
  },
  "grid_wall_seconds": 838.9071929454803,
  "config": {
    "l_eff_m": 0.0001,
    "domain_height_hat": 1.0,
    "ratio_K0_R4e_to_K0_R2e": 1e-18,
    "mesh_Nx": 8,
    "mesh_Ny": 80,
    "mesh_beta": 3.0,
    "exponent_clip": 100.0,
    "u_clamp": 100.0,
    "stern_capacitance_f_m2": 0.1,
    "ic": "debye_boltzmann",
    "formulation": "logc_muh",
    "initial_scales": [
      1e-12,
      1e-09,
      1e-06,
      0.001,
      1.0
    ],
    "max_inserts_per_step": 4,
    "ic_at_target": true,
    "n_substeps_warm": 8,
    "bisect_depth_warm": 5,
    "v_rhe_grid_n": 13,
    "v_rhe_grid_min": -0.4,
    "v_rhe_grid_max": 0.55,
    "anchor_v_rhe": 0.55,
    "n_collection": 0.224,
    "enable_water_ionization": false,
    "kw_eff_hat_target": 0.0
  }
}