{
  "label": "stern_0p10_clip100_profile",
  "cs_f_m2": 0.1,
  "exponent_clip": 100.0,
  "v_rhe": [
    -0.5,
    -0.3,
    -0.1,
    0.0,
    0.1,
    0.3,
    0.5,
    0.55,
    0.6,
    0.65,
    0.66,
    0.68,
    0.7,
    0.75,
    1.0
  ],
  "report": {
    "label": "stern_0p10_clip100_profile",
    "cs_f_m2": 0.1,
    "wall_seconds": 542.3776478767395,
    "v_rhe": [
      -0.5,
      -0.3,
      -0.1,
      0.0,
      0.1,
      0.3,
      0.5,
      0.55,
      0.6,
      0.65,
      0.66,
      0.68,
      0.7,
      0.75,
      1.0
    ],
    "phi_applied_hat": [
      -19.460872405128782,
      -11.676523443077269,
      -3.892174481025757,
      0.0,
      3.892174481025757,
      11.676523443077269,
      19.460872405128782,
      21.406959645641663,
      23.353046886154537,
      25.29913412666742,
      25.688351574769992,
      26.466786470975144,
      27.245221367180292,
      29.191308607693173,
      38.921744810257564
    ],
    "cd_mA_cm2": [
      -0.18491863113132526,
      -0.1827271364260111,
      -0.17914115392960162,
      -0.17518499456966097,
      -0.16813825055469322,
      -0.11643090972167332,
      -1.5490332365223192e-05,
      -1.54289819154337e-05,
      -1.541697953931149e-05,
      -1.4818874242213957e-05,
      -1.3679932697568268e-05,
      -7.309063113676132e-06,
      -1.3840239322120594e-06,
      -4.192614515884206e-09,
      1.1686147972691952e-16
    ],
    "pc_mA_cm2": [
      1.5508449155742118e-05,
      1.550762337768051e-05,
      1.5506255444077603e-05,
      1.5504727557537707e-05,
      1.550196498744028e-05,
      1.54816664949571e-05,
      1.5433137108932036e-05,
      1.542875789661231e-05,
      1.541697881509973e-05,
      1.481887424046116e-05,
      1.3679932697351531e-05,
      7.309063115234069e-06,
      1.3840239347581887e-06,
      4.192616501546316e-09,
      1.1686174256382432e-16
    ],
    "surface_pH_proxy": [
      9.770766602807278,
      9.771922927522134,
      9.765941684831086,
      9.724968853800798,
      9.52301748111228,
      8.357457074440134,
      9.755353863334815,
      10.484447687423406,
      11.256119131579206,
      12.078438284001859,
      12.250343200412484,
      12.586640221265078,
      12.90575143151151,
      13.759773206920364,
      18.443800118934355
    ],
    "j_ring_mA_cm2": [
      3.4738926108862345e-06,
      3.473707636600434e-06,
      3.4734012194733834e-06,
      3.4730589728884466e-06,
      3.472440157186623e-06,
      3.4678932948703906e-06,
      3.457022712400776e-06,
      3.4560417688411574e-06,
      3.4534032545823394e-06,
      3.3194278298632998e-06,
      3.064304924206743e-06,
      1.6372301378124316e-06,
      3.100213613858343e-07,
      9.391460963463747e-10,
      2.6177030334296648e-17
    ],
    "S_H2O2_percent": [
      0.016771861800014526,
      0.016972090404349577,
      0.01731027518381024,
      0.017699410241102963,
      0.018437846025025142,
      0.02659020397351728,
      99.81504256390454,
      99.99927402712332,
      99.99999765125271,
      99.99999999408593,
      99.99999999920783,
      100.00000001065757,
      100.00000009198286,
      100.00002368046994,
      100.00011245647832
    ],
    "n_e_rrde": [
      3.999664562764,
      3.999660558191913,
      3.9996537944963237,
      3.999646011795178,
      3.999631243079499,
      3.99946819592053,
      2.0036991487219087,
      2.0000145194575336,
      2.0000000469749457,
      2.0000000001182814,
      2.0000000000158433,
      1.9999999997868485,
      1.999999998160343,
      1.9999995263906012,
      1.9999977508704336
    ],
    "c_H_surface_nondim": [
      3.390497221861137e-07,
      3.3814819079019115e-07,
      3.428374931344916e-07,
      3.767568367140032e-07,
      5.998083599763375e-07,
      8.781585239652419e-06,
      3.512983680818298e-07,
      6.555145083038734e-08,
      1.1089471882231404e-08,
      1.6695203291171767e-09,
      1.1237942230779958e-09,
      5.180715867688283e-10,
      2.484726341644006e-10,
      3.477417126693856e-11,
      7.198298908698076e-16
    ],
    "N_collection_used": 0.224,
    "converged": [
      true,
      true,
      true,
      true,
      true,
      true,
      true,
      true,
      true,
      true,
      true,
      true,
      true,
      true,
      true
    ],
    "method": [
      "warm<--11.677",
      "warm<--3.892",
      "warm<-+0.000",
      "warm<-+3.892",
      "warm<-+11.677",
      "warm<-+19.461",
      "cold",
      "cold",
      "cold",
      "warm<-+23.353",
      "warm<-+25.299",
      "warm<-+25.688",
      "warm<-+26.467",
      "cold",
      "warm<-+29.191"
    ],
    "z_achieved": [
      1.0,
      1.0,
      1.0,
      1.0,
      1.0,
      1.0,
      1.0,
      1.0,
      1.0,
      1.0,
      1.0,
      1.0,
      1.0,
      1.0,
      1.0
    ],
    "n_converged": 15,
    "n_total": 15
  }
}