V_RHE,observable,param,adjoint,fd,rel_err,verdict
0.3,cd,log_k0_1,-3.762755036890343e-06,-1.8816227090218569e-06,0.9997393839099521,FAIL
0.3,cd,log_k0_2,-5.265029089387085e-13,2.8619955086135306e-10,1.0018396356924884,FAIL
0.3,cd,alpha_1,-0.0001113042734103115,-0.00011132522559005461,0.0001882069372153256,PASS
0.3,cd,alpha_2,-5.265029026160978e-11,1.4234566379344588e-08,1.0036987631978735,FAIL
0.3,pc,log_k0_1,-1.2367081145283256e-12,-1.8816227090218569e-06,0.999999342743841,FAIL
0.3,pc,log_k0_2,5.246744740690605e-13,-2.862012672889174e-10,1.0018332360266575,FAIL
0.3,pc,alpha_1,-3.65824765977802e-11,2.7197677398801186e-09,1.0134505884680405,FAIL
0.3,pc,alpha_2,5.246744660117264e-11,-1.4234738030571349e-08,1.00368587370477,FAIL
