{
  "theta_recovered": [
    -6.487532929899066,
    -9.684576947511557,
    0.5897,
    0.4766
  ],
  "theta_true": [
    -6.674140427800632,
    -9.852194258148577,
    0.627,
    0.5
  ],
  "param_names": [
    "log_k0_1",
    "log_k0_2",
    "alpha_1",
    "alpha_2"
  ],
  "V_GRID": [
    -0.1,
    0.0,
    0.1,
    0.15,
    0.2
  ],
  "target_cd": [
    -0.17801879356887024,
    -0.17378566090567188,
    -0.16307160282421623,
    -0.14504303334784818,
    -0.07860706038226825
  ],
  "target_pc": [
    2.9058459282223368e-06,
    1.5288301722299997e-05,
    1.5387636197466653e-05,
    1.539375293701858e-05,
    1.5413833544945184e-05
  ],
  "weighting": {
    "inv_var_cd": 31.555007882297094,
    "inv_var_pc": 4208997527.2294135,
    "scheme": "range-normalized (1/scale^2)"
  },
  "diagnosis": "MONOTONE: J(t) descends from recovered (t=0) to TRUE (t=1) without barrier \u2014 recovered point is OPTIMIZER FAILURE, not a true local minimum",
  "profile": [
    {
      "t": 0.0,
      "J_total": 0.012438467826771656,
      "J_cd": 0.007503599685224945,
      "J_pc": 0.00493486814154671,
      "n_ok": 5,
      "theta": [
        -6.487532929899066,
        -9.684576947511557,
        0.5897,
        0.4766
      ],
      "cds": [
        -0.17801874296858525,
        -0.17377901130252105,
        -0.16217336399810092,
        -0.13820305509806857,
        -0.05791898806237581
      ],
      "pcs": [
        1.3752333678901804e-06,
        1.5242519359212567e-05,
        1.538715027539549e-05,
        1.5395712846475266e-05,
        1.542006761461187e-05
      ]
    },
    {
      "t": 0.05,
      "J_total": 0.011166890860745756,
      "J_cd": 0.006734480084838429,
      "J_pc": 0.0044324107759073274,
      "n_ok": 5,
      "theta": [
        -6.496863304794144,
        -9.692957813043408,
        0.591565,
        0.47777000000000003
      ],
      "cds": [
        -0.17801874691424438,
        -0.1737795012389442,
        -0.16223418826347583,
        -0.1386182516040823,
        -0.05898917233468027
      ],
      "pcs": [
        1.4552364403642433e-06,
        1.5245250547230394e-05,
        1.5387183329223313e-05,
        1.5395595239189143e-05,
        1.54197453385457e-05
      ]
    },
    {
      "t": 0.1,
      "J_total": 0.009968845805369657,
      "J_cd": 0.006009743159496955,
      "J_pc": 0.003959102645872702,
      "n_ok": 5,
      "theta": [
        -6.506193679689223,
        -9.70133867857526,
        0.59343,
        0.47894000000000003
      ],
      "cds": [
        -0.17801875066611028,
        -0.1737799699625131,
        -0.16229301752337189,
        -0.13902515954817213,
        -0.06005753767283696
      ],
      "pcs": [
        1.5348636126162464e-06,
        1.5247929705123447e-05,
        1.5387215250190583e-05,
        1.539547981836965e-05,
        1.5419423573978846e-05
      ]
    },
    {
      "t": 0.15000000000000002,
      "J_total": 0.008843616374218925,
      "J_cd": 0.00532906181771156,
      "J_pc": 0.003514554556507366,
      "n_ok": 5,
      "theta": [
        -6.515524054584301,
        -9.70971954410711,
        0.5952949999999999,
        0.48011000000000004
      ],
      "cds": [
        -0.17801875423396163,
        -0.17378041839518915,
        -0.16234991069251925,
        -0.13942387341723048,
        -0.06112371184792898
      ],
      "pcs": [
        1.6141165996560803e-06,
        1.5250557824905326e-05,
        1.53872460802683e-05,
        1.5395366568987974e-05,
        1.541910243630682e-05
      ]
    },
    {
      "t": 0.2,
      "J_total": 0.007790446363413839,
      "J_cd": 0.004692065160662218,
      "J_pc": 0.003098381202751621,
      "n_ok": 5,
      "theta": [
        -6.5248544294793795,
        -9.71810040963896,
        0.59716,
        0.48128000000000004
      ],
      "cds": [
        -0.17801875762708166,
        -0.17378084741899105,
        -0.1624049253381538,
        -0.1398144885106928,
        -0.062187334139653716
      ],
      "pcs": [
        1.6929971657165697e-06,
        1.5253135879721392e-05,
        1.5387275858971378e-05,
        1.5395255474988486e-05,
        1.5418782037148642e-05
      ]
    },
    {
      "t": 0.25,
      "J_total": 0.006808541248240834,
      "J_cd": 0.0040983404801153735,
      "J_pc": 0.00271020076812546,
      "n_ok": 5,
      "theta": [
        -6.534184804374457,
        -9.726481275170812,
        0.5990249999999999,
        0.48245000000000005
      ],
      "cds": [
        -0.17801876085428214,
        -0.1737812578777127,
        -0.1624581176876715,
        -0.1401971008581352,
        -0.06324805529327121
      ],
      "pcs": [
        1.7715072190452114e-06,
        1.5255664823965616e-05,
        1.5387304624802553e-05,
        1.5395146519412272e-05,
        1.5418462484675425e-05
      ]
    },
    {
      "t": 0.30000000000000004,
      "J_total": 0.005897338936925898,
      "J_cd": 0.0035474531881787064,
      "J_pc": 0.002349885748747192,
      "n_ok": 5,
      "theta": [
        -6.543515179269535,
        -9.734862140702663,
        0.60089,
        0.48362
      ],
      "cds": [
        -0.17801876392393318,
        -0.17378164914649571,
        -0.16250954263923337,
        -0.14057180724987983,
        -0.06430549773637659
      ],
      "pcs": [
        1.8496485895190195e-06,
        1.5256239106182288e-05,
        1.538733241463482e-05,
        1.539503968491527e-05,
        1.5418143613832578e-05
      ]
    },
    {
      "t": 0.35000000000000003,
      "J_total": 0.005055400934314304,
      "J_cd": 0.0030388746074772946,
      "J_pc": 0.002016526326837009,
      "n_ok": 5,
      "theta": [
        -6.552845554164613,
        -9.743243006234513,
        0.6027549999999999,
        0.48478999999999994
      ],
      "cds": [
        -0.1780187668439927,
        -0.17378202499222337,
        -0.16255925377187894,
        -0.14093870515025295,
        -0.06535941731669875
      ],
      "pcs": [
        1.9274228597348184e-06,
        1.5258826316466235e-05,
        1.538735926371175e-05,
        1.539493495312654e-05,
        1.5417826084618965e-05
      ]
    },
    {
      "t": 0.4,
      "J_total": 0.004282145961420928,
      "J_cd": 0.002572099431260658,
      "J_pc": 0.0017100465301602707,
      "n_ok": 5,
      "theta": [
        -6.562175929059692,
        -9.751623871766364,
        0.6046199999999999,
        0.48596
      ],
      "cds": [
        -0.1780187696220187,
        -0.17378238458530265,
        -0.16260730335769483,
        -0.1412978926707146,
        -0.06640945600793878
      ],
      "pcs": [
        2.0048316297671583e-06,
        1.526136426853129e-05,
        1.5387385205948428e-05,
        1.5394832305282578e-05,
        1.5417509704693334e-05
      ]
    },
    {
      "t": 0.45,
      "J_total": 0.0035766493201410763,
      "J_cd": 0.0021465679855198825,
      "J_pc": 0.001430081334621194,
      "n_ok": 5,
      "theta": [
        -6.571506303954771,
        -9.760004737298217,
        0.606485,
        0.48713000000000006
      ],
      "cds": [
        -0.1780187722651857,
        -0.1737827286326611,
        -0.16265374237488162,
        -0.1416494685299816,
        -0.06745530954362136
      ],
      "pcs": [
        2.0818766550723227e-06,
        1.5263853901075346e-05,
        1.538741027387817e-05,
        1.539473172158964e-05,
        1.541719456794575e-05
      ]
    },
    {
      "t": 0.5,
      "J_total": 0.0029379586779895595,
      "J_cd": 0.0017616889445972147,
      "J_pc": 0.0011762697333923447,
      "n_ok": 5,
      "theta": [
        -6.580836678849849,
        -9.768385602830067,
        0.60835,
        0.4883
      ],
      "cds": [
        -0.17801877478030972,
        -0.17378305781054662,
        -0.1626986205218439,
        -0.14199353201356238,
        -0.0684966845969494
      ],