{
  "label": "phase_D_bridge_corrected_a_Cs",
  "config": {
    "species_preset": "THREE_SPECIES_LOGC_BOLTZMANN (custom a_vals)",
    "counterions": [
      "Cs+",
      "SO4(2-)"
    ],
    "a_vals_hat_dynamic": {
      "O2": 1.487193648106637e-05,
      "H2O2": 2.4216464858239555e-05,
      "Hp": 6.644997957100934e-05
    },
    "radii_AA": {
      "O2": 1.7,
      "H2O2": 2.0,
      "Hp": 2.8
    },
    "stern_anchor": 0.1,
    "stern_baseline": 0.2,
    "l_eff_m": 1.6e-05,
    "k0_r4e_factor": 1e-14,
    "enable_cation_hydrolysis": false,
    "enable_water_ionization": false,
    "v_rhe_grid": [
      -0.5,
      -0.45,
      -0.4,
      -0.35,
      -0.3,
      -0.25,
      -0.2,
      -0.15,
      -0.1,
      -0.05,
      -0.0,
      0.05,
      0.1,
      0.15,
      0.2,
      0.25,
      0.3,
      0.35,
      0.4,
      0.45,
      0.5,
      0.55
    ],
    "anchor_v_rhe": 0.55,
    "mesh": {
      "Nx": 8,
      "Ny": 80,
      "beta": 3.0,
      "domain_height_hat": 0.15999999999999998
    },
    "formulation": "logc_muh",
    "initializer": "debye_boltzmann",
    "exponent_clip": 100.0,
    "u_clamp": 100.0,
    "n_substeps_warm": 8,
    "bisect_depth_warm": 5
  },
  "k0_targets": {
    "0": 0.0012631578947368421,
    "1": 1.2631578947368422e-17
  },
  "v_rhe": [
    -0.5,
    -0.45,
    -0.4,
    -0.35,
    -0.3,
    -0.25,
    -0.2,
    -0.15,
    -0.1,
    -0.05,
    -0.0,
    0.05,
    0.1,
    0.15,
    0.2,
    0.25,
    0.3,
    0.35,
    0.4,
    0.45,
    0.5,
    0.55
  ],
  "phi_applied_hat": [
    -19.460872405128782,
    -17.514785164615905,
    -15.568697924103027,
    -13.622610683590146,
    -11.676523443077269,
    -9.730436202564391,
    -7.784348962051514,
    -5.838261721538634,
    -3.892174481025757,
    -1.9460872405128784,
    -0.0,
    1.9460872405128784,
    3.892174481025757,
    5.838261721538634,
    7.784348962051514,
    9.730436202564391,
    11.676523443077269,
    13.622610683590146,
    15.568697924103027,
    17.514785164615905,
    19.460872405128782,
    21.406959645641663
  ],
  "cd_mA_cm2": [
    -0.5615611229140374,
    -0.561559873935108,
    -0.5615584050228656,
    -0.5615566739650039,
    -0.5615546308912506,
    -0.5615522098344419,
    -0.5615493283309797,
    -0.5615459160554211,
    -0.5615419588345241,
    -0.5615375149513657,
    -0.5615326538367456,
    -0.5615272546680619,
    -0.5615205389997586,
    -0.5615099317328003,
    -0.5614879395014126,
    -0.5614331647803744,
    -0.561284513099617,
    -0.5608681963676605,
    -0.5596923939527553,
    -0.5563723415913187,
    -0.5470442587202511,
    -0.5211758598981064
  ],
  "pc_mA_cm2": [
    -0.5580103744548459,
    -0.5531594215283696,
    -0.5422613726462046,
    -0.5195887594833046,
    -0.4782588130938109,
    -0.415786173472748,
    -0.3391313789714681,
    -0.26096014382900434,
    -0.1915921899033331,
    -0.13565160396552584,
    -0.09336349086598775,
    -0.06281928260245857,
    -0.04150061085785108,
    -0.027015826491491122,
    -0.01738141163599671,
    -0.011079126963788426,
    -0.007009508980053053,
    -0.004407620445077222,
    -0.0027565259175294215,
    -0.0017141048027463717,
    -0.0010571196229693261,
    -0.0006409363743656721
  ],
  "j_ring_mA_cm2": [
    0.12499432387788549,
    0.1239077104223548,
    0.12146654747274982,
    0.11638788212426024,
    0.10712997413301364,
    0.09313610285789554,
    0.07596542888960886,
    0.058455072217696975,
    0.04291665053834662,
    0.030385959288277788,
    0.020913421953981257,
    0.014071519302950721,
    0.009296136832158642,
    0.006051545134094011,
    0.003893436206463263,
    0.0024817244398886076,
    0.0015701300115318838,
    0.0009873069796972978,
    0.0006174618055265904,
    0.0003839594758151873,
    0.00023679479554512906,
    0.00014356974785791055
  ],
  "S_H2O2_percent": [
    99.68284754769694,
    99.24640647731448,
    98.25179501517808,
    96.1181989782963,
    91.98934979353504,
    85.08540758744786,
    75.30557193506934,
    63.454886609752926,
    50.87863569177248,
    38.91386147169523,
    28.51245701205548,
    20.12321006122274,
    13.764230613685953,
    9.180847605720325,
    6.005296912626072,
    3.8703542696125477,
    2.4668600082759196,
    1.559458343691133,
    0.9801871139392171,
    0.6142793159811094,
    0.38573872087851574,
    0.24565570864874975
  ],
  "n_e_rrde": [
    2.006343049046061,
    2.0150718704537103,
    2.0349640996964387,
    2.0776360204340736,
    2.160213004129299,
    2.298291848251043,
    2.493888561298613,
    2.7309022678049413,
    2.9824272861645507,
    3.2217227705660956,
    3.4297508597588906,
    3.597535798775545,
    3.724715387726281,
    3.8163830478855933,
    3.8798940617474784,
    3.922592914607749,
    3.9506627998344817,
    3.9688108331261773,
    3.9803962577212157,
    3.987714413680378,
    3.99228522558243,
    3.9950868858270248
  ],
  "surface_pH_proxy": [
    14.420745904935645,
    13.94784359061663,
    13.481144197899546,
    13.023812439334627,
    12.580219245411678,
    12.154209703809697,
    11.746568800730973,
    11.354559484760252,
    10.973575093088058,
    10.598727217080665,
    10.225740896177317,
    9.851464035619452,
    9.474025557696747,
    9.092627278431026,
    8.70716511443139,
    8.31789424209481,
    7.925218178600037,
    7.5295903834827005,
    7.131507340691094,
    6.73161612357802,
    6.3310714032234925,
    5.9325915732209875
  ],
  "c_H_surface_nondim": [
    3.162808148466089e-12,
    9.39669570703866e-12,
    2.7521655610753634e-11,
    7.88871587684424e-11,
    2.190783738013704e-10,
    5.84263895723017e-10,
    1.4936538176136798e-09,
    3.683488083420698e-09,
    8.856123431651927e-09,
    2.0993823268229714e-08,
    4.9553902017988277e-08,
    1.1731531696544982e-07,
    2.7976488089845423e-07,
    6.732734294919065e-07,
    1.6355116405959685e-06,
    4.007970458829743e-06,
    9.89921086524911e-06,
    2.461661710067893e-05,
    6.15618146880469e-05,
    0.00015459755828079984,
    0.00038881888518336994,
    0.0009732562038472993
  ],
  "N_collection_used": 0.224,
  "converged": [
    true,
    true,
    true,
    true,
    true,
    true,
    true,
    true,
    true,
    true,
    true,
    true,
    true,
    true,
    true,
    true,
    true,
    true,
    true,
    true,
    true,
    true
  ],
  "method": [
    "warm<--17.515",
    "warm<--15.569",
    "warm<--13.623",
    "warm<--11.677",
    "warm<--9.730",
    "warm<--7.784",
    "warm<--5.838",
    "warm<--3.892",
    "warm<--1.946",
    "warm<--0.000",
    "warm<-+1.946",
    "warm<-+3.892",
    "warm<-+5.838",
    "warm<-+7.784",
    "warm<-+9.730",
    "warm<-+11.677",
    "warm<-+13.623",
    "warm<-+15.569",
    "warm<-+17.515",
    "warm<-+19.461",
    "warm<-+21.407",
    "warm<-+21.407"
  ],
  "n_converged": 22,
  "n_total": 22,
  "anchor": {
    "v_rhe": 0.55,
    "phi_applied_eta": 21.406959645641663,
    "stern_anchor_f_m2": 0.1,
    "stern_baseline_f_m2": 0.2,
    "ladder_history": [
      [
        1e-12,
        "ok"
      ],
      [
        1e-09,
        "ok"
      ],
      [
        1e-06,
        "ok"
      ],
      [
        0.001,
        "ok"
      ],
      [
        1.0,
        "ok"
      ]
    ]
  },
  "grid_wall_seconds": 425.1292281150818
}