{
  "200.0": {
    "exponent_clip": 200.0,
    "v_rhe": [
      -0.5,
      -0.4,
      -0.3,
      -0.2,
      -0.1,
      0.0,
      0.05,
      0.1,
      0.2,
      0.3,
      0.4,
      0.5,
      0.6
    ],
    "cd_mA_cm2": [
      -0.18379460683440416,
      -0.18277516657267817,
      -0.18161160567769544,
      -0.1801688895092508,
      -0.17801877360697024,
      -0.17378566131622308,
      -0.16985326808271692,
      -0.1630716056610942,
      -0.0786070854643006,
      -1.92008133213268e-05,
      -1.5437590104435068e-05,
      -1.1823821747447937e-05,
      1.8178079877876034e-09
    ],
    "pc_mA_cm2": [
      1.538221164569692e-05,
      1.5382513263052417e-05,
      1.5382858578560704e-05,
      1.5383288229824365e-05,
      1.538393082066303e-05,
      1.5385199052210982e-05,
      1.538637849189439e-05,
      1.538841354915379e-05,
      1.541384216024935e-05,
      1.543762422277724e-05,
      1.5437578217781596e-05,
      1.1823878464086948e-05,
      2.695199073538569e-09
    ],
    "z_factor": [
      1.0,
      1.0,
      1.0,
      1.0,
      1.0,
      1.0,
      1.0,
      1.0,
      1.0,
      1.0,
      1.0,
      1.0,
      1.0
    ],
    "method_at_v": [
      "warm<--15.569",
      "warm<--11.677",
      "warm<--7.784",
      "warm<--3.892",
      "warm<-+0.000",
      "warm<-+1.946",
      "warm<-+3.892",
      "warm<-+7.784",
      "warm<-+11.677",
      "warm<-+15.569",
      "cold",
      "cold",
      "cold"
    ],
    "surface_fields": [
      {
        "electrode_area_nondim": 1.0,
        "u0_surface_mean": -0.7063993827093321,
        "c0_surface_mean": 0.49341761083468516,
        "u1_surface_mean": -28.67647210753324,
        "c1_surface_mean": 3.515332450806149e-13,
        "u2_surface_mean": -27.061143693483313,
        "c2_surface_mean": 1.76805031486619e-12,
        "phi_surface_mean": -19.460872405128782
      },
      {
        "electrode_area_nondim": 1.0,
        "u0_surface_mean": -0.7007520616543882,
        "c0_surface_mean": 0.4962119814246095,
        "u1_surface_mean": -29.659436168184477,
        "c1_surface_mean": 1.3154384613495203e-13,
        "u2_surface_mean": -24.62635524138458,
        "c2_surface_mean": 2.017947249399607e-11,
        "phi_surface_mean": -15.568697924103024
      },
      {
        "electrode_area_nondim": 1.0,
        "u0_surface_mean": -0.6943448782510593,
        "c0_surface_mean": 0.49940150963125296,
        "u1_surface_mean": -30.641640221254793,
        "c1_surface_mean": 4.926117146419125e-14,
        "u2_surface_mean": -22.19235928525071,
        "c2_surface_mean": 2.3013401903427964e-10,
        "phi_surface_mean": -11.67652344307727
      },
      {
        "electrode_area_nondim": 1.0,
        "u0_surface_mean": -0.6864567396147815,
        "c0_surface_mean": 0.5033564359708502,
        "u1_surface_mean": -31.622363040101458,
        "c1_surface_mean": 1.847490555557882e-14,
        "u2_surface_mean": -19.759899758306542,
        "c2_surface_mean": 2.620502461645884e-09,
        "phi_surface_mean": -7.784348962051512
      },
      {
        "electrode_area_nondim": 1.0,
        "u0_surface_mean": -0.6748143395825767,
        "c0_surface_mean": 0.5092509595769336,
        "u1_surface_mean": -32.59933088837741,
        "c1_surface_mean": 6.9548934582690355e-15,
        "u2_surface_mean": -17.331337589382954,
        "c2_surface_mean": 2.9723210757079307e-08,
        "phi_surface_mean": -3.892174481025756
      },
      {
        "electrode_area_nondim": 1.0,
        "u0_surface_mean": -0.6522814703145978,
        "c0_surface_mean": 0.5208561024378326,
        "u1_surface_mean": -33.56540610722141,
        "c1_surface_mean": 2.6468500899292427e-15,
        "u2_surface_mean": -14.914264645120914,
        "c2_surface_mean": 3.332860705214667e-07,
        "phi_surface_mean": 0.0
      },
      {
        "electrode_area_nondim": 1.0,
        "u0_surface_mean": -0.6317924236755261,
        "c0_surface_mean": 0.5316380258932847,
        "u1_surface_mean": -34.03921910196685,
        "c1_surface_mean": 1.6479915317021602e-15,
        "u2_surface_mean": -13.71576804027975,
        "c2_surface_mean": 1.104886392740358e-06,
        "phi_surface_mean": 1.946087240512878
      },
      {
        "electrode_area_nondim": 1.0,
        "u0_surface_mean": -0.5974149734735612,
        "c0_surface_mean": 0.5502321639914559,
        "u1_surface_mean": -34.49914025267774,
        "c1_surface_mean": 1.040432135997565e-15,
        "u2_surface_mean": -12.53312972734842,
        "c2_surface_mean": 3.6052129171509523e-06,
        "phi_surface_mean": 3.892174481025756
      },
      {
        "electrode_area_nondim": 1.0,
        "u0_surface_mean": -0.24589240712752009,
        "c0_surface_mean": 0.7820063587097295,
        "u1_surface_mean": -35.1360265723459,
        "c1_surface_mean": 5.503228475441935e-16,
        "u2_surface_mean": -10.633374424683272,
        "c2_surface_mean": 2.4098175525167702e-05,
        "phi_surface_mean": 7.784348962051512
      },
      {
        "electrode_area_nondim": 1.0,
        "u0_surface_mean": -0.002052251506316913,
        "c0_surface_mean": 0.9979498529219542,
        "u1_surface_mean": -33.661551630005924,
        "c1_surface_mean": 2.404218168648307e-15,
        "u2_surface_mean": -13.288276789137928,
        "c2_surface_mean": 1.6942391632596949e-06,
        "phi_surface_mean": 11.67652344307727
      },
      {
        "electrode_area_nondim": 1.0,
        "u0_surface_mean": -0.0020439086581114582,
        "c0_surface_mean": 0.997958178700824,
        "u1_surface_mean": -22.099771419410562,
        "c1_surface_mean": 2.524592113649849e-10,
        "u2_surface_mean": -17.180566665075627,
        "c2_surface_mean": 3.456007699751692e-08,
        "phi_surface_mean": 15.568697924103024
      },
      {
        "electrode_area_nondim": 1.0,
        "u0_surface_mean": -0.0020436827614409084,
        "c0_surface_mean": 0.9979584041362795,
        "u1_surface_mean": -10.689037309258696,
        "c1_surface_mean": 2.2793450791387302e-05,
        "u2_surface_mean": -21.07317955804349,
        "c2_surface_mean": 7.047488920569389e-10,
        "phi_surface_mean": 19.460872405128782
      },
      {
        "electrode_area_nondim": 1.0,
        "u0_surface_mean": -0.0020428843489206133,
        "c0_surface_mean": 0.9979592009190821,
        "u1_surface_mean": -9.215948789544134,
        "c1_surface_mean": 9.944072802455154e-05,
        "u2_surface_mean": -24.964548377709285,
        "c2_surface_mean": 1.4389125363816245e-11,
        "phi_surface_mean": 23.35304688615454
      }
    ],
    "n_converged": 13,
    "n_total": 13,
    "wall_seconds": 63.29436492919922,
    "config": {
      "mesh_Nx": 8,
      "mesh_Ny": 200,
      "mesh_beta": 3.0,
      "k0_hat_r1": 0.0012631578947368421,
      "k0_hat_r2": 5.2631578947368424e-05,
      "alpha_r1": 0.627,
      "alpha_r2": 0.5,
      "E_eq_r1": 0.68,
      "E_eq_r2": 1.78,
      "V_T": 0.02569257891379157,
      "I_SCALE": 0.18332213250999999
    }
  }
}