{
  "l_eff_m": 1.6e-05,
  "ratio": 1e-30,
  "k0_targets": {
    "0": 0.0012631578947368421,
    "1": 1.2631578947368422e-33
  },
  "v_rhe": [
    -0.4,
    -0.3208,
    -0.2417,
    -0.1625,
    -0.0833,
    -0.0042,
    0.075,
    0.1542,
    0.2333,
    0.3125,
    0.3917,
    0.4708,
    0.55
  ],
  "phi_applied_hat": [
    -15.568697924103027,
    -12.486095735130625,
    -9.407385720639253,
    -6.324783531666855,
    -3.242181342694455,
    -0.16347132820308177,
    2.919130860769317,
    6.001733049741716,
    9.08044306423309,
    12.163045253205489,
    15.245647442177887,
    18.32435745666926,
    21.406959645641663
  ],
  "cd_mA_cm2": [
    -0.5616765783217543,
    -0.5616737116192312,
    -0.5616704556296502,
    -0.5616668317421427,
    -0.5616628659465575,
    -0.5616581751173868,
    -0.5616490147559625,
    -0.5616072030953554,
    -0.56132618820034,
    -0.5592855839630144,
    -0.5446035196875052,
    -0.4507622701199981,
    -0.13933572202998135
  ],
  "pc_mA_cm2": [
    -0.5616765783217526,
    -0.5616737116192292,
    -0.5616704556296478,
    -0.5616668317421406,
    -0.5616628659465572,
    -0.5616581751173839,
    -0.5616490147559553,
    -0.5616072030953236,
    -0.5613261882001997,
    -0.5592855839623952,
    -0.5446035196848982,
    -0.4507622701123015,
    -0.13933572202704467
  ],
  "j_ring_mA_cm2": [
    0.12581555354407256,
    0.12581491140270734,
    0.1258141820610411,
    0.1258133703102395,
    0.12581248197202882,
    0.125811431226294,
    0.12580937930533398,
    0.12580001349335249,
    0.12573706615684474,
    0.12527997080757655,
    0.1219911884094172,
    0.10097074850515554,
    0.031211201734058006
  ],
  "S_H2O2_percent": [
    99.99999999999983,
    99.99999999999982,
    99.99999999999979,
    99.99999999999982,
    99.99999999999999,
    99.99999999999974,
    99.99999999999935,
    99.99999999999717,
    99.99999999998752,
    99.99999999994466,
    99.99999999976065,
    99.99999999914628,
    99.99999999894618
  ],
  "n_e_rrde": [
    2.000000000000003,
    2.0000000000000036,
    2.0000000000000044,
    2.000000000000004,
    2.0000000000000004,
    2.000000000000005,
    2.0000000000000124,
    2.0000000000000564,
    2.00000000000025,
    2.0000000000011067,
    2.000000000004787,
    2.000000000017075,
    2.000000000021076
  ],
  "surface_pH_proxy": [
    13.722650975046323,
    12.948377711381895,
    12.176803514065105,
    11.404599967149727,
    10.631040227604643,
    9.85542225711951,
    9.074497174166941,
    8.288562681369545,
    7.498584316553052,
    6.7035479270459435,
    5.910265428937419,
    5.156913925287884,
    4.6314940786790375
  ],
  "c_H_surface_nondim": [
    1.578220858443421e-11,
    9.385146204421935e-11,
    5.546451757464093e-10,
    3.282606210355339e-09,
    1.9488505067386978e-08,
    1.1625094630931061e-07,
    7.019748937386429e-07,
    4.288012795049548e-06,
    2.6438355465033883e-05,
    0.00016491905094199864,
    0.001024597578194771,
    0.00580637162693523,
    0.01946814961882406
  ],
  "N_collection_used": 0.224,
  "converged": [
    true,
    true,
    true,
    true,
    true,
    true,
    true,
    true,
    true,
    true,
    true,
    true,
    true
  ],
  "method": [
    "warm<--12.486",
    "warm<--9.407",
    "warm<--6.325",
    "warm<--3.242",
    "warm<--0.163",
    "warm<-+2.919",
    "warm<-+6.002",
    "warm<-+9.080",
    "warm<-+12.163",
    "warm<-+15.246",
    "warm<-+18.324",
    "warm<-+21.407",
    "warm<-+21.407"
  ],
  "n_converged": 13,
  "n_total": 13,
  "anchor": {
    "v_rhe": 0.55,
    "phi_applied_eta": 21.406959645641663,
    "converged": true,
    "ladder_history": [
      [
        1e-12,
        "ok"
      ],
      [
        1e-09,
        "ok"
      ],
      [
        1e-06,
        "ok"
      ],
      [
        0.001,
        "ok"
      ],
      [
        1.0,
        "fail"
      ],
      [
        0.03162277660168379,
        "ok"
      ],
      [
        1.0,
        "ok"
      ]
    ],
    "wall_seconds": 27.801377058029175
  },
  "grid_wall_seconds": 187.3345808982849,
  "config": {
    "l_eff_m": 1.6e-05,
    "domain_height_hat": 0.15999999999999998,
    "ratio_K0_R4e_to_K0_R2e": 1e-30,
    "mesh_Nx": 8,
    "mesh_Ny": 80,
    "mesh_beta": 3.0,
    "exponent_clip": 100.0,
    "u_clamp": 100.0,
    "stern_capacitance_f_m2": 0.1,
    "ic": "debye_boltzmann",
    "formulation": "logc_muh",
    "initial_scales": [
      1e-12,
      1e-09,
      1e-06,
      0.001,
      1.0
    ],
    "max_inserts_per_step": 4,
    "ic_at_target": true,
    "n_substeps_warm": 8,
    "bisect_depth_warm": 5,
    "v_rhe_grid_n": 13,
    "v_rhe_grid_min": -0.4,
    "v_rhe_grid_max": 0.55,
    "anchor_v_rhe": 0.55,
    "n_collection": 0.224
  }
}