{
  "l_eff_m": 6.6e-05,
  "ratio": 1e-30,
  "k0_targets": {
    "0": 0.0012631578947368421,
    "1": 1.2631578947368422e-33
  },
  "v_rhe": [
    -0.4,
    -0.3208,
    -0.2417,
    -0.1625,
    -0.0833,
    -0.0042,
    0.075,
    0.1542,
    0.2333,
    0.3125,
    0.3917,
    0.4708,
    0.55
  ],
  "phi_applied_hat": [
    -15.568697924103027,
    -12.486095735130625,
    -9.407385720639253,
    -6.324783531666855,
    -3.242181342694455,
    -0.16347132820308177,
    2.919130860769317,
    6.001733049741716,
    9.08044306423309,
    12.163045253205489,
    15.245647442177887,
    18.32435745666926,
    21.406959645641663
  ],
  "cd_mA_cm2": [
    -0.6665057832221604,
    -0.6665005717959793,
    -0.6661947783832498,
    -0.6502119098985256,
    -0.4425694725201291,
    -0.21853162045494032,
    -0.15044107292059491,
    -0.13818955644891254,
    -0.13640180609308183,
    -0.1359195552034315,
    -0.13413910120144734,
    -0.12222652618446424,
    -0.06547059474408128
  ],
  "pc_mA_cm2": [
    -0.6665057832124279,
    -0.6665005717952522,
    -0.6661947783831966,
    -0.6502119098985213,
    -0.4425694725201285,
    -0.21853162045493918,
    -0.15044107292059442,
    -0.13818955644891065,
    -0.13640180609307348,
    -0.13591955520339452,
    -0.13413910120128608,
    -0.12222652618387528,
    -0.06547059474338669
  ],
  "j_ring_mA_cm2": [
    0.14929729543958387,
    0.1492961280821365,
    0.14922763035783604,
    0.14564746781726878,
    0.0991355618445088,
    0.048951082981906376,
    0.03369880033421315,
    0.030954460644555985,
    0.03055400456484846,
    0.030445980365560375,
    0.030047158669088084,
    0.02737874186518806,
    0.01466541322251862
  ],
  "S_H2O2_percent": [
    99.99999999926989,
    99.99999999994544,
    99.99999999999602,
    99.99999999999966,
    99.99999999999993,
    99.99999999999974,
    99.99999999999983,
    99.99999999999932,
    99.99999999999693,
    99.9999999999864,
    99.9999999999399,
    99.99999999975907,
    99.99999999946955
  ],
  "n_e_rrde": [
    2.000000000014602,
    2.0000000000010907,
    2.00000000000008,
    2.0000000000000067,
    2.0000000000000013,
    2.0000000000000053,
    2.000000000000003,
    2.0000000000000138,
    2.000000000000061,
    2.000000000000272,
    2.000000000001202,
    2.0000000000048184,
    2.0000000000106093
  ],
  "surface_pH_proxy": [
    10.326329889335344,
    10.427298303124896,
    10.530351399437343,
    10.620807038600837,
    10.497734675220583,
    10.02378762396594,
    9.352480294424598,
    8.588039822309792,
    7.799731365579626,
    7.003219137135459,
    6.205165928782491,
    5.425861909739998,
    4.77443148574847
  ],
  "c_H_surface_nondim": [
    3.930871659577406e-08,
    3.1154475982320214e-08,
    2.457351907569547e-08,
    1.9953161390806e-08,
    2.649012933723777e-08,
    7.88916664698769e-08,
    3.701165110029549e-07,
    2.1516861858838165e-06,
    1.3215615309408668e-05,
    8.271792220339426e-05,
    0.0005195804780526511,
    0.003125768744446976,
    0.014008359163854046
  ],
  "N_collection_used": 0.224,
  "converged": [
    true,
    true,
    true,
    true,
    true,
    true,
    true,
    true,
    true,
    true,
    true,
    true,
    true
  ],
  "method": [
    "warm<--12.486",
    "warm<--9.407",
    "warm<--6.325",
    "warm<--3.242",
    "warm<--0.163",
    "warm<-+2.919",
    "warm<-+6.002",
    "warm<-+9.080",
    "warm<-+12.163",
    "warm<-+15.246",
    "warm<-+18.324",
    "warm<-+21.407",
    "warm<-+21.407"
  ],
  "n_converged": 13,
  "n_total": 13,
  "anchor": {
    "v_rhe": 0.55,
    "phi_applied_eta": 21.406959645641663,
    "converged": true,
    "ladder_history": [
      [
        1e-12,
        "ok"
      ],
      [
        1e-09,
        "ok"
      ],
      [
        1e-06,
        "ok"
      ],
      [
        0.001,
        "ok"
      ],
      [
        1.0,
        "fail"
      ],
      [
        0.03162277660168379,
        "ok"
      ],
      [
        1.0,
        "ok"
      ]
    ],
    "wall_seconds": 47.93856930732727
  },
  "grid_wall_seconds": 384.73047399520874,
  "config": {
    "l_eff_m": 6.6e-05,
    "domain_height_hat": 0.66,
    "ratio_K0_R4e_to_K0_R2e": 1e-30,
    "mesh_Nx": 8,
    "mesh_Ny": 80,
    "mesh_beta": 3.0,
    "exponent_clip": 100.0,
    "u_clamp": 100.0,
    "stern_capacitance_f_m2": 0.1,
    "ic": "debye_boltzmann",
    "formulation": "logc_muh",
    "initial_scales": [
      1e-12,
      1e-09,
      1e-06,
      0.001,
      1.0
    ],
    "max_inserts_per_step": 4,
    "ic_at_target": true,
    "n_substeps_warm": 8,
    "bisect_depth_warm": 5,
    "v_rhe_grid_n": 13,
    "v_rhe_grid_min": -0.4,
    "v_rhe_grid_max": 0.55,
    "anchor_v_rhe": 0.55,
    "n_collection": 0.224,
    "enable_water_ionization": false,
    "kw_eff_hat_target": 0.0
  }
}