{
  "v_rhe": [
    0.6,
    0.66,
    0.68,
    0.7,
    0.75,
    0.8,
    1.0
  ],
  "cs_list": [
    null,
    0.05,
    0.1,
    0.2,
    0.4,
    1.0
  ],
  "mesh_Ny": 200,
  "exponent_clip": 100.0,
  "initializer": "debye_boltzmann",
  "n_substeps_warm": 8,
  "bisect_depth_warm": 5,
  "steric_cap": 100.0,
  "reports": [
    {
      "cs_label": "None",
      "cs_f_m2": null,
      "wall_seconds": 626.7307379245758,
      "v_rhe": [
        0.6,
        0.66,
        0.68,
        0.7,
        0.75,
        0.8,
        1.0
      ],
      "phi_applied_hat": [
        23.353046886154537,
        25.688351574769992,
        26.466786470975144,
        27.245221367180292,
        29.191308607693173,
        31.137395848206054,
        38.921744810257564
      ],
      "cd_mA_cm2": [
        1.8240168909671024e-09,
        1.2921910113425847e-08,
        null,
        null,
        null,
        null,
        null
      ],
      "pc_mA_cm2": [
        2.704405972541777e-09,
        1.2922637364867493e-08,
        null,
        null,
        null,
        null,
        null
      ],
      "converged": [
        true,
        true,
        false,
        false,
        false,
        false,
        false
      ],
      "method": [
        "cold",
        "cold",
        "cold-failed",
        "cold-failed",
        "cold-failed",
        "cold-failed",
        "cold-failed"
      ],
      "z_achieved": [
        1.0,
        1.0,
        0.75,
        0.5,
        0.2,
        0.15000000000000002,
        0.05
      ],
      "failure_reason": [
        null,
        null,
        null,
        null,
        null,
        null,
        null
      ],
      "n_converged": 2,
      "n_total": 7
    },
    {
      "cs_label": "0.05",
      "cs_f_m2": 0.05,
      "wall_seconds": 28.526690006256104,
      "v_rhe": [
        0.6,
        0.66,
        0.68,
        0.7,
        0.75,
        0.8,
        1.0
      ],
      "phi_applied_hat": [
        23.353046886154537,
        25.688351574769992,
        26.466786470975144,
        27.245221367180292,
        29.191308607693173,
        31.137395848206054,
        38.921744810257564
      ],
      "cd_mA_cm2": [
        -0.00012678492819448388,
        -2.0429304705792872e-05,
        -1.732877705413329e-05,
        -1.6071744077682667e-05,
        -1.5493979489162307e-05,
        -1.5449203499742987e-05,
        -1.5437536755429666e-05
      ],
      "pc_mA_cm2": [
        1.5437733561636248e-05,
        1.5443758015432545e-05,
        1.555258902541492e-05,
        1.543780643458891e-05,
        1.5445382100825595e-05,
        1.5445443062374938e-05,
        1.5437541056132482e-05
      ],
      "converged": [
        true,
        true,
        true,
        true,
        true,
        true,
        true
      ],
      "method": [
        "cold",
        "cold",
        "cold",
        "warm<-+26.467",
        "warm<-+27.245",
        "warm<-+29.191",
        "warm<-+31.137"
      ],
      "z_achieved": [
        1.0,
        1.0,
        1.0,
        1.0,
        1.0,
        1.0,
        1.0
      ],
      "failure_reason": [
        null,
        null,
        null,
        null,
        null,
        null,
        null
      ],
      "n_converged": 7,
      "n_total": 7
    },
    {
      "cs_label": "0.1",
      "cs_f_m2": 0.1,
      "wall_seconds": 10.753237962722778,
      "v_rhe": [
        0.6,
        0.66,
        0.68,
        0.7,
        0.75,
        0.8,
        1.0
      ],
      "phi_applied_hat": [
        23.353046886154537,
        25.688351574769992,
        26.466786470975144,
        27.245221367180292,
        29.191308607693173,
        31.137395848206054,
        38.921744810257564
      ],
      "cd_mA_cm2": [
        -6.0194401994881725e-05,
        -1.7528650895177663e-05,
        -1.6254070685596245e-05,
        -1.5687346795593575e-05,
        -1.5464409344624874e-05,
        -1.5446905850758134e-05,
        -1.543713331132982e-05
      ],
      "pc_mA_cm2": [
        1.544351034238569e-05,
        1.5552588389173443e-05,
        1.555259141944339e-05,
        1.5437816443769296e-05,
        1.5445422026571186e-05,
        1.5445445944695757e-05,
        1.5437139429697824e-05
      ],
      "converged": [
        true,
        true,
        true,
        true,
        true,
        true,
        true
      ],
      "method": [
        "cold",
        "cold",
        "cold",
        "warm<-+26.467",
        "warm<-+27.245",
        "warm<-+29.191",
        "warm<-+31.137"
      ],
      "z_achieved": [
        1.0,
        1.0,
        1.0,
        1.0,
        1.0,
        1.0,
        1.0
      ],
      "failure_reason": [
        null,
        null,
        null,
        null,
        null,
        null,
        null
      ],
      "n_converged": 7,
      "n_total": 7
    },
    {
      "cs_label": "0.2",
      "cs_f_m2": 0.2,
      "wall_seconds": 10.50359034538269,
      "v_rhe": [
        0.6,
        0.66,
        0.68,
        0.7,
        0.75,
        0.8,
        1.0
      ],
      "phi_applied_hat": [
        23.353046886154537,
        25.688351574769992,
        26.466786470975144,
        27.245221367180292,
        29.191308607693173,
        31.137395848206054,
        38.921744810257564
      ],
      "cd_mA_cm2": [
        -3.358209147281727e-05,
        -1.6342119393078984e-05,
        -1.5716986098920154e-05,
        -1.5536749665083433e-05,
        -1.5452905536446815e-05,
        -1.5446017090689728e-05,
        -1.5435858310298087e-05
      ],
      "pc_mA_cm2": [
        1.5443620340779587e-05,
        1.5552591101032402e-05,
        1.543781546877084e-05,
        1.543780643285459e-05,
        1.54454376283134e-05,
        1.5445446844314594e-05,
        1.5435866847688638e-05
      ],
      "converged": [
        true,
        true,
        true,
        true,
        true,
        true,
        true
      ],
      "method": [
        "cold",
        "cold",
        "warm<-+25.688",
        "warm<-+26.467",
        "warm<-+27.245",
        "warm<-+29.191",
        "warm<-+31.137"
      ],
      "z_achieved": [
        1.0,
        1.0,
        1.0,
        1.0,
        1.0,
        1.0,
        1.0
      ],
      "failure_reason": [
        null,
        null,
        null,
        null,
        null,
        null,
        null
      ],
      "n_converged": 7,
      "n_total": 7
    },
    {
      "cs_label": "0.4",
      "cs_f_m2": 0.4,
      "wall_seconds": 11.243309736251831,
      "v_rhe": [
        0.6,
        0.66,
        0.68,
        0.7,
        0.75,
        0.8,
        1.0
      ],
      "phi_applied_hat": [
        23.353046886154537,
        25.688351574769992,
        26.466786470975144,
        27.245221367180292,
        29.191308607693173,
        31.137395848206054,
        38.921744810257564
      ],
      "cd_mA_cm2": [
        -2.2878561038781117e-05,
        -1.5871169611276143e-05,
        -1.554997331970884e-05,
        -1.5477396155516002e-05,
        -1.544058819062367e-05,
        -1.5445670968137176e-05,
        -1.5431303421865146e-05
      ],
      "pc_mA_cm2": [
        1.544372270384411e-05,
        1.555259226911236e-05,
        1.543782008840272e-05,
        1.5437808067884678e-05,
        1.5437626796165858e-05,
        1.544544652836398e-05,
        1.5431315250042432e-05
      ],
      "converged": [
        true,
        true,
        true,
        true,
        true,
        true,
        true
      ],
      "method": [
        "cold",
        "cold",
        "warm<-+25.688",
        "warm<-+26.467",
        "warm<-+27.245",
        "warm<-+29.191",
        "warm<-+31.137"
      ],
      "z_achieved": [
        1.0,
        1.0,
        1.0,
        1.0,
        1.0,
        1.0,
        1.0
      ],
      "failure_reason": [
        null,
        null,
        null,
        null,
        null,
        null,
        null
      ],
      "n_converged": 7,