{
  "theta": [
    -3.68327646668887,
    -13.537374774885187,
    0.5499855248013807,
    0.2854405505612447
  ],
  "J": 1483.8459256290712,
  "v_ocp_rhe": 1.019,
  "l_eff_um": 15.4,
  "n_coll": 0.224,
  "wall_s": 633.6877131462097,
  "n_used": 30,
  "retried_walk": false,
  "grid_mode": "bins",
  "chi2_raw": 44515.37776887213,
  "score_disk": 763.9474876788411,
  "score_ring": 719.8984379502301,
  "cd_model": {
    "0.13169659": -5.282561308392816,
    "0.14643302": -5.240567253448302,
    "0.16116944": -5.171322501513668,
    "0.17590586": -5.055081367008251,
    "0.19064228": -4.861130059996263,
    "0.2053787": -4.54778286831953,
    "0.22011513": -4.073303891736299,
    "0.23485155": -3.425224390917887,
    "0.24958797": -2.6572923979320473,
    "0.26432439": -1.8878889953515876,
    "0.27906081": -1.236771339149408,
    "0.29379724": -0.7602034562820665,
    "0.30853366": -0.4471238241173496,
    "0.32327008": -0.25581392551290033,
    "0.3380065": -0.14399370006720394,
    "0.35274292": -0.08032351070621259,
    "0.36747935": -0.04459259372215716,
    "0.38221577": -0.024697792325564592,
    "0.39695219": -0.013667021713389961,
    "0.41168861": -0.007561745204172339,
    "0.42642503": -0.004185396000815286,
    "0.44116146": -0.0023180205351528292,
    "0.45589788": -0.0012847503738232099,
    "0.4706343": -0.0007127260421141405,
    "0.48537072": -0.0003957562141136918,
    "0.50010714": -0.00021998587421191907,
    "0.51484357": -0.00012240850212181034,
    "0.52957999": -6.819191735727503e-05,
    "0.54431641": -3.803300573378071e-05,
    "0.55905283": -2.1237156421244806e-05
  },
  "pc_model": {
    "0.13169659": -0.38589071766541516,
    "0.14643302": -0.3908577232528374,
    "0.16116944": -0.39376737281614294,
    "0.17590586": -0.3929534053031718,
    "0.19064228": -0.3857449069023387,
    "0.2053787": -0.36837368786341546,
    "0.22011513": -0.3367718360279169,
    "0.23485155": -0.2890367546680328,
    "0.24958797": -0.22885063283741527,
    "0.26432439": -0.1659250813317326,
    "0.27906081": -0.11092314049839931,
    "0.29379724": -0.06957165127630476,
    "0.30853366": -0.041751588359145796,
    "0.32327008": -0.02437154623652881,
    "0.3380065": -0.013995469879492286,
    "0.35274292": -0.007964182642701573,
    "0.36747935": -0.0045100889561761025,
    "0.38221577": -0.0025478480868393327,
    "0.39695219": -0.001437969257869414,
    "0.41168861": -0.000811382855061508,
    "0.42642503": -0.0004579671029803539,
    "0.44116146": -0.00025862747865993183,
    "0.45589788": -0.00014615085080166507,
    "0.4706343": -8.265975130627282e-05,
    "0.48537072": -4.6789900840322357e-05,
    "0.50010714": -2.6511496046851843e-05,
    "0.51484357": -1.5035870730470125e-05,
    "0.52957999": -8.536661471665112e-06,
    "0.54431641": -4.8519280167830075e-06,
    "0.55905283": -2.7606335910593413e-06
  }
}