{
  "config": {
    "v_rhe_grid": [
      0.55,
      -0.2
    ],
    "v_anchor": 0.55,
    "lambda_ladder": [
      0.0,
      0.25,
      0.5,
      0.75,
      1.0
    ],
    "k0_initial_scales": [
      1e-12,
      1e-09,
      1e-06,
      0.001,
      1.0
    ],
    "smoke_kinetics": {
      "k_hyd_nondim": 0.001,
      "k_prot_nondim": 0.001,
      "k_des_nondim": 1.0,
      "delta_ohp_hat": 4e-06,
      "gamma_max_nondim": 0.047,
      "r_H_El_pm": 200.98
    },
    "stern_capacitance_f_m2": 0.1,
    "l_eff_m": 1.6e-05,
    "perturb_fraction": 0.05,
    "run_perturbation": false,
    "sigma_abs_min_C_per_m2": 0.0001,
    "mesh": {
      "Nx": 8,
      "Ny": 80,
      "beta": 3.0,
      "domain_height_hat": 0.15999999999999998
    },
    "electrode_marker": 3,
    "mesh_dof_count": 3645,
    "wall_seconds": 468.11856293678284
  },
  "i_lim_4e_mA_cm2": 5.4996639753,
  "electrode_area_nondim": 1.0,
  "domain_height_hat": 0.15999999999999998,
  "per_v_records": [
    {
      "v_rhe": 0.55,
      "phi_applied_eta": 21.406959645641663,
      "lambda_zero_converged": true,
      "cd_mA_cm2": -0.5882577729304558,
      "pc_mA_cm2": 0.2914403586722854,
      "c_H_surface_nondim": 4.171457854416571e-07,
      "c_K_surface_nondim": 51.9046401849496,
      "gamma_at_lambda_zero": 0.0,
      "lambda_zero_sigma_S_C_per_m2": 0.05206471656326137,
      "lambda_zero_sigma_S_counts_per_pm2": 3.249624008888234e-07,
      "lambda_zero_R_2e_current_nondim": -6.432416683905916e-10,
      "lambda_zero_R_4e_current_nondim": 0.6624049207783185,
      "lambda_one_converged": true,
      "lambda_one_wall_seconds": 12.51726222038269,
      "gamma": 0.024664039038282144,
      "gamma_max": 0.047,
      "theta": 0.5247667880485563,
      "lambda_hydrolysis": 1.0,
      "k_hyd": 0.001,
      "k_prot": 0.001,
      "k_des": 1.0,
      "delta_ohp_hat": 4e-06,
      "F0_avg": 0.051904238086301145,
      "forward_avg_no_k_hyd": 51.90423808630114,
      "c_H_avg": 4.1821882607428005e-07,
      "pka_shift_avg": 0.0,
      "R_forward_capped": 0.02466661777964535,
      "denominator_constant": 0.0,
      "denominator_kdes": 1.0,
      "denominator_kprot": 0.00010455470651857002,
      "denominator_cap": 1.1043454911978967,
      "denominator_total": 2.1044500459044153,
      "numerator": 0.051904238086301145,
      "sigma_S_C_per_m2": 0.05206473014087938,
      "sigma_S_counts_per_pm2": 3.2496248563364945e-07,
      "R_2e_current_nondim": -6.426965327889409e-10,
      "R_4e_current_nondim": 0.668515585514861,
      "cd_observable_nondim": 1.3370311703870215,
      "R_net_unperturbed": 0.024664039038282144,
      "sigma_S_unperturbed": 0.05206473014087938,
      "C_s_unperturbed": 0.1,
      "perturbation_converged": false,
      "perturbation_skipped": true,
      "o2_flux_levich_ratio": 0.10696249357954629,
      "dRnet_dsigma_along_voltage": -0.22786337247712823,
      "S_minus": null,
      "S_plus": null,
      "sigma_S_delta_two_sided": null,
      "R_net_delta_two_sided": null,
      "dRnet_dsigma_along_stern_capacitance": null,
      "sigma_S_delta_one_sided_minus": null,
      "sigma_S_delta_one_sided_plus": null,
      "log_step_denominator": null,
      "dRnet_dlogCs": null,
      "dsigma_dlogCs": null,
      "two_sided_gap_threshold": 0.0001,
      "per_side_gap_threshold": 5e-05,
      "two_sided_gap_ok": false,
      "per_side_gap_ok": false,
      "one_sided_disagreement": null,
      "sensitivity_floor": 1e-12,
      "primary_valid": false,
      "fallback_valid": false,
      "path_mismatch_relative": null,
      "locked_sigma_neg_filter_passed": false,
      "locked_current_filter_passed": true,
      "locked_branch_filter_passed": false,
      "locked_three_filters_passed": false,
      "locked_current_filter_passes_but_o2_transport_limited": false
    },
    {
      "v_rhe": -0.2,
      "phi_applied_eta": -7.784348962051514,
      "lambda_zero_converged": true,
      "cd_mA_cm2": -5.531715520129823,
      "pc_mA_cm2": 2.765857538855994,
      "c_H_surface_nondim": 9.669017969772749e-09,
      "c_K_surface_nondim": 305.57564043837357,
      "gamma_at_lambda_zero": 0.0,
      "lambda_zero_sigma_S_C_per_m2": -0.018462525606310242,
      "lambda_zero_sigma_S_counts_per_pm2": -1.1523402110924958e-07,
      "lambda_zero_R_2e_current_nondim": 3.096585444659577e-15,
      "lambda_zero_R_4e_current_nondim": 6.286423932621092,
      "lambda_one_converged": true,
      "lambda_one_wall_seconds": 38.749130964279175,
      "gamma": 0.040734608637159726,
      "gamma_max": 0.047,
      "theta": 0.8666938007906325,
      "lambda_hydrolysis": 1.0,
      "k_hyd": 0.001,
      "k_prot": 0.001,
      "k_des": 1.0,
      "delta_ohp_hat": 4e-06,
      "F0_avg": 0.30557249043400875,
      "forward_avg_no_k_hyd": 305.5724904340087,
      "c_H_avg": 9.68665634460227e-09,
      "pka_shift_avg": -5.255604844216422e-06,
      "R_forward_capped": 0.04073470728269851,
      "denominator_constant": 0.0,
      "denominator_kdes": 1.0,
      "denominator_kprot": 2.421664086150568e-06,
      "denominator_cap": 6.50154234965976,
      "denominator_total": 7.501544771323847,
      "numerator": 0.30557249043400875,
      "sigma_S_C_per_m2": -0.018462487218245168,
      "sigma_S_counts_per_pm2": -1.1523378150979306e-07,
      "R_2e_current_nondim": 3.0854264806046824e-15,
      "R_4e_current_nondim": 6.286424435399306,
      "cd_observable_nondim": 12.572848870798683,
      "R_net_unperturbed": 0.040734608637159726,
      "sigma_S_unperturbed": -0.018462487218245168,
      "C_s_unperturbed": 0.1,
      "perturbation_converged": false,
      "perturbation_skipped": true,
      "o2_flux_levich_ratio": 1.0058279096638894,
      "dRnet_dsigma_along_voltage": -0.22786337247712823,
      "S_minus": null,
      "S_plus": null,
      "sigma_S_delta_two_sided": null,
      "R_net_delta_two_sided": null,
      "dRnet_dsigma_along_stern_capacitance": null,
      "sigma_S_delta_one_sided_minus": null,
      "sigma_S_delta_one_sided_plus": null,
      "log_step_denominator": null,
      "dRnet_dlogCs": null,
      "dsigma_dlogCs": null,
      "two_sided_gap_threshold": 0.0001,
      "per_side_gap_threshold": 5e-05,
      "two_sided_gap_ok": false,
      "per_side_gap_ok": false,
      "one_sided_disagreement": null,
      "sensitivity_floor": 1e-12,
      "primary_valid": false,
      "fallback_valid": false,
      "path_mismatch_relative": null,
      "locked_sigma_neg_filter_passed": true,
      "locked_current_filter_passed": false,
      "locked_branch_filter_passed": false,
      "locked_three_filters_passed": false,
      "locked_current_filter_passes_but_o2_transport_limited": false
    }
  ],
  "v_kin_decision": {
    "v_kin": null,
    "score": null,
    "abort_to_v10c": false,
    "no_valid_stern_capacitance_sensitivity": true,
    "no_candidate_passed_locked_rule": false,
    "fallback_used": false,
    "per_v_decisions": [
      {
        "v_rhe": 0.55,
        "phi_applied_eta": 21.406959645641663,
        "lambda_zero_converged": true,
        "cd_mA_cm2": -0.5882577729304558,
        "pc_mA_cm2": 0.2914403586722854,
        "c_H_surface_nondim": 4.171457854416571e-07,
        "c_K_surface_nondim": 51.9046401849496,
        "gamma_at_lambda_zero": 0.0,
        "lambda_zero_sigma_S_C_per_m2": 0.05206471656326137,
        "lambda_zero_sigma_S_counts_per_pm2": 3.249624008888234e-07,
        "lambda_zero_R_2e_current_nondim": -6.432416683905916e-10,
        "lambda_zero_R_4e_current_nondim": 0.6624049207783185,
        "lambda_one_converged": true,
        "lambda_one_wall_seconds": 12.51726222038269,
        "gamma": 0.024664039038282144,
        "gamma_max": 0.047,
        "theta": 0.5247667880485563,
        "lambda_hydrolysis": 1.0,
        "k_hyd": 0.001,
        "k_prot": 0.001,
        "k_des": 1.0,
        "delta_ohp_hat": 4e-06,
        "F0_avg": 0.051904238086301145,
        "forward_avg_no_k_hyd": 51.90423808630114,
        "c_H_avg": 4.1821882607428005e-07,
        "pka_shift_avg": 0.0,