{
  "label": "jithin_emulation_fig436",
  "config": {
    "topology": "single_tafel_R2e_only",
    "alpha_tafel": 1.0,
    "alpha_times_n_e": 2.0,
    "A_tafel_mV_dec": 29.58,
    "alpha_jithin_target": 1.1290076335877863,
    "A_tafel_jithin_target_mV_dec": 26.2,
    "n_electrons_tafel": 2,
    "counterions": [
      "Cs+",
      "SO4(2-)"
    ],
    "stern_anchor": 0.1,
    "stern_target": 1.16,
    "stern_bump_ladder": [
      0.2,
      0.35,
      0.5,
      0.7,
      0.85,
      1.0,
      1.16
    ],
    "stern_note": "Jithin L_Stern = 0.6 nm \u2192 C_S = 1.16 F/m\u00b2 reached via verified bump ladder [0.2, 0.35, 0.5, 0.7, 0.85, 1.0, 1.16].",
    "l_eff_m": 1e-05,
    "d_o2_phys_jithin_m2_s": 1.5e-09,
    "k0_r2e_jithin_factor": 1e-25,
    "C_SCALE_mol_m3": 1.2,
    "c_o2_mol_m3": 0.25,
    "c_hp_mol_m3": 10.0,
    "c_cs_mol_m3": 190.0,
    "c_so4_mol_m3": 100.0,
    "v_h_nm3": 0.175616,
    "v_o2_nm3": 0.064,
    "v_h2o2_nm3": 0.16638,
    "v_cs_nm3": 0.28489,
    "v_so4_nm3": 0.43552,
    "enable_cation_hydrolysis": false,
    "enable_water_ionization": false,
    "v_rhe_grid": [
      -0.4,
      -0.3604,
      -0.3208,
      -0.2812,
      -0.2417,
      -0.2021,
      -0.1625,
      -0.1229,
      -0.0833,
      -0.0437,
      -0.0042,
      0.0354,
      0.075,
      0.1146,
      0.1542,
      0.1938,
      0.2333,
      0.2729,
      0.3125,
      0.3521,
      0.3917,
      0.4313,
      0.4708,
      0.5104,
      0.55
    ],
    "anchor_v_rhe": 0.55,
    "mesh": {
      "Nx": 8,
      "Ny": 80,
      "beta": 3.0,
      "domain_height_hat": 0.1
    },
    "formulation": "logc_muh",
    "initializer": "debye_boltzmann",
    "exponent_clip": 100.0,
    "packing_floor": 1e-15,
    "bv_steric_activity": true,
    "u_clamp": 100.0,
    "n_substeps_warm": 8,
    "bisect_depth_warm": 5
  },
  "k0_targets": {
    "0": 1.2631578947368422e-28
  },
  "v_rhe": [
    -0.4,
    -0.3604,
    -0.3208,
    -0.2812,
    -0.2417,
    -0.2021,
    -0.1625,
    -0.1229,
    -0.0833,
    -0.0437,
    -0.0042,
    0.0354,
    0.075,
    0.1146,
    0.1542,
    0.1938,
    0.2333,
    0.2729,
    0.3125,
    0.3521,
    0.3917,
    0.4313,
    0.4708,
    0.5104,
    0.55
  ],
  "phi_applied_hat": [
    -15.568697924103027,
    -14.027396829616826,
    -12.486095735130625,
    -10.944794640644428,
    -9.407385720639253,
    -7.866084626153054,
    -6.324783531666855,
    -4.783482437180655,
    -3.242181342694455,
    -1.7008802482082557,
    -0.16347132820308177,
    1.3778297662831178,
    2.919130860769317,
    4.460431955255516,
    6.001733049741716,
    7.543034144227916,
    9.08044306423309,
    10.621744158719288,
    12.163045253205489,
    13.70434634769169,
    15.245647442177887,
    16.786948536664088,
    18.32435745666926,
    19.86565855115546,
    21.406959645641663
  ],
  "cd_mA_cm2": [
    -0.7203772183489853,
    -0.718101709964627,
    -0.7121245336507854,
    -0.6938364879142118,
    -0.6299360065256585,
    -0.4266067503575659,
    -0.1315547334927848,
    -0.017464579439952558,
    -0.001467224811712335,
    -9.325035996679153e-05,
    -4.7480414841650675e-06,
    -1.80069823124153e-07,
    -4.386783744726725e-09,
    -6.07879382762193e-11,
    -4.704560637464724e-13,
    -2.133356239409277e-15,
    -6.123277714257675e-18,
    -1.1446659770625214e-20,
    -1.5171630692655184e-23,
    -1.5616448123371442e-26,
    -1.356782716734584e-29,
    -1.0300501155552979e-32,
    -6.763405901373127e-36,
    -3.443781185081451e-39,
    -1.279913830538024e-42
  ],
  "pc_mA_cm2": [
    -0.7203772183489853,
    -0.718101709964627,
    -0.7121245336507854,
    -0.6938364879142118,
    -0.6299360065256585,
    -0.4266067503575659,
    -0.1315547334927848,
    -0.017464579439952558,
    -0.001467224811712335,
    -9.325035996679153e-05,
    -4.7480414841650675e-06,
    -1.80069823124153e-07,
    -4.386783744726725e-09,
    -6.07879382762193e-11,
    -4.704560637464724e-13,
    -2.133356239409277e-15,
    -6.123277714257675e-18,
    -1.1446659770625214e-20,
    -1.5171630692655184e-23,
    -1.5616448123371442e-26,
    -1.356782716734584e-29,
    -1.0300501155552979e-32,
    -6.763405901373127e-36,
    -3.443781185081451e-39,
    -1.279913830538024e-42
  ],
  "c_O2_OHP_nondim": [
    3.648752135794226e-05,
    0.00011559650365089346,
    0.0004228229676922109,
    0.0018122660496143834,
    0.008830277741156443,
    0.04040129810796171,
    0.10762550190982353,
    0.15902977588652373,
    0.1875471382072968,
    0.20356601643244865,
    0.20855329432636374,
    0.19886837835530466,
    0.16949150429238155,
    0.12495448346579756,
    0.07920280543937551,
    0.04369225531892354,
    0.02137003868950053,
    0.00937603508270853,
    0.0037648226255263227,
    0.0014184838101436762,
    0.0005140252858300237,
    0.00018135445886573583,
    6.20803025349383e-05,
    2.0093397337089523e-05,
    6.011404723247681e-06
  ],
  "c_H2O2_OHP_nondim": [
    0.008477368506017671,
    0.014990305277849298,
    0.02534580429387665,
    0.040119417832535476,
    0.05580840736650703,
    0.05427405214549703,
    0.02242028596723198,
    0.0037622680033159855,
    0.00044735647949579804,
    0.00012231786501459756,
    0.00010138898937057002,
    9.550323381782695e-05,
    8.13568855780004e-05,
    5.997816190085996e-05,
    3.801734666124173e-05,
    2.0972282554438385e-05,
    1.0257618571551792e-05,
    4.500496839950436e-06,
    1.8071148603474166e-06,
    6.80872228902359e-07,
    2.467321372097782e-07,
    8.705014025938958e-08,
    2.979854521805786e-08,
    9.644830722224259e-09,
    2.8854742529970566e-09
  ],
  "c_H_OHP_nondim": [
    202.0968697093515,
    201.15534523496308,
    195.69892202356723,
    183.34914522346006,
    162.53496465500825,
    133.48854717254454,
    99.21127818207307,
    65.12110848096145,
    37.33195602878651,
    18.948222027293387,
    9.022248960723493,
    4.31357558668603,
    2.084650538959663,
    0.9625131525245433,
    0.4042327465424222,
    0.15076550077717393,
    0.049600530092249746,
    0.014301809716438654,
    0.0036694928844894573,
    0.0008596559458608027,
    0.00018863321239545448,
    3.909096227131124e-05,
    7.572227905813794e-06,
    1.3208053930394985e-06,
    2.0215205240810206e-07
  ],
  "phi_OHP_nondim": [
    -6.655202143049047,
    -5.999134953457798,
    -5.369642315051578,
    -4.761596377646609,
    -4.167935183088944,
    -3.572862578198853,
    -2.960642237416176,
    -2.3108564047653917,
    -1.6053726910085895,
    -0.8448733110327646,
    -0.07836877369835202,
    0.6123458720833417,
    1.1833517868729695,
    1.6632892182727428,
    2.0991072278979095,
    2.527792712630694,
    2.9722201532701495,
    3.4474686101543566,
    3.957184274558404,
    4.502581134293678,
    5.084914585481594,
    5.705930749062398,
    6.364415349018171,
    7.061374068863362,
    7.790065441615281
  ],
  "converged": [
    true,
    true,
    true,
    true,
    true,
    true,
    true,
    true,
    true,
    true,
    true,
    true,
    true,
    true,
    true,
    true,
    true,
    true,
    true,
    true,
    true,
    true,
    true,
    true,
    true
  ],
  "method": [
    "warm<--14.027",
    "warm<--12.486",
    "warm<--10.945",
    "warm<--9.407",
    "warm<--7.866",
    "warm<--6.325",
    "warm<--4.783",
    "warm<--3.242",
    "warm<--1.701",
    "warm<--0.163",
    "warm<-+1.378",
    "warm<-+2.919",
    "warm<-+4.460",
    "warm<-+6.002",
    "warm<-+7.543",
    "warm<-+9.080",
    "warm<-+10.622",
    "warm<-+12.163",
    "warm<-+13.704",
    "warm<-+15.246",
    "warm<-+16.787",
    "warm<-+18.324",
    "warm<-+19.866",
    "warm<-+21.407",
    "warm<-+21.407"
  ],
  "n_converged": 25,
  "n_total": 25,
  "anchor": {
    "v_rhe": 0.55,
    "phi_applied_eta": 21.406959645641663,
    "stern_anchor_f_m2": 0.1,
    "stern_target_f_m2": 1.16,
    "stern_bump_ladder": [
      0.2,
      0.35,
      0.5,
      0.7,
      0.85,
      1.0,
      1.16
    ],