{
  "factor": 1e-15,
  "k0_targets": {
    "0": 0.0012631578947368421,
    "1": 1.2631578947368422e-18
  },
  "v_rhe": [
    -0.4,
    -0.3604,
    -0.3208,
    -0.2812,
    -0.2417,
    -0.2021,
    -0.1625,
    -0.1229,
    -0.0833,
    -0.0437,
    -0.0042,
    0.0354,
    0.075,
    0.1146,
    0.1542,
    0.1938,
    0.2333,
    0.2729,
    0.3125,
    0.3521,
    0.3917,
    0.4313,
    0.4708,
    0.5104,
    0.55
  ],
  "phi_applied_hat": [
    -15.568697924103027,
    -14.027396829616826,
    -12.486095735130625,
    -10.944794640644428,
    -9.407385720639253,
    -7.866084626153054,
    -6.324783531666855,
    -4.783482437180655,
    -3.242181342694455,
    -1.7008802482082557,
    -0.16347132820308177,
    1.3778297662831178,
    2.919130860769317,
    4.460431955255516,
    6.001733049741716,
    7.543034144227916,
    9.08044306423309,
    10.621744158719288,
    12.163045253205489,
    13.70434634769169,
    15.245647442177887,
    16.786948536664088,
    18.32435745666926,
    19.86565855115546,
    21.406959645641663
  ],
  "cd_mA_cm2": [
    -0.08984570002325924,
    -0.08984566836082646,
    -0.08984563187420394,
    -0.08984558996470873,
    -0.0898455422922089,
    -0.08984548844440036,
    -0.08984542885182287,
    -0.08984536435301343,
    -0.08984529568882627,
    -0.08984522131639891,
    -0.08984513269285747,
    -0.08984500372046017,
    -0.0898447730413614,
    -0.08984430097729654,
    -0.08984326879929343,
    -0.08984093875946501,
    -0.08983562142557469,
    -0.08982336801323601,
    -0.0897951957503202,
    -0.08973058785778726,
    -0.08958286911437476,
    -0.08924623238414779,
    -0.0884849795910511,
    -0.08676504368330314,
    -0.0829311555737009
  ],
  "pc_mA_cm2": [
    -0.08979521194794686,
    -0.08974507933065747,
    -0.08964624717214484,
    -0.08945285222379841,
    -0.08907957117380728,
    -0.08836629291735278,
    -0.08703856861077651,
    -0.08466380317700826,
    -0.08067763242531387,
    -0.07457907949978929,
    -0.06631528512338929,
    -0.056429655804083,
    -0.04600033399270777,
    -0.03609406382118895,
    -0.027435601795932633,
    -0.02033225328781051,
    -0.014786008505432996,
    -0.010582653557826411,
    -0.007486846964632796,
    -0.005249389145571148,
    -0.003654373614609463,
    -0.002528369422003251,
    -0.0017400650838702613,
    -0.0011866182277093745,
    -0.0007977964637656513
  ],
  "converged": [
    true,
    true,
    true,
    true,
    true,
    true,
    true,
    true,
    true,
    true,
    true,
    true,
    true,
    true,
    true,
    true,
    true,
    true,
    true,
    true,
    true,
    true,
    true,
    true,
    true
  ],
  "method": [
    "warm<--14.027",
    "warm<--12.486",
    "warm<--10.945",
    "warm<--9.407",
    "warm<--7.866",
    "warm<--6.325",
    "warm<--4.783",
    "warm<--3.242",
    "warm<--1.701",
    "warm<--0.163",
    "warm<-+1.378",
    "warm<-+2.919",
    "warm<-+4.460",
    "warm<-+6.002",
    "warm<-+7.543",
    "warm<-+9.080",
    "warm<-+10.622",
    "warm<-+12.163",
    "warm<-+13.704",
    "warm<-+15.246",
    "warm<-+16.787",
    "warm<-+18.324",
    "warm<-+19.866",
    "warm<-+21.407",
    "warm<-+21.407"
  ],
  "n_converged": 25,
  "n_total": 25,
  "anchor": {
    "v_rhe": 0.55,
    "phi_applied_eta": 21.406959645641663,
    "stern_mode": "two_stage",
    "stern_anchor_f_m2": 0.1,
    "stern_baseline_f_m2": 0.2,
    "converged": true,
    "wall_seconds": 19.4844651222229,
    "ladder_history": [
      [
        1e-12,
        "ok"
      ],
      [
        1e-09,
        "ok"
      ],
      [
        1e-06,
        "ok"
      ],
      [
        0.001,
        "ok"
      ],
      [
        1.0,
        "fail"
      ],
      [
        0.03162277660168379,
        "ok"
      ],
      [
        1.0,
        "ok"
      ]
    ]
  },
  "grid_wall_seconds": 591.5911300182343,
  "config": {
    "K0_R4e_factor": 1e-15,
    "K0_R2e_basis_m_s": 2.4e-08,
    "alpha_R2e": 0.627,
    "alpha_R4e": 0.5,
    "E_eq_R2e_V": 0.695,
    "E_eq_R4e_V": 1.23,
    "n_electrons_R2e": 2,
    "n_electrons_R4e": 4,
    "stern_mode": "two_stage",
    "stern_anchor_f_m2": 0.1,
    "stern_baseline_f_m2": 0.2,
    "l_eff_m": 0.0001,
    "mesh_Nx": 8,
    "mesh_Ny": 80,
    "mesh_beta": 3.0,
    "exponent_clip": 100.0,
    "u_clamp": 100.0,
    "n_substeps_warm": 8,
    "bisect_depth_warm": 5,
    "initializer": "debye_boltzmann",
    "formulation": "logc_muh",
    "v_rhe_grid_n": 25,
    "v_rhe_grid_min": -0.4,
    "v_rhe_grid_max": 0.55,
    "anchor_v_rhe": 0.55,
    "counterions": [
      "Cs+",
      "SO4(2-)"
    ],
    "a_vals_hat_dynamic": {
      "O2_r_A": 1.7,
      "H2O2_r_A": 2.0,
      "Hp_r_A_H3Op_Stokes": 2.8,
      "O2_a_nondim": 1.487193648106637e-05,
      "H2O2_a_nondim": 2.4216464858239555e-05,
      "Hp_a_nondim": 6.644997957100934e-05
    },
    "enable_water_ionization": false,
    "enable_cation_hydrolysis": false,
    "lambda_hydrolysis": 0.0
  }
}