{
  "l_eff_m": 0.0001,
  "ratio": 1e-30,
  "k0_targets": {
    "0": 0.0012631578947368421,
    "1": 1.2631578947368422e-33
  },
  "v_rhe": [
    -0.4,
    -0.3208,
    -0.2417,
    -0.1625,
    -0.0833,
    -0.0042,
    0.075,
    0.1542,
    0.2333,
    0.3125,
    0.3917,
    0.4708,
    0.55
  ],
  "phi_applied_hat": [
    -15.568697924103027,
    -12.486095735130625,
    -9.407385720639253,
    -6.324783531666855,
    -3.242181342694455,
    -0.16347132820308177,
    2.919130860769317,
    6.001733049741716,
    9.08044306423309,
    12.163045253205489,
    15.245647442177887,
    18.32435745666926,
    21.406959645641663
  ],
  "cd_mA_cm2": [
    -0.08986577389602174,
    -0.08986571009997109,
    -0.08986564750669539,
    -0.08986556899446127,
    -0.08986547458994099,
    -0.08986535107412262,
    -0.0898649621620927,
    -0.08986245225082565,
    -0.08984488038836404,
    -0.08971656966578535,
    -0.08878444489680079,
    -0.08235164132092343,
    -0.04933726942188106
  ],
  "pc_mA_cm2": [
    -0.08986577389602128,
    -0.08986571009997091,
    -0.08986564750669501,
    -0.08986556899446109,
    -0.08986547458994079,
    -0.08986535107412252,
    -0.08986496216209253,
    -0.08986245225082495,
    -0.08984488038836043,
    -0.0897165696657691,
    -0.08878444489672967,
    -0.0823516413206528,
    -0.049337269421477564
  ],
  "j_ring_mA_cm2": [
    0.020129933352708768,
    0.020129919062393482,
    0.020129905041499682,
    0.020129887454759285,
    0.020129866308146737,
    0.020129838640603446,
    0.020129751524308726,
    0.02012918930418479,
    0.020125253206992738,
    0.02009651160513228,
    0.019887715656867446,
    0.018446767655826226,
    0.011051548350410974
  ],
  "S_H2O2_percent": [
    99.99999999999974,
    99.9999999999999,
    99.99999999999979,
    99.99999999999989,
    99.9999999999999,
    99.99999999999993,
    99.9999999999999,
    99.99999999999962,
    99.999999999998,
    99.99999999999093,
    99.99999999995994,
    99.99999999983568,
    99.99999999959108
  ],
  "n_e_rrde": [
    2.000000000000005,
    2.000000000000002,
    2.000000000000004,
    2.0000000000000018,
    2.000000000000002,
    2.000000000000001,
    2.000000000000002,
    2.0000000000000075,
    2.00000000000004,
    2.000000000000181,
    2.000000000000801,
    2.0000000000032863,
    2.0000000000081783
  ],
  "surface_pH_proxy": [
    14.140058093156922,
    13.362729525415045,
    12.587580842272379,
    11.811337834581872,
    11.03347396662281,
    10.253601975083766,
    9.468786877372644,
    8.67955830977305,
    7.886921732805854,
    7.089387442030105,
    6.290424518260233,
    5.506418938992582,
    4.828450033947717
  ],
  "c_H_surface_nondim": [
    6.036158856561673e-12,
    3.6148412420123954e-11,
    2.1539613772321048e-10,
    1.2867107204443305e-09,
    7.715157340048408e-09,
    4.6474719673168235e-08,
    2.8315998234574375e-07,
    1.742851739333084e-06,
    1.0811775547034091e-05,
    6.783148296428852e-05,
    0.00042696692695980707,
    0.002596568683951395,
    0.012369972097409854
  ],
  "N_collection_used": 0.224,
  "converged": [
    true,
    true,
    true,
    true,
    true,
    true,
    true,
    true,
    true,
    true,
    true,
    true,
    true
  ],
  "method": [
    "warm<--12.486",
    "warm<--9.407",
    "warm<--6.325",
    "warm<--3.242",
    "warm<--0.163",
    "warm<-+2.919",
    "warm<-+6.002",
    "warm<-+9.080",
    "warm<-+12.163",
    "warm<-+15.246",
    "warm<-+18.324",
    "warm<-+21.407",
    "warm<-+21.407"
  ],
  "n_converged": 13,
  "n_total": 13,
  "anchor": {
    "v_rhe": 0.55,
    "phi_applied_eta": 21.406959645641663,
    "converged": true,
    "ladder_history": [
      [
        1e-12,
        "ok"
      ],
      [
        1e-09,
        "ok"
      ],
      [
        1e-06,
        "ok"
      ],
      [
        0.001,
        "ok"
      ],
      [
        1.0,
        "fail"
      ],
      [
        0.03162277660168379,
        "ok"
      ],
      [
        1.0,
        "ok"
      ]
    ],
    "wall_seconds": 116.39730310440063
  },
  "grid_wall_seconds": 380.8490159511566,
  "config": {
    "l_eff_m": 0.0001,
    "domain_height_hat": 1.0,
    "ratio_K0_R4e_to_K0_R2e": 1e-30,
    "mesh_Nx": 8,
    "mesh_Ny": 80,
    "mesh_beta": 3.0,
    "exponent_clip": 100.0,
    "u_clamp": 100.0,
    "stern_capacitance_f_m2": 0.1,
    "ic": "debye_boltzmann",
    "formulation": "logc_muh",
    "initial_scales": [
      1e-12,
      1e-09,
      1e-06,
      0.001,
      1.0
    ],
    "max_inserts_per_step": 4,
    "ic_at_target": true,
    "n_substeps_warm": 8,
    "bisect_depth_warm": 5,
    "v_rhe_grid_n": 13,
    "v_rhe_grid_min": -0.4,
    "v_rhe_grid_max": 0.55,
    "anchor_v_rhe": 0.55,
    "n_collection": 0.224
  }
}