{
  "50": {
    "fim": {
      "n_residuals": 22,
      "n_params": 4,
      "singular_values": [
        6016.169813513981,
        144.83779964706574,
        0.7742139614586776,
        0.21582639537133122
      ],
      "fim_eigenvalues": [
        0.04658103712403822,
        0.5994072563395711,
        20977.98820660368,
        36194299.22503682
      ],
      "fim_diagonal": [
        2824.996257809413,
        2803.8515861828064,
        11701093.77063751,
        24508555.24075022
      ],
      "condition_number": 777017890.9640183,
      "weak_eigvec": {
        "log_k0_1": 0.9986764466476441,
        "log_k0_2": 0.043324352426841455,
        "alpha_1": -0.026515481086445213,
        "alpha_2": -0.008079892374551508
      },
      "weak_eigvec_canonical_ridge_cos": 0.04348642313314897,
      "ridge_breaking_score": 0.956513576866851
    },
    "sigma_cd": 0.0036034317137906956,
    "sigma_pc": 3.135697795508112e-05,
    "dPC_dalpha2_per_v": [
      NaN,
      NaN,
      0.15521053620848324,
      0.002783648366689649,
      2.1619330207044878e-05,
      1.6666789144279253e-07,
      7.493784052629371e-09,
      -1.3907576262503496e-09,
      1.3825961249903755e-10,
      -2.8620126796654374e-08,
      3.3173714372291413e-07,
      0.00047319902053618814,
      4.0433903269145204e-08
    ],
    "dR2_dalpha2_per_v": [
      NaN,
      NaN,
      0.422621058519812,
      0.007588385532997233,
      5.891629212273486e-05,
      4.378589157916224e-07,
      2.5761337507645976e-08,
      -1.0717121634584714e-08,
      8.016113814401926e-10,
      -1.5611885258680607e-07,
      1.8095862705020576e-06,
      0.002581252564082625,
      2.2056203861223318e-07
    ],
    "S_cd_raw": [
      [
        -2.4212337412787832e-06,
        2.4213382271431882e-06,
        -0.00017546692557268706,
        0.0002589488236337534
      ],
      [
        -3.138991844231498e-08,
        1.4029180595009905e-08,
        -1.9053339461727603e-06,
        1.4103314349700469e-06
      ],
      [
        -2.619734984499189e-06,
        1.0762224444960111e-10,
        -0.00013867179279869468,
        1.8008788904566586e-08
      ],
      [
        -0.00046947256399088033,
        -6.536438057480609e-12,
        -0.018854616424118786,
        6.12870865168702e-09
      ],
      [
        -0.004011350530172542,
        -4.246603069191224e-12,
        -0.1655902369937512,
        -1.9520496330471815e-09
      ],
      [
        -0.016233798455771165,
        7.2624545266464224e-09,
        -0.6065737798045118,
        2.5383861679273423e-09
      ],
      [
        -0.0019071807125187277,
        2.949992680689739e-10,
        -0.06370675652817666,
        -1.5564589547767405e-10
      ],
      [
        -1.881591662609061e-06,
        -1.7319217559190364e-05,
        -5.565854309503733e-05,
        2.8619955153897942e-08
      ],
      [
        -5.942649326730505e-12,
        -1.5436034849732386e-05,
        -1.2952712632931934e-10,
        -3.3173728449978996e-07
      ],
      [
        2.8497122467763952e-11,
        -1.1881630024612562e-05,
        3.992968539904933e-10,
        -0.0004732024286531097
      ],
      [
        2.2641632933183547e-09,
        -4.4018509116445167e-10,
        1.4100028307181403e-08,
        -4.043390326914727e-08
      ]
    ],
    "S_pc_raw": [
      [
        -0.0016599580868202667,
        0.0016599581170210435,
        -0.10710782573706179,
        0.15521053620848324
      ],
      [
        -2.783609825441571e-05,
        2.7836099515655816e-05,
        -0.0016901595076572586,
        0.002783648366689649
      ],
      [
        -2.1626083751539083e-07,
        2.1626217063005332e-07,
        -1.144721869949207e-05,
        2.1619330207044878e-05
      ],
      [
        -1.7888325572873974e-09,
        1.7346704584905726e-09,
        -4.4698696123162936e-08,
        1.6666789144279253e-07
      ],
      [
        -1.3124436856992413e-09,
        7.496970709161555e-11,
        -5.153316882177219e-08,
        7.493784052629371e-09
      ],
      [
        -4.84377554748781e-09,
        -7.250984150470306e-09,
        -1.8098627707535176e-07,
        -1.3907576262503496e-09
      ],
      [
        -3.5483351113862593e-10,
        -2.951733299515029e-10,
        -1.791998090511942e-08,
        1.3825961249903755e-10
      ],
      [
        -1.881591662607367e-06,
        1.731921755918867e-05,
        -5.565854309505427e-05,
        -2.8620126796654374e-08
      ],
      [
        -5.942649326730505e-12,
        1.543603484973408e-05,
        -1.2952712632931934e-10,
        3.3173714372291413e-07
      ],
      [
        2.8497121620731005e-11,
        1.1881630024613409e-05,
        3.9929683704983433e-10,
        0.00047319902053618814
      ],
      [
        2.2641632933183547e-09,
        4.4018509116496866e-10,
        1.4100028307178301e-08,
        4.0433903269145204e-08
      ]
    ],
    "S_r2_raw": [
      [
        -0.0045208312561551,
        0.0045208310537059315,
        -0.2916515244169582,
        0.422621058519812
      ],
      [
        -7.583565561630756e-05,
        7.588301009775478e-05,
        -0.004604610889524796,
        0.007588385532997233
      ],
      [
        6.555329751245509e-06,
        5.895479937567671e-07,
        0.0003469973081093869,
        5.891629212273486e-05
      ],
      [
        0.0012804530713783624,
        4.749006743409723e-09,
        0.051424701063285116,
        4.378589157916224e-07
      ],
      [
        0.010940711748175236,
        2.1635471192382738e-10,
        0.451637189666787,
        2.5761337507645976e-08
      ],
      [
        0.04427668768000603,
        -3.958441907592203e-08,
        1.6543927089243682,
        -1.0717121634584714e-08
      ],
      [
        0.005201718776597954,
        -1.6096594543379972e-09,
        0.17375626645818598,
        8.016113814401926e-10
      ],
      [
        0.0,
        9.447423135471614e-05,
        0.0,
        -1.5611885258680607e-07
      ],
      [
        0.0,
        8.420169806225183e-05,
        0.0,
        1.8095862705020576e-06
      ],
      [
        0.0,
        6.481285081039499e-05,
        0.0,
        0.002581252564082625
      ],
      [
        0.0,
        2.4011562877739972e-09,
        0.0,
        2.2056203861223318e-07
      ]
    ],
    "v_used": [
      false,
      false,
      true,
      true,
      true,
      true,
      true,
      true,
      true,
      true,
      true,
      true,
      true
    ],
    "n_used": 11
  }
}