V_RHE,observable,param,adjoint,fd,rel_err,verdict
0.3,cd,log_k0_1,-3.762755036890343e-06,-3.76465424533926e-06,0.0005044841637895874,PASS
0.3,cd,log_k0_2,-5.265029089387085e-13,7.223802857602498e-09,1.0000728844514886,FAIL
0.3,cd,alpha_1,-0.0001113042734103115,-0.00011178122117246475,0.0042667968479014745,PASS
0.3,cd,alpha_2,-5.265029026160978e-11,6.956825060988569e-08,1.0007568149234751,FAIL
0.3,pc,log_k0_1,-1.2367081145283256e-12,2.6416123225615285e-10,1.0046816412233008,FAIL
0.3,pc,log_k0_2,5.246744740690605e-13,-7.2238045746060445e-09,1.0000726313217156,FAIL
0.3,pc,alpha_1,-3.65824765977802e-11,6.892070161818995e-08,1.0005307908326362,FAIL
0.3,pc,alpha_2,5.246744660117264e-11,-6.956842283878892e-08,1.000754184793333,FAIL
