{
  "factor": 1e-12,
  "k0_targets": {
    "0": 0.0012631578947368421,
    "1": 1.2631578947368421e-15
  },
  "v_rhe": [
    -0.4,
    -0.3604,
    -0.3208,
    -0.2812,
    -0.2417,
    -0.2021,
    -0.1625,
    -0.1229,
    -0.0833,
    -0.0437,
    -0.0042,
    0.0354,
    0.075,
    0.1146,
    0.1542,
    0.1938,
    0.2333,
    0.2729,
    0.3125,
    0.3521,
    0.3917,
    0.4313,
    0.4708,
    0.5104,
    0.55
  ],
  "phi_applied_hat": [
    -15.568697924103027,
    -14.027396829616826,
    -12.486095735130625,
    -10.944794640644428,
    -9.407385720639253,
    -7.866084626153054,
    -6.324783531666855,
    -4.783482437180655,
    -3.242181342694455,
    -1.7008802482082557,
    -0.16347132820308177,
    1.3778297662831178,
    2.919130860769317,
    4.460431955255516,
    6.001733049741716,
    7.543034144227916,
    9.08044306423309,
    10.621744158719288,
    12.163045253205489,
    13.70434634769169,
    15.245647442177887,
    16.786948536664088,
    18.32435745666926,
    19.86565855115546,
    21.406959645641663
  ],
  "cd_mA_cm2": [
    -1.4977088912946996,
    -1.497704739040338,
    -1.4976997137838026,
    -1.4976934039741978,
    -1.497685158088677,
    -1.4976737845413008,
    -1.4976572647726372,
    -1.4976319295342237,
    -1.4975913974680939,
    -1.4975265770445518,
    -1.4974327615915561,
    -1.4973225280530913,
    -1.4972173930541146,
    -1.4971217103840833,
    -1.4970228872502067,
    -1.4968902345965918,
    -1.496645029184571,
    -1.4960452375711775,
    -1.4942931491516758,
    -1.488624671166708,
    -1.4691820878631079,
    -1.4002935245837036,
    -1.1605632340828103,
    -0.4936508709309467,
    -0.012850355394804846
  ],
  "pc_mA_cm2": [
    -0.12708763899769138,
    -0.1048927380906138,
    -0.08569631834687108,
    -0.06942642962318095,
    -0.0559492511752255,
    -0.04496512369318406,
    -0.03623580830346826,
    -0.02945769389328618,
    -0.024296942914837277,
    -0.020349738404375328,
    -0.017085161120344628,
    -0.013942104369467818,
    -0.010814264838796796,
    -0.00797046449890509,
    -0.005629658849450825,
    -0.0038405435050046987,
    -0.0025481989306673464,
    -0.0016483068268440687,
    -0.0010440879519148891,
    -0.0006490892684483923,
    -0.00039586661070295097,
    -0.0002346329353615226,
    -0.0001290940891213519,
    -5.053292565649211e-05,
    -4.549738719403745e-06
  ],
  "converged": [
    true,
    true,
    true,
    true,
    true,
    true,
    true,
    true,
    true,
    true,
    true,
    true,
    true,
    true,
    true,
    true,
    true,
    true,
    true,
    true,
    true,
    true,
    true,
    true,
    true
  ],
  "method": [
    "warm<--14.027",
    "warm<--12.486",
    "warm<--10.945",
    "warm<--9.407",
    "warm<--7.866",
    "warm<--6.325",
    "warm<--4.783",
    "warm<--3.242",
    "warm<--1.701",
    "warm<--0.163",
    "warm<-+1.378",
    "warm<-+2.919",
    "warm<-+4.460",
    "warm<-+6.002",
    "warm<-+7.543",
    "warm<-+9.080",
    "warm<-+10.622",
    "warm<-+12.163",
    "warm<-+13.704",
    "warm<-+15.246",
    "warm<-+16.787",
    "warm<-+18.324",
    "warm<-+19.866",
    "warm<-+21.407",
    "warm<-+21.407"
  ],
  "n_converged": 25,
  "n_total": 25,
  "anchor": {
    "v_rhe": 0.55,
    "phi_applied_eta": 21.406959645641663,
    "stern_anchor_f_m2": 0.1,
    "stern_final_f_m2": 1.38,
    "stern_bump_ladder": [
      0.2,
      0.5,
      1.0,
      1.38
    ],
    "stern_bump_history": [
      [
        0.2,
        "ok"
      ],
      [
        0.5,
        "ok"
      ],
      [
        1.0,
        "ok"
      ],
      [
        1.38,
        "ok"
      ]
    ],
    "converged": true,
    "wall_seconds": 49.39045810699463,
    "ladder_history": [
      [
        1e-12,
        "ok"
      ],
      [
        1e-09,
        "ok"
      ],
      [
        1e-06,
        "ok"
      ],
      [
        0.001,
        "ok"
      ],
      [
        1.0,
        "ok"
      ]
    ]
  },
  "grid_wall_seconds": 584.4287848472595,
  "config": {
    "K0_R4e_factor": 1e-12,
    "K0_R2e_basis_m_s": 2.4e-08,
    "alpha_R2e": 0.627,
    "alpha_R4e": 0.5,
    "E_eq_R2e_V": 0.695,
    "E_eq_R4e_V": 1.23,
    "n_electrons_R2e": 2,
    "n_electrons_R4e": 4,
    "stern_mode": "bump_ladder",
    "stern_anchor_f_m2": 0.1,
    "stern_final_f_m2": 1.38,
    "l_eff_m": 6e-06,
    "mesh_Nx": 8,
    "mesh_Ny": 80,
    "mesh_beta": 3.0,
    "exponent_clip": 100.0,
    "u_clamp": 100.0,
    "n_substeps_warm": 8,
    "bisect_depth_warm": 5,
    "initializer": "debye_boltzmann",
    "formulation": "logc_muh",
    "v_rhe_grid_n": 25,
    "v_rhe_grid_min": -0.4,
    "v_rhe_grid_max": 0.55,
    "anchor_v_rhe": 0.55,
    "counterions": [
      "Cs+",
      "SO4(2-)"
    ],
    "a_vals_hat_dynamic": {
      "O2_r_A": 1.7,
      "H2O2_r_A": 2.0,
      "Hp_r_A_H3Op_Stokes": 2.8,
      "O2_a_nondim": 1.487193648106637e-05,
      "H2O2_a_nondim": 2.4216464858239555e-05,
      "Hp_a_nondim": 6.644997957100934e-05
    },
    "enable_water_ionization": false,
    "enable_cation_hydrolysis": false,
    "lambda_hydrolysis": 0.0
  }
}