V_RHE,observable,param,adjoint,fd,rel_err,verdict
0.3,cd,log_k0_1,-3.762708072492596e-06,-1.881591662609061e-06,0.9997474198387618,FAIL
0.3,cd,log_k0_2,1.6347024891393993e-13,-1.7319217559190364e-05,1.0000000094386625,FAIL
0.3,cd,alpha_1,-0.00011130288417872028,-5.565854309503733e-05,0.9997448368109435,FAIL
0.3,cd,alpha_2,1.6347025598978628e-11,2.8619955153897942e-08,0.9994288242063596,FAIL
0.3,pc,log_k0_1,-1.9590382701368157e-12,-1.881591662607367e-06,0.9999989588398434,FAIL
0.3,pc,log_k0_2,-1.653863474475332e-13,1.731921755918867e-05,1.0000000095492967,FAIL
0.3,pc,alpha_1,-5.794938260417454e-11,-5.565854309505427e-05,0.9999989588411881,FAIL
0.3,pc,alpha_2,-1.6538635767327144e-11,-2.8620126796654374e-08,0.999422132687083,FAIL
