{
  "l_eff_m": 6.6e-05,
  "ratio": 1e-18,
  "k0_targets": {
    "0": 0.0012631578947368421,
    "1": 1.2631578947368422e-21
  },
  "v_rhe": [
    -0.4,
    -0.3208,
    -0.2417,
    -0.1625,
    -0.0833,
    -0.0042,
    0.075,
    0.1542,
    0.2333,
    0.3125,
    0.3917,
    0.4708,
    0.55
  ],
  "phi_applied_hat": [
    -15.568697924103027,
    -12.486095735130625,
    -9.407385720639253,
    -6.324783531666855,
    -3.242181342694455,
    -0.16347132820308177,
    2.919130860769317,
    6.001733049741716,
    9.08044306423309,
    12.163045253205489,
    15.245647442177887,
    18.32435745666926,
    21.406959645641663
  ],
  "cd_mA_cm2": [
    -0.13616061100499902,
    -0.13616047032422102,
    -0.1361602968748559,
    -0.13616010029119066,
    -0.13615990354842616,
    -0.13615967118683062,
    -0.13615908264306772,
    -0.1361554177298078,
    -0.1361274951188203,
    -0.1359265187869128,
    -0.13467141228372137,
    -0.12786552910807727,
    -0.09590888183493261
  ],
  "pc_mA_cm2": [
    -0.1361605370943226,
    -0.13616015646573768,
    -0.13615896975772143,
    -0.13615447820593046,
    -0.13613601591293525,
    -0.1360578288754641,
    -0.1357221952895484,
    -0.13429567586309424,
    -0.12867639286001942,
    -0.11150676658741693,
    -0.08004448574336968,
    -0.04679661459353649,
    -0.021551412338002177
  ],
  "j_ring_mA_cm2": [
    0.030499960309128264,
    0.03049987504832524,
    0.030499609225729602,
    0.030498603118128423,
    0.030494467564497498,
    0.030476953668103962,
    0.030401771744858842,
    0.03008223139333311,
    0.02882351200064435,
    0.02497751571558139,
    0.01792996480651481,
    0.010482441668952173,
    0.004827516363712488
  ],
  "S_H2O2_percent": [
    99.99997285900234,
    99.9998847467094,
    99.99951266131447,
    99.99793544462759,
    99.99122732520627,
    99.96258788970466,
    99.83930951154805,
    99.31235557526976,
    97.18618094482198,
    90.13077316475331,
    74.5585086887887,
    53.585297422527994,
    36.69565531016362
  ],
  "n_e_rrde": [
    2.000000542819953,
    2.0000023050658116,
    2.000009746773711,
    2.000041291107448,
    2.0001754534958742,
    2.0007482422059066,
    2.003213809769039,
    2.0137528884946048,
    2.0562763811035607,
    2.197384536704934,
    2.508829826224226,
    2.9282940515494404,
    3.266086893796728
  ],
  "surface_pH_proxy": [
    14.04149948896804,
    13.265288727699197,
    12.491607729340602,
    11.717154345929334,
    10.94127994925538,
    10.163454725359006,
    9.380884456863091,
    8.595475644518203,
    7.814038259522881,
    7.051182730470026,
    6.328009787355004,
    5.647928924613333,
    5.018204757122936
  ],
  "c_H_surface_nondim": [
    7.573894737702164e-12,
    4.524077398189127e-11,
    2.686649577289311e-10,
    1.5983224810385064e-09,
    9.539789781206927e-09,
    5.7195785477221154e-08,
    3.4668439780096245e-07,
    2.1151594376558926e-06,
    1.2787348295270757e-05,
    7.406892191676814e-05,
    0.00039156959924049737,
    0.0018745189248074803,
    0.007991236740357158
  ],
  "N_collection_used": 0.224,
  "converged": [
    true,
    true,
    true,
    true,
    true,
    true,
    true,
    true,
    true,
    true,
    true,
    true,
    true
  ],
  "method": [
    "warm<--12.486",
    "warm<--9.407",
    "warm<--6.325",
    "warm<--3.242",
    "warm<--0.163",
    "warm<-+2.919",
    "warm<-+6.002",
    "warm<-+9.080",
    "warm<-+12.163",
    "warm<-+15.246",
    "warm<-+18.324",
    "warm<-+21.407",
    "warm<-+21.407"
  ],
  "n_converged": 13,
  "n_total": 13,
  "anchor": {
    "v_rhe": 0.55,
    "phi_applied_eta": 21.406959645641663,
    "converged": true,
    "ladder_history": [
      [
        1e-12,
        "ok"
      ],
      [
        1e-09,
        "ok"
      ],
      [
        1e-06,
        "ok"
      ],
      [
        0.001,
        "ok"
      ],
      [
        1.0,
        "fail"
      ],
      [
        0.03162277660168379,
        "ok"
      ],
      [
        1.0,
        "ok"
      ]
    ],
    "wall_seconds": 40.268852949142456
  },
  "grid_wall_seconds": 371.3847408294678,
  "config": {
    "l_eff_m": 6.6e-05,
    "domain_height_hat": 0.66,
    "ratio_K0_R4e_to_K0_R2e": 1e-18,
    "mesh_Nx": 8,
    "mesh_Ny": 80,
    "mesh_beta": 3.0,
    "exponent_clip": 100.0,
    "u_clamp": 100.0,
    "stern_capacitance_f_m2": 0.1,
    "ic": "debye_boltzmann",
    "formulation": "logc_muh",
    "initial_scales": [
      1e-12,
      1e-09,
      1e-06,
      0.001,
      1.0
    ],
    "max_inserts_per_step": 4,
    "ic_at_target": true,
    "n_substeps_warm": 8,
    "bisect_depth_warm": 5,
    "v_rhe_grid_n": 13,
    "v_rhe_grid_min": -0.4,
    "v_rhe_grid_max": 0.55,
    "anchor_v_rhe": 0.55,
    "n_collection": 0.224
  }
}