{
  "factor": 1e-18,
  "k0_targets": {
    "0": 0.0012631578947368421,
    "1": 1.2631578947368422e-21
  },
  "v_rhe": [
    -0.4,
    -0.3604,
    -0.3208,
    -0.2812,
    -0.2417,
    -0.2021,
    -0.1625,
    -0.1229,
    -0.0833,
    -0.0437,
    -0.0042,
    0.0354,
    0.075,
    0.1146,
    0.1542,
    0.1938,
    0.2333,
    0.2729,
    0.3125,
    0.3521,
    0.3917,
    0.4313,
    0.4708,
    0.5104,
    0.55
  ],
  "phi_applied_hat": [
    -15.568697924103027,
    -14.027396829616826,
    -12.486095735130625,
    -10.944794640644428,
    -9.407385720639253,
    -7.866084626153054,
    -6.324783531666855,
    -4.783482437180655,
    -3.242181342694455,
    -1.7008802482082557,
    -0.16347132820308177,
    1.3778297662831178,
    2.919130860769317,
    4.460431955255516,
    6.001733049741716,
    7.543034144227916,
    9.08044306423309,
    10.621744158719288,
    12.163045253205489,
    13.70434634769169,
    15.245647442177887,
    16.786948536664088,
    18.32435745666926,
    19.86565855115546,
    21.406959645641663
  ],
  "cd_mA_cm2": [
    -1.4977059486580455,
    -1.4977017501950671,
    -1.497696687359991,
    -1.4976903477441097,
    -1.4976820791109304,
    -1.4976706866795095,
    -1.4976541500344982,
    -1.4976287793530905,
    -1.4975881115329779,
    -1.4975227239340665,
    -1.4974266738198998,
    -1.4973083143435246,
    -1.4971757747766392,
    -1.4969900727119765,
    -1.4965912451248085,
    -1.4954295370257502,
    -1.4916076109248104,
    -1.4784952673117588,
    -1.4334039018450808,
    -1.2816198331898203,
    -0.8277603252585083,
    -0.13038440097340342,
    -0.0037345905781670666,
    -0.0001294013935865356,
    -4.6827256355460965e-06
  ],
  "pc_mA_cm2": [
    -1.4974926596614568,
    -1.4973834701132809,
    -1.4972130674085677,
    -1.4969447378741827,
    -1.496522996676068,
    -1.4958629330197901,
    -1.49485611966926,
    -1.4933822220823278,
    -1.4913399979000197,
    -1.4886239832887784,
    -1.4848401439647005,
    -1.478534221891067,
    -1.4664414501411522,
    -1.4422644009465748,
    -1.394318198903385,
    -1.3043495392968645,
    -1.1551830717929246,
    -0.94732215655384,
    -0.7090544653340121,
    -0.47356846936350033,
    -0.2513568021399673,
    -0.05556895242320609,
    -0.0030709009306726883,
    -0.00012609877400893715,
    -4.668956689554377e-06
  ],
  "converged": [
    true,
    true,
    true,
    true,
    true,
    true,
    true,
    true,
    true,
    true,
    true,
    true,
    true,
    true,
    true,
    true,
    true,
    true,
    true,
    true,
    true,
    true,
    true,
    true,
    true
  ],
  "method": [
    "warm<--14.027",
    "warm<--12.486",
    "warm<--10.945",
    "warm<--9.407",
    "warm<--7.866",
    "warm<--6.325",
    "warm<--4.783",
    "warm<--3.242",
    "warm<--1.701",
    "warm<--0.163",
    "warm<-+1.378",
    "warm<-+2.919",
    "warm<-+4.460",
    "warm<-+6.002",
    "warm<-+7.543",
    "warm<-+9.080",
    "warm<-+10.622",
    "warm<-+12.163",
    "warm<-+13.704",
    "warm<-+15.246",
    "warm<-+16.787",
    "warm<-+18.324",
    "warm<-+19.866",
    "warm<-+21.407",
    "warm<-+21.407"
  ],
  "n_converged": 25,
  "n_total": 25,
  "anchor": {
    "v_rhe": 0.55,
    "phi_applied_eta": 21.406959645641663,
    "stern_anchor_f_m2": 0.1,
    "stern_final_f_m2": 1.38,
    "stern_bump_ladder": [
      0.2,
      0.5,
      1.0,
      1.38
    ],
    "stern_bump_history": [
      [
        0.2,
        "ok"
      ],
      [
        0.5,
        "ok"
      ],
      [
        1.0,
        "ok"
      ],
      [
        1.38,
        "ok"
      ]
    ],
    "converged": true,
    "wall_seconds": 46.15624499320984,
    "ladder_history": [
      [
        1e-12,
        "ok"
      ],
      [
        1e-09,
        "ok"
      ],
      [
        1e-06,
        "ok"
      ],
      [
        0.001,
        "ok"
      ],
      [
        1.0,
        "fail"
      ],
      [
        0.03162277660168379,
        "ok"
      ],
      [
        1.0,
        "ok"
      ]
    ]
  },
  "grid_wall_seconds": 567.7752346992493,
  "config": {
    "K0_R4e_factor": 1e-18,
    "K0_R2e_basis_m_s": 2.4e-08,
    "alpha_R2e": 0.627,
    "alpha_R4e": 0.5,
    "E_eq_R2e_V": 0.695,
    "E_eq_R4e_V": 1.23,
    "n_electrons_R2e": 2,
    "n_electrons_R4e": 4,
    "stern_mode": "bump_ladder",
    "stern_anchor_f_m2": 0.1,
    "stern_final_f_m2": 1.38,
    "l_eff_m": 6e-06,
    "mesh_Nx": 8,
    "mesh_Ny": 80,
    "mesh_beta": 3.0,
    "exponent_clip": 100.0,
    "u_clamp": 100.0,
    "n_substeps_warm": 8,
    "bisect_depth_warm": 5,
    "initializer": "debye_boltzmann",
    "formulation": "logc_muh",
    "v_rhe_grid_n": 25,
    "v_rhe_grid_min": -0.4,
    "v_rhe_grid_max": 0.55,
    "anchor_v_rhe": 0.55,
    "counterions": [
      "Cs+",
      "SO4(2-)"
    ],
    "a_vals_hat_dynamic": {
      "O2_r_A": 1.7,
      "H2O2_r_A": 2.0,
      "Hp_r_A_H3Op_Stokes": 2.8,
      "O2_a_nondim": 1.487193648106637e-05,
      "H2O2_a_nondim": 2.4216464858239555e-05,
      "Hp_a_nondim": 6.644997957100934e-05
    },
    "enable_water_ionization": false,
    "enable_cation_hydrolysis": false,
    "lambda_hydrolysis": 0.0
  }
}