phi_applied,target_observable,simulated_observable
0,0.1473729091093624,0.1874341976855742
0.02,0.1754453343498586,0.2065230401815542
0.04,0.2433474018816893,0.2650304966884907
