phi_applied,target_primary,simulated_primary,target_secondary,simulated_secondary
3.892174481025757,-0.1628871835711952,-0.1008316563783104,-7.761804176203133e-10,-1.542740727356644e-06
1.946087240512878,-0.1693587368036706,-0.1516988041674449,-8.62086793938113e-09,-5.122577971351935e-06
0,-0.1732967888652812,-0.169869952580198,-9.693677960702751e-08,-1.928310805747807e-05
-3.892174481025757,-0.1775288004344176,-0.1774574423794243,-1.248286977516554e-05,-0.0003127980066026235
-7.784348962051514,-0.1796789293695205,-0.1796877808727005,-0.001583758157366003,-0.004862590572486421
-11.67652344307727,-0.1813329993590229,-0.1812562712822721,-0.06499947154393076,-0.04241435108613294
-15.56869792410303,-0.1828290536501108,-0.1826711643658156,-0.1637409183531224,-0.1173208426371826
-19.46087240512878,-0.1839047658586455,-0.1838426438843818,-0.1811200868555184,-0.1628625779832414
