{
  "ratio": 1e-18,
  "k0_targets": {
    "0": 0.0012631578947368421,
    "1": 1.2631578947368422e-21
  },
  "v_rhe": [
    -0.4,
    -0.3604,
    -0.3208,
    -0.2812,
    -0.2417,
    -0.2021,
    -0.1625,
    -0.1229,
    -0.0833,
    -0.0437,
    -0.0042,
    0.0354,
    0.075,
    0.1146,
    0.1542,
    0.1938,
    0.2333,
    0.2729,
    0.3125,
    0.3521,
    0.3917,
    0.4313,
    0.4708,
    0.5104,
    0.55
  ],
  "phi_applied_hat": [
    -15.568697924103027,
    -14.027396829616826,
    -12.486095735130625,
    -10.944794640644428,
    -9.407385720639253,
    -7.866084626153054,
    -6.324783531666855,
    -4.783482437180655,
    -3.242181342694455,
    -1.7008802482082557,
    -0.16347132820308177,
    1.3778297662831178,
    2.919130860769317,
    4.460431955255516,
    6.001733049741716,
    7.543034144227916,
    9.08044306423309,
    10.621744158719288,
    12.163045253205489,
    13.70434634769169,
    15.245647442177887,
    16.786948536664088,
    18.32435745666926,
    19.86565855115546,
    21.406959645641663
  ],
  "cd_mA_cm2": [
    -0.0898657709081734,
    -0.08986574024625128,
    -0.08986570773559517,
    -0.08986567323120502,
    -0.08986563715679524,
    -0.08986559958195393,
    -0.08986556091629189,
    -0.08986551938607114,
    -0.08986547774740779,
    -0.08986543223217926,
    -0.08986537373461857,
    -0.08986527574982923,
    -0.08986506155415568,
    -0.08986451503311638,
    -0.08986303263375699,
    -0.08985893482380906,
    -0.08984769061284024,
    -0.08981715327864392,
    -0.0897364644953582,
    -0.08953046718793477,
    -0.08902414771392596,
    -0.0878231165049124,
    -0.08507373238387214,
    -0.0789615384977029,
    -0.06612662342786711
  ],
  "pc_mA_cm2": [
    -0.08986573921531577,
    -0.08986567484300836,
    -0.08986557286036101,
    -0.08986539521806584,
    -0.08986506524250526,
    -0.08986442073758687,
    -0.08986312983646376,
    -0.08986050164110944,
    -0.08985510916729562,
    -0.0898439769254881,
    -0.08982099212643747,
    -0.08977317266646885,
    -0.08967375464720492,
    -0.08946729427163362,
    -0.08904076952841947,
    -0.08817122468467402,
    -0.08645438338607934,
    -0.08322873387761252,
    -0.07771661037501598,
    -0.06947297941376858,
    -0.058932428934783,
    -0.04734420849993399,
    -0.03609769384916331,
    -0.02600418079131185,
    -0.017331685795045567
  ],
  "j_ring_mA_cm2": [
    0.020129925584230733,
    0.020129911164833873,
    0.020129888320720865,
    0.02012984852884675,
    0.02012977461432118,
    0.02012963024521946,
    0.020129341083367884,
    0.020128752367608516,
    0.02012754445347422,
    0.020125050831309332,
    0.020119902236321995,
    0.020109190677289022,
    0.020086921040973902,
    0.02004067391684593,
    0.019945132374365963,
    0.01975035432936698,
    0.019365781878481772,
    0.018643236388585206,
    0.01740852072400358,
    0.015561947388684163,
    0.013200864081391393,
    0.010605102703985214,
    0.008085883422212581,
    0.005824936497253855,
    0.003882297618090207
  ],
  "S_H2O2_percent": [
    99.99998236655465,
    99.99996361056697,
    99.99992495728418,
    99.9998453171499,
    99.99968179377129,
    99.99934410269081,
    99.9986473612989,
    99.99720811436596,
    99.9942307220947,
    99.98806111110612,
    99.97530051433317,
    99.94872863567217,
    99.89344537799771,
    99.77849955174001,
    99.54038813295196,
    99.05200885973781,
    98.07528797036063,
    96.19267495500645,
    92.82195676033609,
    87.38550125620276,
    79.66179033015257,
    70.05274166406191,
    59.58119825996048,
    49.54794949713327,
    41.53375728893227
  ],
  "n_e_rrde": [
    2.0000003526689074,
    2.0000007277886604,
    2.000001500854317,
    2.0000030936570017,
    2.000006364124575,
    2.0000131179461835,
    2.0000270527740223,
    2.0000558377126807,
    2.0001153855581064,
    2.000238777777877,
    2.0004939897133367,
    2.0010254272865566,
    2.002131092440046,
    2.0044300089651994,
    2.0091922373409608,
    2.0189598228052437,
    2.0384942405927875,
    2.0761465008998705,
    2.143560864793278,
    2.252289974875945,
    2.4067641933969486,
    2.5989451667187624,
    2.8083760348007902,
    3.009041010057335,
    3.169324854221354
  ],
  "surface_pH_proxy": [
    14.140058184938008,
    13.751175782320866,
    13.362729902226603,
    12.974590664728092,
    12.58758245237681,
    12.199570049943457,
    11.811344599984515,
    11.422715357695852,
    11.033502348032615,
    10.643549075722461,
    10.25372312511634,
    9.861980872149443,
    9.469309137799842,
    9.075819129904437,
    8.681809411812157,
    8.287913060201298,
    7.896330615923448,
    7.507144210709303,
    7.124275796395317,
    6.750758856233649,
    6.388446110709221,
    6.037530779130033,
    5.698435267158871,
    5.370406652495181,
    5.059871430801666
  ],
  "c_H_surface_nondim": [
    6.036157580917664e-12,
    1.4778929302924034e-11,
    3.6148381056304583e-11,
    8.835438112434983e-11,
    2.1539533916451997e-10,
    5.263185828340237e-10,
    1.2866906763298682e-09,
    3.1484978150781395e-09,
    7.714653166275425e-09,
    1.8935190477055512e-08,
    4.646175697438975e-08,
    1.1450854116398732e-07,
    2.8281967323130306e-07,
    6.998413901761844e-07,
    1.7338412941393012e-06,
    4.294431638452e-06,
    1.0580060180739756e-05,
    2.5922360334258955e-05,
    6.259547761936732e-05,
    0.0001479312400265256,
    0.00034070039983576984,
    0.0007643424407594817,
    0.0016687200603109236,
    0.003551502309765427,
    0.007260178912586059
  ],
  "N_collection_used": 0.224,
  "converged": [
    true,
    true,
    true,
    true,
    true,
    true,
    true,
    true,
    true,
    true,
    true,
    true,
    true,
    true,
    true,
    true,
    true,
    true,
    true,
    true,
    true,
    true,
    true,
    true,
    true
  ],
  "method": [
    "warm<--14.027",
    "warm<--12.486",
    "warm<--10.945",
    "warm<--9.407",
    "warm<--7.866",
    "warm<--6.325",
    "warm<--4.783",
    "warm<--3.242",
    "warm<--1.701",
    "warm<--0.163",
    "warm<-+1.378",
    "warm<-+2.919",
    "warm<-+4.460",
    "warm<-+6.002",
    "warm<-+7.543",
    "warm<-+9.080",
    "warm<-+10.622",
    "warm<-+12.163",
    "warm<-+13.704",
    "warm<-+15.246",
    "warm<-+16.787",
    "warm<-+18.324",
    "warm<-+19.866",
    "warm<-+21.407",
    "warm<-+21.407"
  ],
  "n_converged": 25,
  "n_total": 25,
  "anchor": {
    "v_rhe": 0.55,
    "phi_applied_eta": 21.406959645641663,
    "converged": true,
    "ladder_history": [
      [
        1e-12,
        "ok"
      ],
      [
        1e-09,
        "ok"
      ],
      [
        1e-06,
        "ok"
      ],
      [
        0.001,
        "ok"
      ],
      [
        1.0,
        "fail"
      ],
      [
        0.03162277660168379,
        "ok"
      ],
      [
        1.0,
        "ok"
      ]
    ],
    "wall_seconds": 2533.459416627884
  },
  "grid_wall_seconds": 494.6999077796936,
  "config": {
    "ratio_K0_R4e_to_K0_R2e": 1e-18,
    "mesh_Ny": 80,
    "exponent_clip": 100.0,
    "u_clamp": 100.0,
    "stern_capacitance_f_m2": 0.1,
    "ic": "debye_boltzmann",
    "formulation": "logc_muh",
    "initial_scales": [
      1e-12,
      1e-09,
      1e-06,
      0.001,
      1.0
    ],
    "max_inserts_per_step": 4,
    "ic_at_target": true,
    "n_substeps_warm": 8,
    "bisect_depth_warm": 5,
    "v_rhe_grid_n": 25,
    "v_rhe_grid_min": -0.4,
    "v_rhe_grid_max": 0.55
  }
}