{
  "label": "phase_D_bridge_no_hydrolysis_no_kw",
  "config": {
    "species_preset": "FOUR_SPECIES_LOGC_DYNAMIC_K2SO4",
    "stern_anchor": 0.1,
    "stern_baseline": 0.2,
    "l_eff_m": 1.6e-05,
    "k0_r4e_factor": 1e-14,
    "enable_cation_hydrolysis": false,
    "enable_water_ionization": false,
    "v_rhe_grid": [
      -0.5,
      -0.45,
      -0.4,
      -0.35,
      -0.3,
      -0.25,
      -0.2,
      -0.15,
      -0.1,
      -0.05,
      -0.0,
      0.05,
      0.1,
      0.15,
      0.2,
      0.25,
      0.3,
      0.35,
      0.4,
      0.45,
      0.5,
      0.55
    ],
    "anchor_v_rhe": 0.55,
    "mesh": {
      "Nx": 8,
      "Ny": 80,
      "beta": 3.0,
      "domain_height_hat": 0.15999999999999998
    },
    "formulation": "logc_muh",
    "initializer": "debye_boltzmann",
    "exponent_clip": 100.0,
    "u_clamp": 100.0,
    "n_substeps_warm": 8,
    "bisect_depth_warm": 5
  },
  "k0_targets": {
    "0": 0.0012631578947368421,
    "1": 1.2631578947368422e-17
  },
  "v_rhe": [
    -0.5,
    -0.45,
    -0.4,
    -0.35,
    -0.3,
    -0.25,
    -0.2,
    -0.15,
    -0.1,
    -0.05,
    -0.0,
    0.05,
    0.1,
    0.15,
    0.2,
    0.25,
    0.3,
    0.35,
    0.4,
    0.45,
    0.5,
    0.55
  ],
  "phi_applied_hat": [
    -19.460872405128782,
    -17.514785164615905,
    -15.568697924103027,
    -13.622610683590146,
    -11.676523443077269,
    -9.730436202564391,
    -7.784348962051514,
    -5.838261721538634,
    -3.892174481025757,
    -1.9460872405128784,
    -0.0,
    1.9460872405128784,
    3.892174481025757,
    5.838261721538634,
    7.784348962051514,
    9.730436202564391,
    11.676523443077269,
    13.622610683590146,
    15.568697924103027,
    17.514785164615905,
    19.460872405128782,
    21.406959645641663
  ],
  "cd_mA_cm2": [
    -0.5616907221303854,
    -0.5616928626584522,
    -0.5616990151784724,
    -0.561713127353094,
    -0.561739931002343,
    -0.561781076691083,
    -0.5618316423367503,
    -0.5618827563477967,
    -0.5619272193813882,
    -0.5619618539297051,
    -0.5619865558850097,
    -0.5620025241440703,
    -0.5620107325621609,
    -0.562010276665125,
    -0.5619950574820985,
    -0.5619447680921679,
    -0.5617991712111582,
    -0.5613852735309084,
    -0.5602123761406743,
    -0.5568981064761166,
    -0.5475848165405505,
    -0.5217550814830327
  ],
  "pc_mA_cm2": [
    -0.5580996862502838,
    -0.5532181966468254,
    -0.5422752040342163,
    -0.5195541600694871,
    -0.478205133172847,
    -0.4157724744729784,
    -0.33919568224139934,
    -0.261087821453606,
    -0.1917417346399422,
    -0.13578889866731148,
    -0.09347298019749727,
    -0.06289933376217449,
    -0.04155601707083624,
    -0.027052846315410158,
    -0.017405576887502702,
    -0.011094652929090901,
    -0.007019373528724597,
    -0.004413837070134578,
    -0.0027604199636459066,
    -0.0017165322343719923,
    -0.0010586275221673887,
    -0.0006418712565617741
  ],
  "j_ring_mA_cm2": [
    0.12501432972006357,
    0.12392087604888888,
    0.12146964570366445,
    0.1163801318555651,
    0.10711794983071773,
    0.09313303428194716,
    0.07597983282207345,
    0.058483672005607744,
    0.042950148559347055,
    0.03041671330147777,
    0.020937947564239386,
    0.014089450762727086,
    0.009308547823867318,
    0.006059837574651876,
    0.0038988492228006055,
    0.002485202256116362,
    0.0015723396704343097,
    0.0009886995037101454,
    0.000618334071856683,
    0.0003845032204993263,
    0.00023713256496549507,
    0.0001437791614698374
  ],
  "S_H2O2_percent": [
    99.67931178431019,
    99.23987963516053,
    98.24055572981509,
    96.10096709906935,
    91.96738359484885,
    85.06387685418983,
    75.29087586776721,
    63.45009858095099,
    50.88221655326817,
    38.92189242703286,
    28.521357933445707,
    20.13094791329982,
    13.770147906956327,
    9.185041554979188,
    6.008131802078642,
    3.872212808437592,
    2.468053685533236,
    1.560213505972394,
    0.9806583844717048,
    0.6145675803750693,
    0.3859072895606759,
    0.24574081192304942
  ],
  "n_e_rrde": [
    2.006413764313796,
    2.015202407296789,
    2.035188885403698,
    2.077980658018613,
    2.160652328103023,
    2.2987224629162033,
    2.4941824826446557,
    2.7309980283809803,
    2.982355668934637,
    3.221562151459343,
    3.4295728413310855,
    3.5973810417340037,
    3.7245970418608736,
    3.816299168900416,
    3.8798373639584276,
    3.9225557438312477,
    3.950638926289335,
    3.9687957298805525,
    3.9803868323105656,
    3.987708648392499,
    3.992281854208787,
    3.995085183761539
  ],
  "surface_pH_proxy": [
    14.4173020689186,
    13.945195330167842,
    13.47918798869558,
    13.022452953763397,
    12.579359396294139,
    12.153740519688847,
    11.746375363364509,
    11.354537978614195,
    10.97364324153534,
    10.598826606611432,
    10.2258357110323,
    9.851536974585562,
    9.474071667925584,
    9.09264797339392,
    8.707164120008922,
    8.317875545941911,
    7.925185221780163,
    7.52954581287391,
    7.131452919604522,
    6.731552264918978,
    6.330995913986225,
    5.932495446049767
  ],
  "c_H_surface_nondim": [
    3.1879880517317972e-12,
    9.454170358937616e-12,
    2.7645902068081465e-11,
    7.913448861384156e-11,
    2.1951255143031267e-10,
    5.848954383326832e-10,
    1.49431924816304e-09,
    3.683670493277316e-09,
    8.854733859055238e-09,
    2.0989019321620987e-08,
    4.9543084627056336e-08,
    1.172956157263815e-07,
    2.7973517907532423e-07,
    6.732413474893698e-07,
    1.6355153855005226e-06,
    4.008143003599676e-06,
    9.8999621041021e-06,
    2.4619143575130117e-05,
    6.156952943208413e-05,
    0.00015462029197654814,
    0.00038888647570870535,
    0.0009734716491829891
  ],
  "N_collection_used": 0.224,
  "converged": [
    true,
    true,
    true,
    true,
    true,
    true,
    true,
    true,
    true,
    true,
    true,
    true,
    true,
    true,
    true,
    true,
    true,
    true,
    true,
    true,
    true,
    true
  ],
  "method": [
    "warm<--17.515",
    "warm<--15.569",
    "warm<--13.623",
    "warm<--11.677",
    "warm<--9.730",
    "warm<--7.784",
    "warm<--5.838",
    "warm<--3.892",
    "warm<--1.946",
    "warm<--0.000",
    "warm<-+1.946",
    "warm<-+3.892",
    "warm<-+5.838",
    "warm<-+7.784",
    "warm<-+9.730",
    "warm<-+11.677",
    "warm<-+13.623",
    "warm<-+15.569",
    "warm<-+17.515",
    "warm<-+19.461",
    "warm<-+21.407",
    "warm<-+21.407"
  ],
  "n_converged": 22,
  "n_total": 22,
  "anchor": {
    "v_rhe": 0.55,
    "phi_applied_eta": 21.406959645641663,
    "stern_anchor_f_m2": 0.1,
    "stern_baseline_f_m2": 0.2,
    "ladder_history": [
      [
        1e-12,
        "ok"
      ],
      [
        1e-09,
        "ok"
      ],
      [
        1e-06,
        "ok"
      ],
      [
        0.001,
        "ok"
      ],
      [
        1.0,
        "ok"
      ]
    ]
  },
  "grid_wall_seconds": 953.474601984024
}