{
  "label": "yash_match_hydrolysis_on",
  "config": {
    "cation": "Cs+",
    "anion": "SO4(2-)",
    "pH_bulk": 4.0,
    "v_anchor": 0.55,
    "v_rhe_grid": [
      -0.4,
      -0.36,
      -0.32,
      -0.28,
      -0.24,
      -0.2,
      -0.16,
      -0.12,
      -0.08,
      -0.04,
      -0.0,
      0.04,
      0.08,
      0.12,
      0.15,
      0.19,
      0.23,
      0.27,
      0.31,
      0.35,
      0.39,
      0.43,
      0.47,
      0.51,
      0.55
    ],
    "k0_r4e_factor": 2.52e-18,
    "lambda_target": 1.0,
    "delta_beta_pm2": 0.0,
    "sigma_mapping": "stern",
    "stern_anchor_f_m2": 0.1,
    "stern_baseline_f_m2": 0.2,
    "l_eff_m": 6e-06,
    "enable_water_ionization": true,
    "enable_cation_hydrolysis": true,
    "i_scale_mA_cm2": 0.4399731180239999
  },
  "per_v_records": [
    {
      "v_rhe": -0.4,
      "snes_converged": true,
      "picard_status": "converged",
      "R_2e_current_nondim": 2.9062453684374896,
      "R_4e_current_nondim": 13.760444387657794,
      "cd_mA_cm2": -13.387121081761567,
      "pc_gross_mA_cm2": -1.2786698364942508,
      "gross_h2o2_pct": 17.437448053382212,
      "theta": 0.9225756412600582,
      "gamma_final": 0.04336105513922273,
      "sigma_S_C_per_m2": -0.036859935542266326,
      "pka_shift_avg": -1.592766517409906e-05,
      "mass_balance_residual_rel": 1.1810883240693154e-15
    },
    {
      "v_rhe": -0.36,
      "snes_converged": true,
      "picard_status": "converged",
      "R_2e_current_nondim": 6.262942406345237,
      "R_4e_current_nondim": 10.403507793955786,
      "cd_mA_cm2": -11.910053823511845,
      "pc_gross_mA_cm2": -2.755526298524447,
      "gross_h2o2_pct": 37.578142502307536,
      "theta": 0.9137611831383261,
      "gamma_final": 0.04294677560750133,
      "sigma_S_C_per_m2": -0.03316667116229388,
      "pka_shift_avg": -1.4331756836815763e-05,
      "mass_balance_residual_rel": 5.905441620346577e-16
    },
    {
      "v_rhe": -0.32,
      "snes_converged": true,
      "picard_status": "converged",
      "R_2e_current_nondim": 10.163505095414857,
      "R_4e_current_nondim": 6.501073571628437,
      "cd_mA_cm2": -10.192264246508044,
      "pc_gross_mA_cm2": -4.471669026882485,
      "gross_h2o2_pct": 60.98867123184287,
      "theta": 0.9038182602744688,
      "gamma_final": 0.04247945823290003,
      "sigma_S_C_per_m2": -0.029479616714257046,
      "pka_shift_avg": -1.2738531893172995e-05,
      "mass_balance_residual_rel": 1.033452283560651e-15
    },
    {
      "v_rhe": -0.28,
      "snes_converged": true,
      "picard_status": "converged",
      "R_2e_current_nondim": 13.374926761760353,
      "R_4e_current_nondim": 3.2769752141526145,
      "cd_mA_cm2": -8.768170236030537,
      "pc_gross_mA_cm2": -5.884608230714343,
      "gross_h2o2_pct": 80.32071520182637,
      "theta": 0.8926637043318193,
      "gamma_final": 0.04195519410359551,
      "sigma_S_C_per_m2": -0.02579735037096977,
      "pka_shift_avg": -1.1147375952857211e-05,
      "mass_balance_residual_rel": 2.2145406076299666e-15
    },
    {
      "v_rhe": -0.24,
      "snes_converged": true,
      "picard_status": "converged",
      "R_2e_current_nondim": 15.265590084175736,
      "R_4e_current_nondim": 1.3017330470198283,
      "cd_mA_cm2": -7.861904362875475,
      "pc_gross_mA_cm2": -6.716449267811054,
      "gross_h2o2_pct": 92.1427678043611,
      "theta": 0.8802356235072882,
      "gamma_final": 0.04137107430484255,
      "sigma_S_C_per_m2": -0.022118202912457696,
      "pka_shift_avg": -9.557567723862281e-06,
      "mass_balance_residual_rel": 1.4763604050866443e-16
    },
    {
      "v_rhe": -0.2,
      "snes_converged": true,
      "picard_status": "converged",
      "R_2e_current_nondim": 15.590798083857973,
      "R_4e_current_nondim": 0.43635852919428686,
      "cd_mA_cm2": -7.243504090769562,
      "pc_gross_mA_cm2": -6.859532045437596,
      "gross_h2o2_pct": 97.27738026320324,
      "theta": 0.8664985706580263,
      "gamma_final": 0.040725432820927235,
      "sigma_S_C_per_m2": -0.018440378005400444,
      "pka_shift_avg": -7.968330986825706e-06,
      "mass_balance_residual_rel": 8.858162430519866e-16
    },
    {
      "v_rhe": -0.16,
      "snes_converged": true,
      "picard_status": "converged",
      "R_2e_current_nondim": 13.66923907127386,
      "R_4e_current_nondim": 0.15591366475291626,
      "cd_mA_cm2": -6.151293377651637,
      "pc_gross_mA_cm2": -6.014097735203845,
      "gross_h2o2_pct": 98.87224634888392,
      "theta": 0.8514458352491348,
      "gamma_final": 0.040017954256709336,
      "sigma_S_C_per_m2": -0.014762107675547807,
      "pka_shift_avg": -6.378901776713918e-06,
      "mass_balance_residual_rel": 1.32872436457798e-15
    },
    {
      "v_rhe": -0.12,
      "snes_converged": true,
      "picard_status": "converged",
      "R_2e_current_nondim": 10.018442756346325,
      "R_4e_current_nondim": 0.0747539907847379,
      "cd_mA_cm2": -4.473624990075253,
      "pc_gross_mA_cm2": -4.407845497254648,
      "gross_h2o2_pct": 99.2593625918767,
      "theta": 0.8351262861468792,
      "gamma_final": 0.039250935448903325,
      "sigma_S_C_per_m2": -0.011081258478641238,
      "pka_shift_avg": -4.788358204073842e-06,
      "mass_balance_residual_rel": 2.9527208101732886e-16
    },
    {
      "v_rhe": -0.08,
      "snes_converged": true,
      "picard_status": "converged",
      "R_2e_current_nondim": 6.886108266328188,
      "R_4e_current_nondim": 0.04938214906951582,
      "cd_mA_cm2": -3.0731561611889333,
      "pc_gross_mA_cm2": -3.029702524987253,
      "gross_h2o2_pct": 99.28797898761592,
      "theta": 0.8176630095493258,
      "gamma_final": 0.03843016144881831,
      "sigma_S_C_per_m2": -0.007395253041021472,
      "pka_shift_avg": -3.195586551692749e-06,
      "mass_balance_residual_rel": 5.905441620346577e-16
    },
    {
      "v_rhe": -0.04,
      "snes_converged": true,
      "picard_status": "converged",
      "R_2e_current_nondim": 4.9828189892924275,
      "R_4e_current_nondim": 0.04486097276504964,
      "cd_mA_cm2": -2.2317816513982427,
      "pc_gross_mA_cm2": -2.1923064072681853,
      "gross_h2o2_pct": 99.10772019890679,
      "theta": 0.7992165187073176,
      "gamma_final": 0.037563176379243925,
      "sigma_S_C_per_m2": -0.003701892591124317,
      "pka_shift_avg": -1.599636701325626e-06,
      "mass_balance_residual_rel": 1.4763604050866443e-16
    },
    {
      "v_rhe": -0.0,
      "snes_converged": true,
      "picard_status": "converged",
      "R_2e_current_nondim": 4.002261710230993,
      "R_4e_current_nondim": 0.05554031031402395,
      "cd_mA_cm2": -1.8097600508081573,
      "pc_gross_mA_cm2": -1.7608875637983965,
      "gross_h2o2_pct": 98.63127106663119,
      "theta": 0.7799703983936105,
      "gamma_final": 0.03665860872449969,
      "sigma_S_C_per_m2": 5.494630121464738e-07,
      "pka_shift_avg": 0.0,
      "mass_balance_residual_rel": 4.429081215259933e-16
    },
    {
      "v_rhe": 0.04,
      "snes_converged": true,
      "picard_status": "converged",
      "R_2e_current_nondim": 3.519726744708656,
      "R_4e_current_nondim": 0.08643020585408338,
      "cd_mA_cm2": -1.624639084784085,
      "pc_gross_mA_cm2": -1.5485851504619306,
      "gross_h2o2_pct": 97.60326000673388,
      "theta": 0.7601229205953698,
      "gamma_final": 0.03572577726798238,
      "sigma_S_C_per_m2": 0.0037134068946847467,
      "pka_shift_avg": 0.0,
      "mass_balance_residual_rel": 2.9527208101732886e-16
    },
    {
      "v_rhe": 0.08,
      "snes_converged": true,
      "picard_status": "converged",
      "R_2e_current_nondim": 3.226147645685174,
      "R_4e_current_nondim": 0.14908780108501493,
      "cd_mA_cm2": -1.5506074882833216,
      "pc_gross_mA_cm2": -1.4194182388778924,
      "gross_h2o2_pct": 95.58289181788254,
      "theta": 0.7398683516547289,
      "gamma_final": 0.03477381252777226,
      "sigma_S_C_per_m2": 0.007437631959835064,
      "pka_shift_avg": 0.0,