{
  "disk_onset": [
    0.5071686593607017,
    0.5175730967485521
  ],
  "ring_onset": [
    0.49509708335790453,
    0.4899348645459856
  ],
  "ring_peak": [
    [
      0.27906081,
      0.4153821039199254
    ],
    [
      0.3380065,
      0.38003133
    ]
  ],
  "plateau_cd": [
    -4.8459519495749435,
    -3.5002938
  ],
  "cd_at_0p10": "n/a (window starts 0.132)"
}