{
  "l_eff_m": 2.1e-05,
  "ratio": 1e-30,
  "k0_targets": {
    "0": 0.0012631578947368421,
    "1": 1.2631578947368422e-33
  },
  "v_rhe": [
    -0.4,
    -0.3208,
    -0.2417,
    -0.1625,
    -0.0833,
    -0.0042,
    0.075,
    0.1542,
    0.2333,
    0.3125,
    0.3917,
    0.4708,
    0.55
  ],
  "phi_applied_hat": [
    -15.568697924103027,
    -12.486095735130625,
    -9.407385720639253,
    -6.324783531666855,
    -3.242181342694455,
    -0.16347132820308177,
    2.919130860769317,
    6.001733049741716,
    9.08044306423309,
    12.163045253205489,
    15.245647442177887,
    18.32435745666926,
    21.406959645641663
  ],
  "cd_mA_cm2": [
    -2.09473242661806,
    -2.094680386760617,
    -2.091722556168596,
    -1.9579969569827942,
    -1.1333236517923684,
    -0.5907068883895182,
    -0.45385579847359214,
    -0.43150923908253724,
    -0.4282135743250598,
    -0.42642547587335555,
    -0.4165908879878115,
    -0.35310110431721864,
    -0.12390010213959832
  ],
  "pc_mA_cm2": [
    -2.0947324265860345,
    -2.094680386758241,
    -2.0917225561684223,
    -1.9579969569827809,
    -1.1333236517923662,
    -0.590706888389515,
    -0.45385579847358726,
    -0.43150923908251876,
    -0.4282135743249774,
    -0.4264254758729943,
    -0.41659088798628213,
    -0.3531011043124597,
    -0.12390010213724999
  ],
  "j_ring_mA_cm2": [
    0.46922006355527174,
    0.46920840663384594,
    0.4685458525817266,
    0.43859131836414295,
    0.25386449800149,
    0.13231834299925135,
    0.10166369885808355,
    0.09665806955448421,
    0.09591984064879494,
    0.09551930659555072,
    0.0933163589089272,
    0.07909464736599098,
    0.027753622878743996
  ],
  "S_H2O2_percent": [
    99.99999999923556,
    99.99999999994327,
    99.99999999999584,
    99.99999999999967,
    99.9999999999999,
    99.99999999999972,
    99.99999999999946,
    99.99999999999785,
    99.99999999999038,
    99.99999999995764,
    99.99999999981644,
    99.99999999932612,
    99.99999999905233
  ],
  "n_e_rrde": [
    2.000000000015288,
    2.000000000001134,
    2.0000000000000826,
    2.0000000000000067,
    2.0000000000000018,
    2.0000000000000058,
    2.0000000000000107,
    2.0000000000000426,
    2.0000000000001923,
    2.0000000000008473,
    2.0000000000036713,
    2.000000000013477,
    2.0000000000189537
  ],
  "surface_pH_proxy": [
    10.310726253766903,
    10.414477963779353,
    10.519995474869331,
    10.590547254073561,
    10.35921085680629,
    9.822130415757169,
    9.117095085405822,
    8.34481112411293,
    7.556591797670423,
    6.761529261273219,
    5.967207980032505,
    5.207570265062297,
    4.653753755780731
  ],
  "c_H_surface_nondim": [
    4.074670547863814e-08,
    3.208786266216251e-08,
    2.516652655790107e-08,
    2.139299057727362e-08,
    3.644247773744099e-08,
    1.255128924986815e-07,
    6.363904716399426e-07,
    3.767104171079517e-06,
    2.3132733589796637e-05,
    0.00014430769594382277,
    0.0008986917893976294,
    0.005167119301278039,
    0.018495454082979885
  ],
  "N_collection_used": 0.224,
  "converged": [
    true,
    true,
    true,
    true,
    true,
    true,
    true,
    true,
    true,
    true,
    true,
    true,
    true
  ],
  "method": [
    "warm<--12.486",
    "warm<--9.407",
    "warm<--6.325",
    "warm<--3.242",
    "warm<--0.163",
    "warm<-+2.919",
    "warm<-+6.002",
    "warm<-+9.080",
    "warm<-+12.163",
    "warm<-+15.246",
    "warm<-+18.324",
    "warm<-+21.407",
    "warm<-+21.407"
  ],
  "n_converged": 13,
  "n_total": 13,
  "anchor": {
    "v_rhe": 0.55,
    "phi_applied_eta": 21.406959645641663,
    "converged": true,
    "ladder_history": [
      [
        1e-12,
        "ok"
      ],
      [
        1e-09,
        "ok"
      ],
      [
        1e-06,
        "ok"
      ],
      [
        0.001,
        "ok"
      ],
      [
        1.0,
        "fail"
      ],
      [
        0.03162277660168379,
        "ok"
      ],
      [
        1.0,
        "ok"
      ]
    ],
    "wall_seconds": 24.245068073272705
  },
  "grid_wall_seconds": 271.6126379966736,
  "config": {
    "l_eff_m": 2.1e-05,
    "domain_height_hat": 0.20999999999999996,
    "ratio_K0_R4e_to_K0_R2e": 1e-30,
    "mesh_Nx": 8,
    "mesh_Ny": 80,
    "mesh_beta": 3.0,
    "exponent_clip": 100.0,
    "u_clamp": 100.0,
    "stern_capacitance_f_m2": 0.1,
    "ic": "debye_boltzmann",
    "formulation": "logc_muh",
    "initial_scales": [
      1e-12,
      1e-09,
      1e-06,
      0.001,
      1.0
    ],
    "max_inserts_per_step": 4,
    "ic_at_target": true,
    "n_substeps_warm": 8,
    "bisect_depth_warm": 5,
    "v_rhe_grid_n": 13,
    "v_rhe_grid_min": -0.4,
    "v_rhe_grid_max": 0.55,
    "anchor_v_rhe": 0.55,
    "n_collection": 0.224,
    "enable_water_ionization": false,
    "kw_eff_hat_target": 0.0
  }
}