phi_applied,target_current_density,simulated_current_density
-1,-0.007374144457341952,-0.004576013520780391
-2,-0.02721080290953056,-0.02553062142542346
-3,-0.06202917813359604,-0.06621070355194107
-4,-0.1079505401508506,-0.106137532294104
-5,-0.1355706979747765,-0.1348358260540279
-6,-0.1532335800100144,-0.1530717106098
-7,-0.1652563670807959,-0.1640786548767645
-8,-0.168345056302483,-0.1705912572556199
-9,-0.1757782868892749,-0.1744442305306396
-10,-0.177500655837663,-0.1767669655452412
