{
  "anchor_v_rhe": 0.0,
  "mesh_Ny": 80,
  "exponent_clip": 100.0,
  "converged": false,
  "method": "cold-failed",
  "z_achieved": 0.0,
  "cd_mA_cm2": null,
  "R_2e_mA_cm2": null,
  "wall_seconds": 3.4152698516845703,
  "diagnostics": {
    "phase": "cold_failed",
    "max_phi": 0.0,
    "min_phi": -3.447215076961353,
    "max_u0": 0.0,
    "min_u0": -0.006016463689983686,
    "max_u1": 57.319172040494685,
    "min_u1": -9.210340371976182,
    "max_u2": -2.4849066497880004,
    "min_u2": -6.334277937598018,
    "max_mu2": -2.4849066497880004,
    "min_mu2": -6.334277937598018,
    "electrode_area_nondim": 1.0,
    "u0_surface_mean": -0.006009955843413171,
    "c0_surface_mean": 0.994008067815998,
    "u1_surface_mean": 57.24501786144536,
    "c1_surface_mean": 7.264326802284365e+24,
    "u2_surface_mean": -6.334274676065581,
    "c2_surface_mean": 0.0017744324102489072,
    "mu2_surface_mean": -6.334274676065581,
    "phi_surface_mean": -3.447215076961349,
    "c_counterion0_surface_mean": 4.5392260680588997e-07,
    "c_counterion0_z": 1,
    "c_counterion0_steric_mode": "bikerman",
    "c_counterion1_surface_mean": 8.567903969777172e-12,
    "c_counterion1_z": -2,
    "c_counterion1_steric_mode": "bikerman",
    "surface_counterion_within_steric": true,
    "picard_iters": 50,
    "initializer_fallback": true,
    "snes_reason": "-9",
    "snes_iters": 1
  }
}