{
  "label": "jithin_emulation_fig436",
  "config": {
    "topology": "single_tafel_R2e_only",
    "alpha_tafel": 1.0,
    "alpha_times_n_e": 2.0,
    "A_tafel_mV_dec": 29.58,
    "alpha_jithin_target": 1.1290076335877863,
    "A_tafel_jithin_target_mV_dec": 26.2,
    "n_electrons_tafel": 2,
    "counterions": [
      "Cs+",
      "SO4(2-)"
    ],
    "stern_anchor": 0.1,
    "stern_target": 1.16,
    "stern_bump_ladder": [
      0.2,
      0.35,
      0.5,
      0.7,
      0.85,
      1.0,
      1.16
    ],
    "stern_note": "Jithin L_Stern = 0.6 nm \u2192 C_S = 1.16 F/m\u00b2 reached via verified bump ladder [0.2, 0.35, 0.5, 0.7, 0.85, 1.0, 1.16].",
    "l_eff_m": 1e-05,
    "d_o2_phys_jithin_m2_s": 1.5e-09,
    "k0_r2e_jithin_factor": 1e-10,
    "C_SCALE_mol_m3": 1.2,
    "c_o2_mol_m3": 0.25,
    "c_hp_mol_m3": 10.0,
    "c_cs_mol_m3": 190.0,
    "c_so4_mol_m3": 100.0,
    "v_h_nm3": 0.175616,
    "v_o2_nm3": 0.064,
    "v_h2o2_nm3": 0.16638,
    "v_cs_nm3": 0.28489,
    "v_so4_nm3": 0.43552,
    "enable_cation_hydrolysis": false,
    "enable_water_ionization": false,
    "v_rhe_grid": [
      -0.4,
      -0.3604,
      -0.3208,
      -0.2812,
      -0.2417,
      -0.2021,
      -0.1625,
      -0.1229,
      -0.0833,
      -0.0437,
      -0.0042,
      0.0354,
      0.075,
      0.1146,
      0.1542,
      0.1938,
      0.2333,
      0.2729,
      0.3125,
      0.3521,
      0.3917,
      0.4313,
      0.4708,
      0.5104,
      0.55
    ],
    "anchor_v_rhe": 0.55,
    "mesh": {
      "Nx": 8,
      "Ny": 80,
      "beta": 3.0,
      "domain_height_hat": 0.1
    },
    "formulation": "logc_muh",
    "initializer": "debye_boltzmann",
    "exponent_clip": 100.0,
    "packing_floor": 1e-15,
    "u_clamp": 100.0,
    "n_substeps_warm": 8,
    "bisect_depth_warm": 5
  },
  "k0_targets": {
    "0": 1.2631578947368422e-13
  },
  "v_rhe": [
    -0.4,
    -0.3604,
    -0.3208,
    -0.2812,
    -0.2417,
    -0.2021,
    -0.1625,
    -0.1229,
    -0.0833,
    -0.0437,
    -0.0042,
    0.0354,
    0.075,
    0.1146,
    0.1542,
    0.1938,
    0.2333,
    0.2729,
    0.3125,
    0.3521,
    0.3917,
    0.4313,
    0.4708,
    0.5104,
    0.55
  ],
  "phi_applied_hat": [
    -15.568697924103027,
    -14.027396829616826,
    -12.486095735130625,
    -10.944794640644428,
    -9.407385720639253,
    -7.866084626153054,
    -6.324783531666855,
    -4.783482437180655,
    -3.242181342694455,
    -1.7008802482082557,
    -0.16347132820308177,
    1.3778297662831178,
    2.919130860769317,
    4.460431955255516,
    6.001733049741716,
    7.543034144227916,
    9.08044306423309,
    10.621744158719288,
    12.163045253205489,
    13.70434634769169,
    15.245647442177887,
    16.786948536664088,
    18.32435745666926,
    19.86565855115546,
    21.406959645641663
  ],
  "cd_mA_cm2": [
    -0.7235364291529145,
    -0.7235727627527937,
    -0.7235953835918372,
    -0.7236099889959817,
    -0.7236197491249143,
    -0.7236265452562881,
    -0.7236314108597719,
    -0.7236349373172135,
    -0.7236373946682008,
    -0.7236388055406852,
    -0.7236390405314793,
    -0.7236380421417449,
    -0.7236358329005873,
    -0.7236274107343842,
    -0.7232205943504063,
    -0.6777421298496117,
    -0.06316913884365001,
    -0.0003134982628513174,
    -1.1005375428358357e-06,
    -3.246615891708495e-09,
    -8.694335250794649e-12,
    -2.186021828056638e-14,
    -5.082759390840678e-17,
    -9.793873276768628e-20,
    -1.449195487600898e-22
  ],
  "pc_mA_cm2": [
    -0.7235364291529145,
    -0.7235727627527937,
    -0.7235953835918372,
    -0.7236099889959817,
    -0.7236197491249143,
    -0.7236265452562881,
    -0.7236314108597719,
    -0.7236349373172135,
    -0.7236373946682008,
    -0.7236388055406852,
    -0.7236390405314793,
    -0.7236380421417449,
    -0.7236358329005873,
    -0.7236274107343842,
    -0.7232205943504063,
    -0.6777421298496117,
    -0.06316913884365001,
    -0.0003134982628513174,
    -1.1005375428358357e-06,
    -3.246615891708495e-09,
    -8.694335250794649e-12,
    -2.186021828056638e-14,
    -5.082759390840678e-17,
    -9.793873276768628e-20,
    -1.449195487600898e-22
  ],
  "c_O2_OHP_nondim": [
    1.2762435243188031e-21,
    7.574077700885296e-21,
    4.96049786755014e-20,
    3.6568612962782794e-19,
    3.077773610036879e-18,
    3.042133420340436e-17,
    3.555004930571502e-16,
    4.920555007853943e-15,
    7.970015294148265e-14,
    1.4747407952444172e-12,
    3.039769051796284e-11,
    7.288153248987354e-10,
    2.17280945653681e-08,
    8.514595003169746e-07,
    4.4021539383274235e-05,
    0.002735330058022867,
    0.01952825331820829,
    0.009372074946831552,
    0.0037648170967433956,
    0.0014184838040586889,
    0.0005140252858241955,
    0.00018135445886573003,
    6.208030253493687e-05,
    2.009339733708945e-05,
    6.011404723246325e-06
  ],
  "c_H2O2_OHP_nondim": [
    0.008519212302368701,
    0.015115701195812797,
    0.025778647018433,
    0.041894286346713834,
    0.06422528807732332,
    0.0922809512015132,
    0.12329888444534362,
    0.15279006971061046,
    0.17621384157456546,
    0.19091037355832105,
    0.19556739276467716,
    0.1864817183551783,
    0.15892049264706293,
    0.11713669468370003,
    0.07418009860091798,
    0.03824523527734045,
    0.0016748272936157127,
    8.133912449497711e-06,
    1.8122971922006898e-06,
    6.808779336909269e-07,
    2.4673214269304207e-07,
    8.705014026420359e-08,
    2.9798545218059555e-08,
    9.644830722223814e-09,
    2.885474252999435e-09
  ],
  "c_H_OHP_nondim": [
    202.08923360517215,
    201.14264599215372,
    195.6737247931299,
    183.28896251644025,
    162.36880352982544,
    133.0584813151381,
    98.57596117972412,
    64.62282061999286,
    37.038391046784874,
    18.7979523878422,
    8.950217219102715,
    4.278979036132928,
    2.0678936581090555,
    0.9547693852308218,
    0.40098135004542257,
    0.14963023338468012,
    0.04956613341523273,
    0.01430176085662296,
    0.0036694928406754614,
    0.0008596559458304479,
    0.00018863321239543136,
    3.9090962271311793e-05,
    7.572227905813699e-06,
    1.3208053930394562e-06,
    2.021520524080676e-07
  ],
  "phi_OHP_nondim": [
    -6.655203797376788,
    -5.999137642524814,
    -5.369647622234368,
    -4.761609337144018,
    -4.167973383126405,
    -3.572974846944218,
    -2.9608453883884502,
    -2.3110678028092395,
    -1.6055482014754645,
    -0.8449993117204233,
    -0.07844391806532935,
    0.612308274961719,
    1.18333407307894,
    1.6632806045536257,
    2.0991027845019845,
    2.527790411653512,
    2.9722200214110197,
    3.4474686097333045,
    3.9571842745573766,
    4.502581134293674,
    5.084914585481594,
    5.705930749062398,
    6.364415349018171,
    7.061374068863361,
    7.79006544161528
  ],
  "converged": [
    true,
    true,
    true,
    true,
    true,
    true,
    true,
    true,
    true,
    true,
    true,
    true,
    true,
    true,
    true,
    true,
    true,
    true,
    true,
    true,
    true,
    true,
    true,
    true,
    true
  ],
  "method": [
    "warm<--14.027",
    "warm<--12.486",
    "warm<--10.945",
    "warm<--9.407",
    "warm<--7.866",
    "warm<--6.325",
    "warm<--4.783",
    "warm<--3.242",
    "warm<--1.701",
    "warm<--0.163",
    "warm<-+1.378",
    "warm<-+2.919",
    "warm<-+4.460",
    "warm<-+6.002",
    "warm<-+7.543",
    "warm<-+9.080",
    "warm<-+10.622",
    "warm<-+12.163",
    "warm<-+13.704",
    "warm<-+15.246",
    "warm<-+16.787",
    "warm<-+18.324",
    "warm<-+19.866",
    "warm<-+21.407",
    "warm<-+21.407"
  ],
  "n_converged": 25,
  "n_total": 25,
  "anchor": {
    "v_rhe": 0.55,
    "phi_applied_eta": 21.406959645641663,
    "stern_anchor_f_m2": 0.1,
    "stern_target_f_m2": 1.16,
    "stern_bump_ladder": [
      0.2,
      0.35,
      0.5,
      0.7,
      0.85,
      1.0,
      1.16
    ],