{
  "stage": "bins",
  "x_star": [
    -1.2130906519393316,
    -13.31391893355419,
    0.610661748456065,
    0.324853786169721
  ],
  "J_star": 14.624602282401412,
  "nit": 14,
  "restarts": 0,
  "message": "CONVERGENCE: RELATIVE REDUCTION OF F <= FACTR*EPSMCH",
  "fixed": {
    "3": 0.324853786169721
  },
  "w_disk_scale": 1.0,
  "w_ring_scale": 1.0,
  "l_eff_um": 21.7,
  "v_ocp_rhe": 1.019,
  "n_coll": 0.224,
  "bulk_h_mol_m3": 0.000407
}