{
 "v_rhe": [
  -0.919,
  -0.877333,
  -0.835667,
  -0.794,
  -0.752333,
  -0.710667,
  -0.669,
  -0.627333,
  -0.585667,
  -0.544,
  -0.502333,
  -0.460667,
  -0.419
 ],
 "v_rhe_deck": [
  0.1,
  0.141667,
  0.183333,
  0.225,
  0.266667,
  0.308333,
  0.35,
  0.391667,
  0.433333,
  0.475,
  0.516667,
  0.558333,
  0.6
 ],
 "cd_mA_cm2": [
  -3.3558955901754084,
  -3.309658423165063,
  -3.26206247419401,
  -3.2121387932899634,
  -3.153310390810007,
  -3.0477449056662573,
  -2.712026831073405,
  -1.7177738307595936,
  -0.5558954266854474,
  -0.11376205326487712,
  -0.020550659429883718,
  -0.0036561476733927953,
  -0.0006553322349018169
 ],
 "pc_mA_cm2": [
  -0.6991121384894549,
  -0.7452877197191022,
  -0.7925191063704579,
  -0.8402759131255638,
  -0.8863308008983795,
  -0.9184591031888854,
  -0.8742599840694788,
  -0.5909586685464558,
  -0.20360318598379373,
  -0.044250985106150074,
  -0.008468249313206213,
  -0.001591932148228461,
  -0.0003007304082253262
 ],
 "surface_pH": [
  9.446250829881356,
  9.491898464132042,
  9.538527799989705,
  9.58614744909305,
  9.633996611071781,
  9.676816744153104,
  9.685630204440713,
  9.548746606116563,
  9.121934763400725,
  8.494895748997966,
  7.79297312160802,
  6.923536170298113,
  5.663418632001532
 ],
 "surface_pOH": [
  4.553749170118645,
  4.508101535867959,
  4.461472200010294,
  4.4138525509069515,
  4.3660033889282195,
  4.323183255846896,
  4.314369795559287,
  4.451253393883437,
  4.878065236599274,
  5.5051042510020345,
  6.20702687839198,
  7.076463829701887,
  8.336581367998468
 ],
 "ph_poh_minus_pkw": [
  0.0,
  0.0,
  0.0,
  0.0,
  0.0,
  0.0,
  0.0,
  0.0,
  0.0,
  0.0,
  0.0,
  0.0,
  0.0
 ],
 "per_reaction": [
  [
   {
    "label": "R2e_acid",
    "proton_donor": "hydronium",
    "n_electrons": 2,
    "rate_2e_units_mA_cm2": 0.0,
    "current_mA_cm2": 0.0,
    "cathodic_mA_cm2": 0.0,
    "anodic_mA_cm2": 0.0
   },
   {
    "label": "R2e_water",
    "proton_donor": "water",
    "n_electrons": 2,
    "rate_2e_units_mA_cm2": -0.6991121384894549,
    "current_mA_cm2": -0.6991121384894549,
    "cathodic_mA_cm2": -0.6991121384894549,
    "anodic_mA_cm2": 0.0
   },
   {
    "label": "R4e_acid",
    "proton_donor": "hydronium",
    "n_electrons": 4,
    "rate_2e_units_mA_cm2": 0.0,
    "current_mA_cm2": 0.0,
    "cathodic_mA_cm2": 0.0,
    "anodic_mA_cm2": 0.0
   },
   {
    "label": "R4e_water",
    "proton_donor": "water",
    "n_electrons": 4,
    "rate_2e_units_mA_cm2": -1.3283917258429778,
    "current_mA_cm2": -2.6567834516859556,
    "cathodic_mA_cm2": -1.3283917258429778,
    "anodic_mA_cm2": 0.0
   }
  ],
  [
   {
    "label": "R2e_acid",
    "proton_donor": "hydronium",
    "n_electrons": 2,
    "rate_2e_units_mA_cm2": 0.0,
    "current_mA_cm2": 0.0,
    "cathodic_mA_cm2": 0.0,
    "anodic_mA_cm2": 0.0
   },
   {
    "label": "R2e_water",
    "proton_donor": "water",
    "n_electrons": 2,
    "rate_2e_units_mA_cm2": -0.7452877197191022,
    "current_mA_cm2": -0.7452877197191022,
    "cathodic_mA_cm2": -0.7452877197191022,
    "anodic_mA_cm2": 0.0
   },
   {
    "label": "R4e_acid",
    "proton_donor": "hydronium",
    "n_electrons": 4,
    "rate_2e_units_mA_cm2": 0.0,
    "current_mA_cm2": 0.0,
    "cathodic_mA_cm2": 0.0,
    "anodic_mA_cm2": 0.0
   },
   {
    "label": "R4e_water",
    "proton_donor": "water",
    "n_electrons": 4,
    "rate_2e_units_mA_cm2": -1.2821853517229822,
    "current_mA_cm2": -2.5643707034459644,
    "cathodic_mA_cm2": -1.2821853517229822,
    "anodic_mA_cm2": 0.0
   }
  ],
  [
   {
    "label": "R2e_acid",
    "proton_donor": "hydronium",
    "n_electrons": 2,
    "rate_2e_units_mA_cm2": 0.0,
    "current_mA_cm2": 0.0,
    "cathodic_mA_cm2": 0.0,
    "anodic_mA_cm2": 0.0
   },
   {
    "label": "R2e_water",
    "proton_donor": "water",
    "n_electrons": 2,
    "rate_2e_units_mA_cm2": -0.7925191063704579,
    "current_mA_cm2": -0.7925191063704579,
    "cathodic_mA_cm2": -0.7925191063704579,
    "anodic_mA_cm2": 0.0
   },
   {
    "label": "R4e_acid",
    "proton_donor": "hydronium",
    "n_electrons": 4,
    "rate_2e_units_mA_cm2": 0.0,
    "current_mA_cm2": 0.0,
    "cathodic_mA_cm2": 0.0,
    "anodic_mA_cm2": 0.0
   },
   {
    "label": "R4e_water",
    "proton_donor": "water",
    "n_electrons": 4,
    "rate_2e_units_mA_cm2": -1.2347716839117764,
    "current_mA_cm2": -2.4695433678235528,
    "cathodic_mA_cm2": -1.2347716839117764,
    "anodic_mA_cm2": 0.0
   }
  ],
  [
   {
    "label": "R2e_acid",
    "proton_donor": "hydronium",
    "n_electrons": 2,
    "rate_2e_units_mA_cm2": 0.0,
    "current_mA_cm2": 0.0,
    "cathodic_mA_cm2": 0.0,
    "anodic_mA_cm2": 0.0
   },
   {
    "label": "R2e_water",
    "proton_donor": "water",
    "n_electrons": 2,
    "rate_2e_units_mA_cm2": -0.8402759131255638,
    "current_mA_cm2": -0.8402759131255638,
    "cathodic_mA_cm2": -0.8402759131255638,
    "anodic_mA_cm2": 0.0
   },
   {
    "label": "R4e_acid",
    "proton_donor": "hydronium",
    "n_electrons": 4,
    "rate_2e_units_mA_cm2": 0.0,
    "current_mA_cm2": 0.0,
    "cathodic_mA_cm2": 0.0,
    "anodic_mA_cm2": 0.0
   },
   {
    "label": "R4e_water",
    "proton_donor": "water",
    "n_electrons": 4,
    "rate_2e_units_mA_cm2": -1.1859314400822005,
    "current_mA_cm2": -2.371862880164401,
    "cathodic_mA_cm2": -1.1859314400822005,
    "anodic_mA_cm2": 0.0
   }
  ],
  [
   {
    "label": "R2e_acid",
    "proton_donor": "hydronium",
    "n_electrons": 2,
    "rate_2e_units_mA_cm2": 0.0,
    "current_mA_cm2": 0.0,
    "cathodic_mA_cm2": 0.0,
    "anodic_mA_cm2": 0.0
   },
   {
    "label": "R2e_water",
    "proton_donor": "water",
    "n_electrons": 2,
    "rate_2e_units_mA_cm2": -0.8863308008983795,
    "current_mA_cm2": -0.8863308008983795,
    "cathodic_mA_cm2": -0.8863308008983795,
    "anodic_mA_cm2": 0.0
   },
   {
    "label": "R4e_acid",
    "proton_donor": "hydronium",
    "n_electrons": 4,
    "rate_2e_units_mA_cm2": 0.0,
    "current_mA_cm2": 0.0,
    "cathodic_mA_cm2": 0.0,
    "anodic_mA_cm2": 0.0
   },
   {
    "label": "R4e_water",
    "proton_donor": "water",
    "n_electrons": 4,
    "rate_2e_units_mA_cm2": -1.1334897949558154,
    "current_mA_cm2": -2.2669795899116307,
    "cathodic_mA_cm2": -1.1334897949558154,
    "anodic_mA_cm2": 0.0
   }
  ],
  [
   {
    "label": "R2e_acid",
    "proton_donor": "hydronium",
    "n_electrons": 2,
    "rate_2e_units_mA_cm2": 0.0,
    "current_mA_cm2": 0.0,
    "cathodic_mA_cm2": 0.0,
    "anodic_mA_cm2": 0.0
   },
   {
    "label": "R2e_water",
    "proton_donor": "water",
    "n_electrons": 2,
    "rate_2e_units_mA_cm2": -0.9184591031888854,
    "current_mA_cm2": -0.9184591031888854,
    "cathodic_mA_cm2": -0.9184591031888854,
    "anodic_mA_cm2": 0.0
   },
   {
    "label": "R4e_acid",
    "proton_donor": "hydronium",
    "n_electrons": 4,
    "rate_2e_units_mA_cm2": 0.0,
    "current_mA_cm2": 0.0,
    "cathodic_mA_cm2": 0.0,
    "anodic_mA_cm2": 0.0
   },
   {
    "label": "R4e_water",
    "proton_donor": "water",
    "n_electrons": 4,
    "rate_2e_units_mA_cm2": -1.0646429012386862,
    "current_mA_cm2": -2.1292858024773724,
    "cathodic_mA_cm2": -1.0646429012386862,
    "anodic_mA_cm2": 0.0
   }
  ],
  [
   {
    "label": "R2e_acid",
    "proton_donor": "hydronium",
    "n_electrons": 2,
    "rate_2e_units_mA_cm2": 0.0,
    "current_mA_cm2": 0.0,
    "cathodic_mA_cm2": 0.0,
    "anodic_mA_cm2": 0.0
   },
   {
    "label": "R2e_water",
    "proton_donor": "water",
    "n_electrons": 2,
    "rate_2e_units_mA_cm2": -0.8742599840694788,
    "current_mA_cm2": -0.8742599840694788,
    "cathodic_mA_cm2": -0.8742599840694788,
    "anodic_mA_cm2": 0.0
   },
   {
    "label": "R4e_acid",
    "proton_donor": "hydronium",
    "n_electrons": 4,
    "rate_2e_units_mA_cm2": 0.0,
    "current_mA_cm2": 0.0,
    "cathodic_mA_cm2": 0.0,
    "anodic_mA_cm2": 0.0
   },
   {
    "label": "R4e_water",
    "proton_donor": "water",
    "n_electrons": 4,
    "rate_2e_units_mA_cm2": -0.9188834235019636,