evaluation,objective,grad_norm,k0_0,k0_1,alpha_0,alpha_1
1,0.0005048717484939905,0.0176673257154833,0.00151578947368421,6.315789473684216e-05,0.5643,0.45
2,0.00024190454922451733,0.012159184694245477,0.0015195767854434697,6.315789509221289e-05,0.5819340538386766,0.4500001061261859
3,1.6635581377114214e-06,0.0003179086033073153,0.0015282122202057357,6.315789700044638e-05,0.6208569579800959,0.4500006759918118
4,1.4761581802298727e-06,4.0950850528532436e-05,0.0015284557026131185,6.315789763069738e-05,0.6219017467043916,0.45000086420691304
5,1.4730159197208415e-06,9.011485558627217e-07,0.001528501178336049,6.315789866727125e-05,0.6220560428170335,0.4500011737643245
6,1.4730071847462046e-06,7.637908197862591e-07,0.0015285113867651958,6.315789975552427e-05,0.6220580192368813,0.45000149875496437
