{
  "50": {
    "fim": {
      "n_residuals": 10,
      "n_params": 4,
      "singular_values": [
        10565.301485661486,
        151.14309168695465,
        0.18460238252466563,
        0.023476127402492893
      ],
      "fim_eigenvalues": [
        0.0005511243325150391,
        0.03407804075722719,
        22844.234164690282,
        111625595.48292081
      ],
      "fim_diagonal": [
        8175.9059515895515,
        8153.830521668454,
        30091563.220510952,
        81540546.79473047
      ],
      "condition_number": 202541584352.70096,
      "weak_eigvec": {
        "log_k0_1": -0.0009793734280092396,
        "log_k0_2": -0.9999494623203955,
        "alpha_1": 2.648639452241703e-05,
        "alpha_2": 0.010005644972292935
      },
      "weak_eigvec_canonical_ridge_cos": 0.9999360417061414,
      "ridge_breaking_score": 6.395829385863472e-05
    },
    "sigma_cd": 0.003560375871377405,
    "sigma_pc": 3.0827667229732265e-07,
    "dPC_dalpha2_per_v": [
      0.002783648364298047,
      2.1619328850250563e-05,
      1.6666873258039047e-07,
      7.494478873756004e-09,
      -1.3902818817251947e-09
    ],
    "dR2_dalpha2_per_v": [
      0.007588385529944119,
      5.8916292400290615e-05,
      4.378603035704032e-07,
      2.5764945732476008e-08,
      -1.0714346077023151e-08
    ],
    "S_cd_raw": [
      [
        -3.139334625590351e-08,
        1.4028778139163478e-08,
        -1.9055319822047778e-06,
        1.4103293533018757e-06
      ],
      [
        -2.619774716605683e-06,
        1.07705511176448e-10,
        -0.00013867389805910513,
        1.8008927682444664e-08
      ],
      [
        -0.0004694726812581873,
        -6.63358257213531e-12,
        -0.018854621701008822,
        6.129680096833567e-09
      ],
      [
        -0.0040113505535288585,
        -4.315992008230296e-12,
        -0.16559023795506556,
        -1.9519108551691033e-09
      ],
      [
        -0.016233798455833615,
        7.262461465540326e-09,
        -0.6065737798083976,
        2.538039223232147e-09
      ]
    ],
    "S_pc_raw": [
      [
        -2.78360982220527e-05,
        2.783609951694945e-05,
        -0.0016901595063666282,
        0.002783648364298047
      ],
      [
        -2.162610142572856e-07,
        2.1626209203047802e-07,
        -1.1447219044657996e-05,
        2.1619328850250563e-05
      ],
      [
        -1.7888821730893158e-09,
        1.7345789670738078e-09,
        -4.4698733866951066e-08,
        1.6666873258039047e-07
      ],
      [
        -1.3125003843906646e-09,
        7.4919098567083e-11,
        -5.153323436518165e-08,
        7.494478873756004e-09
      ],
      [
        -4.843761720521979e-09,
        -7.25098963246754e-09,
        -1.8098610431451184e-07,
        -1.3902818817251947e-09
      ]
    ],
    "S_r2_raw": [
      [
        -7.583564665125664e-05,
        7.588301084715532e-05,
        -0.0046046103405195105,
        0.007588385529944119
      ],
      [
        6.555437831456956e-06,
        5.895480215123428e-07,
        0.0003470030512930933,
        5.8916292400290615e-05
      ],
      [
        0.0012804533908172822,
        4.749034498985338e-09,
        0.051424715456493963,
        4.378603035704032e-07
      ],
      [
        0.01094071181176326,
        2.1613266731890235e-10,
        0.4516371922866358,
        2.5764945732476008e-08
      ],
      [
        0.044276687680311344,
        -3.95845439760123e-08,
        1.654392708936303,
        -1.0714346077023151e-08
      ]
    ],
    "v_used": [
      true,
      true,
      true,
      true,
      true
    ],
    "n_used": 5
  },
  "60": {
    "status": "insufficient_voltages",
    "error": null
  },
  "70": {
    "status": "insufficient_voltages",
    "error": null
  },
  "80": {
    "status": "insufficient_voltages",
    "error": null
  },
  "100": {
    "status": "insufficient_voltages",
    "error": null
  },
  "none": {
    "status": "insufficient_voltages",
    "error": null
  }
}