{
  "test": "phase7p3_M3_c1_smoke",
  "by_case": {
    "6.39": {
      "pH": 6.39,
      "v_ocp": 1.019,
      "N0_ring_peak": 0.3673836412755541,
      "data_ring_peak": 0.18571428571428572,
      "c1": {
        "1e-22": {
          "n_converged": 13,
          "net_ring_peak": 0.360964025468893,
          "disk_min": -3.4619729827598227
        },
        "1e-18": {
          "n_converged": 13,
          "net_ring_peak": 0.3608674634457872,
          "disk_min": -4.011362802579226
        },
        "1e-14": {
          "n_converged": 13,
          "net_ring_peak": 0.28866826899877535,
          "disk_min": -4.055197625337835
        },
        "1e-10": {
          "n_converged": 13,
          "net_ring_peak": 0.00024316816865761482,
          "disk_min": -4.055202407944509
        }
      }
    },
    "2.0": {
      "pH": 2.0,
      "v_ocp": 0.785,
      "N0_ring_peak": 0.3574363644202471,
      "data_ring_peak": 0.06904761904761905,
      "c1": {
        "1e-18": {
          "n_converged": 13,
          "net_ring_peak": 0.00022208494177646811,
          "disk_min": -4.055328503837674
        },
        "1e-14": {
          "n_converged": 13,
          "net_ring_peak": -3.326026936496944e-05,
          "disk_min": -4.055328503860472
        }
      }
    }
  }
}