{
  "label": "jithin_closure_exact_emulation",
  "config": {
    "topology": "single_tafel_R2e_only_closure_substitute",
    "alpha_tafel": 1.0,
    "alpha_times_n_e": 2.0,
    "A_tafel_mV_dec": 29.58,
    "alpha_jithin_target": 1.1290076335877863,
    "A_tafel_jithin_target_mV_dec": 26.2,
    "n_electrons_tafel": 2,
    "counterions": [
      "Cs+",
      "SO4(2-)"
    ],
    "stern_anchor": 0.1,
    "stern_target": 1.16,
    "stern_bump_ladder": [
      0.2,
      0.35,
      0.5,
      0.7,
      0.85,
      1.0,
      1.16
    ],
    "l_eff_m": 1e-05,
    "d_o2_phys_jithin_m2_s": 1.5e-09,
    "k0_r2e_jithin_factor": 1e-25,
    "C_SCALE_mol_m3": 1.2,
    "c_o2_mol_m3": 0.25,
    "c_hp_mol_m3": 10.0,
    "c_cs_mol_m3": 190.0,
    "c_so4_mol_m3": 100.0,
    "v_h_nm3": 0.175616,
    "v_o2_nm3": 0.064,
    "v_h2o2_nm3": 0.16638,
    "v_cs_nm3": 0.28489,
    "v_so4_nm3": 0.43552,
    "enable_cation_hydrolysis": false,
    "enable_water_ionization": false,
    "v_rhe_grid": [
      -0.4,
      -0.3604,
      -0.3208,
      -0.2812,
      -0.2417,
      -0.2021,
      -0.1625,
      -0.1229,
      -0.0833,
      -0.0437,
      -0.0042,
      0.0354,
      0.075,
      0.1146,
      0.1542,
      0.1938,
      0.2333,
      0.2729,
      0.3125,
      0.3521,
      0.3917,
      0.4313,
      0.4708,
      0.5104,
      0.55
    ],
    "anchor_v_rhe": 0.55,
    "mesh": {
      "Nx": 8,
      "Ny": 80,
      "beta": 3.0,
      "domain_height_hat": 0.1
    },
    "formulation": "logc_muh",
    "initializer": "debye_boltzmann",
    "exponent_clip": 100.0,
    "packing_floor": 1e-15,
    "bv_steric_activity": false,
    "bv_jithin_closure_form": true,
    "u_clamp": 100.0,
    "n_substeps_warm": 8,
    "bisect_depth_warm": 5
  },
  "k0_targets": {
    "0": 1.2631578947368422e-28
  },
  "v_rhe": [
    -0.4,
    -0.3604,
    -0.3208,
    -0.2812,
    -0.2417,
    -0.2021,
    -0.1625,
    -0.1229,
    -0.0833,
    -0.0437,
    -0.0042,
    0.0354,
    0.075,
    0.1146,
    0.1542,
    0.1938,
    0.2333,
    0.2729,
    0.3125,
    0.3521,
    0.3917,
    0.4313,
    0.4708,
    0.5104,
    0.55
  ],
  "phi_applied_hat": [
    -15.568697924103027,
    -14.027396829616826,
    -12.486095735130625,
    -10.944794640644428,
    -9.407385720639253,
    -7.866084626153054,
    -6.324783531666855,
    -4.783482437180655,
    -3.242181342694455,
    -1.7008802482082557,
    -0.16347132820308177,
    1.3778297662831178,
    2.919130860769317,
    4.460431955255516,
    6.001733049741716,
    7.543034144227916,
    9.08044306423309,
    10.621744158719288,
    12.163045253205489,
    13.70434634769169,
    15.245647442177887,
    16.786948536664088,
    18.32435745666926,
    19.86565855115546,
    21.406959645641663
  ],
  "cd_mA_cm2": [
    null,
    null,
    null,
    null,
    null,
    null,
    -0.2698054247959074,
    -0.024323426572631646,
    -0.0017335373619075372,
    -0.00010151353535878806,
    -5.045201753409142e-06,
    -2.0065601916801222e-07,
    -5.733829681096442e-09,
    -1.0755136772371009e-10,
    -1.3043747363778462e-12,
    -1.0572838736833919e-14,
    -6.070142326624685e-17,
    -2.512474709857159e-19,
    -8.011223645054488e-22,
    -2.1051214935935966e-24,
    -4.8389413890565955e-27,
    -9.949322818559782e-30,
    -1.8142099459057535e-32,
    -2.6900538170007817e-35,
    -3.111588386019649e-38
  ],
  "pc_mA_cm2": [
    null,
    null,
    null,
    null,
    null,
    null,
    -0.2698054247959074,
    -0.024323426572631646,
    -0.0017335373619075372,
    -0.00010151353535878806,
    -5.045201753409142e-06,
    -2.0065601916801222e-07,
    -5.733829681096442e-09,
    -1.0755136772371009e-10,
    -1.3043747363778462e-12,
    -1.0572838736833919e-14,
    -6.070142326624685e-17,
    -2.512474709857159e-19,
    -8.011223645054488e-22,
    -2.1051214935935966e-24,
    -4.8389413890565955e-27,
    -9.949322818559782e-30,
    -1.8142099459057535e-32,
    -2.6900538170007817e-35,
    -3.111588386019649e-38
  ],
  "c_O2_OHP_nondim": [
    null,
    null,
    null,
    null,
    null,
    null,
    0.08249236094575473,
    0.15748516956008884,
    0.18747798279733802,
    0.20356369188038384,
    0.20855320869244795,
    0.19886837269831006,
    0.16949150397689516,
    0.12495448345772561,
    0.07920280543928913,
    0.04369225531891979,
    0.021370038689501422,
    0.009376035082708581,
    0.0037648226255265335,
    0.0014184838101436762,
    0.0005140252858300237,
    0.00018135445886573583,
    6.20803025349383e-05,
    2.0093397337089523e-05,
    6.011404723247681e-06
  ],
  "c_H2O2_OHP_nondim": [
    null,
    null,
    null,
    null,
    null,
    null,
    0.045937429912479635,
    0.005210509292723548,
    0.0005121980739961552,
    0.00012449717736687116,
    0.00010146927183618842,
    9.550853729028465e-05,
    8.13571813501302e-05,
    5.9978169467785766e-05,
    3.8017346746615686e-05,
    2.09722825549139e-05,
    1.0257618571553505e-05,
    4.500496839950716e-06,
    1.807114860347378e-06,
    6.80872228902359e-07,
    2.467321372097782e-07,
    8.705014025938958e-08,
    2.979854521805786e-08,
    9.644830722224259e-09,
    2.8854742529970566e-09
  ],
  "c_H_OHP_nondim": [
    null,
    null,
    null,
    null,
    null,
    null,
    99.06301651682078,
    65.11626934138691,
    37.33184777940566,
    18.94822031124115,
    9.022248931143881,
    4.313575585701784,
    2.084650538928468,
    0.9625131525240431,
    0.4042327465424199,
    0.15076550077717446,
    0.04960053009224984,
    0.014301809716438742,
    0.0036694928844894638,
    0.0008596559458608027,
    0.00018863321239545448,
    3.909096227131124e-05,
    7.572227905813794e-06,
    1.3208053930394985e-06,
    2.0215205240810206e-07
  ],
  "phi_OHP_nondim": [
    null,
    null,
    null,
    null,
    null,
    null,
    -2.9606896672217533,
    -2.3108584578110953,
    -1.6053727557268855,
    -0.844873312471634,
    -0.07836877372920688,
    0.6123458720822724,
    1.1833517868729364,
    1.6632892182727426,
    2.0991072278979095,
    2.527792712630694,
    2.9722201532701495,
    3.4474686101543566,
    3.957184274558404,
    4.502581134293678,
    5.084914585481594,
    5.705930749062398,
    6.364415349018171,
    7.061374068863362,
    7.790065441615281
  ],
  "converged": [
    false,
    false,
    false,
    false,
    false,
    false,
    true,
    true,
    true,
    true,
    true,
    true,
    true,
    true,
    true,
    true,
    true,
    true,
    true,
    true,
    true,
    true,
    true,
    true,
    true
  ],
  "method": [
    "warm<--6.325-FAILED",
    "warm<--6.325-FAILED",
    "warm<--6.325-FAILED",
    "warm<--6.325-FAILED",
    "warm<--6.325-FAILED",
    "warm<--6.325-FAILED",
    "warm<--4.783",
    "warm<--3.242",
    "warm<--1.701",
    "warm<--0.163",
    "warm<-+1.378",
    "warm<-+2.919",
    "warm<-+4.460",
    "warm<-+6.002",
    "warm<-+7.543",
    "warm<-+9.080",
    "warm<-+10.622",
    "warm<-+12.163",
    "warm<-+13.704",
    "warm<-+15.246",
    "warm<-+16.787",
    "warm<-+18.324",
    "warm<-+19.866",
    "warm<-+21.407",
    "warm<-+21.407"
  ],
  "n_converged": 19,
  "n_total": 25,
  "anchor": {
    "v_rhe": 0.55,
    "phi_applied_eta": 21.406959645641663,
    "stern_anchor_f_m2": 0.1,
    "stern_target_f_m2": 1.16,
    "stern_bump_ladder": [
      0.2,
      0.35,
      0.5,
      0.7,
      0.85,
      1.0,
      1.16
    ],
    "stern_bump_history": [
      [
        0.2,
        "ok"
      ],
      [
        0.35,
        "ok"
      ],
      [
        0.5,
        "ok"
      ],
      [
        0.7,
        "ok"
      ],
      [
        0.85,
        "ok"
      ],
      [
        1.0,
        "ok"
      ],
      [
        1.16,
        "ok"
      ]
    ],