phi_applied,target_primary,simulated_primary,target_secondary,simulated_secondary
3.892174481025757,-0.1628871835711952,-0.08373107755386772,-7.761804176203133e-10,-0.0001418569267412245
1.946087240512878,-0.1693587368036706,-0.1438292452680548,-8.62086793938113e-09,-0.0003983216705964216
0,-0.1732967888652812,-0.167522737152352,-9.693677960702751e-08,-0.001257310777480555
-3.892174481025757,-0.1775288004344176,-0.1774021159062676,-1.248286977516554e-05,-0.01269368590311758
-7.784348962051514,-0.1796789293695205,-0.1798799384230348,-0.001583758157366003,-0.06324675553133453
-11.67652344307727,-0.1813329993590229,-0.1815497394235737,-0.06499947154393076,-0.1291517705316212
-15.56869792410303,-0.1828290536501108,-0.1828334137805455,-0.1637409183531224,-0.1651242157499361
-19.46087240512878,-0.1839047658586455,-0.1838931475039606,-0.1811200868555184,-0.1777480093673196
