{
  "timestamp": "2026-03-14T23:02:30.173143+00:00",
  "test": "gradient_pde_consistency",
  "method": "FD convergence rate verification (adjoint fallback)",
  "phi_applied": [
    -2.0,
    -5.0,
    -8.0,
    -12.0,
    -16.0
  ],
  "evaluation_points": {
    "true": {
      "params": [
        0.0012631578947368421,
        5.2631578947368424e-05,
        0.627,
        0.5
      ],
      "gradient_ref": [
        -7.171223966073602e-10,
        2.015548010012453e-10,
        -8.761271268184856e-13,
        2.672021818998836e-13
      ],
      "gradients": {
        "0.01": [
          -7.332870727122667e-06,
          -9.81304508465866e-07,
          -9.508957665103342e-09,
          1.3638561002139716e-09
        ],
        "0.001": [
          -7.331548887043943e-08,
          -9.86519212205947e-09,
          -9.497625677334562e-11,
          1.3707818974673343e-11
        ],
        "0.0001": [
          -7.171223966073602e-10,
          2.015548010012453e-10,
          -8.761271268184856e-13,
          2.672021818998836e-13
        ]
      },
      "relative_errors": {},
      "convergence_rates": {}
    },
    "+10%": {
      "params": [
        0.0013894736842105264,
        5.7894736842105274e-05,
        0.6897000000000001,
        0.55
      ],
      "gradient_ref": [
        0.04748720146653613,
        0.08520930359832243,
        0.00020705482325366703,
        2.546582820900621e-05
      ],
      "gradients": {
        "0.01": [
          0.04748122087660759,
          0.08520923080439266,
          0.00020704558438200982,
          2.546723535419152e-05
        ],
        "0.001": [
          0.04748714232469296,
          0.0852093033386591,
          0.0002070547317561647,
          2.546584216726831e-05
        ],
        "0.0001": [
          0.04748720146653613,
          0.08520930359832243,
          0.00020705482325366703,
          2.546582820900621e-05
        ]
      },
      "relative_errors": {
        "k0_1": 1.2454270064226054e-06,
        "k0_2": 3.0473589330872458e-09,
        "alpha_1": 4.4189988380620634e-07,
        "alpha_2": 5.481173432199186e-07
      },
      "convergence_rates": {
        "k0_1": 2.0048491698734545,
        "k0_2": 2.447684538854171,
        "alpha_1": 2.0042096950734147,
        "alpha_2": 2.003507560021705
      }
    },
    "-10%": {
      "params": [
        0.0011368421052631579,
        4.736842105263158e-05,
        0.5643,
        0.45
      ],
      "gradient_ref": [
        -0.05866920665662177,
        -0.11518537625901705,
        -0.00023036011409167907,
        -2.9145922489345115e-05
      ],
      "gradients": {
        "0.01": [
          -0.05867762534392214,
          -0.11553344382788211,
          -0.00023033965132815285,
          -2.9180941724373875e-05
        ],
        "0.001": [
          -0.058668873644369575,
          -0.11552895353105853,
          -0.00023033036913098508,
          -2.9185529677891282e-05
        ],
        "0.0001": [
          -0.05866920665662177,
          -0.11518537625901705,
          -0.00023036011409167907,
          -2.9145922489345115e-05
        ]
      },
      "relative_errors": {
        "k0_1": 5.6760994595768095e-06,
        "k0_2": 0.002982820243334388,
        "alpha_1": 0.0001291237452771339,
        "alpha_2": 0.0013589272585435143
      },
      "convergence_rates": {
        "k0_1": 1.4027841662188338,
        "k0_2": 0.005639132734414901,
        "alpha_1": -0.16244911392607528,
        "alpha_2": -0.05346736080420236
      }
    }
  },
  "pass": true
}