{
  "l_eff_m": 1.6e-05,
  "ratio": 1e-18,
  "k0_targets": {
    "0": 0.0012631578947368421,
    "1": 1.2631578947368422e-21
  },
  "v_rhe": [
    -0.4,
    -0.3208,
    -0.2417,
    -0.1625,
    -0.0833,
    -0.0042,
    0.075,
    0.1542,
    0.2333,
    0.3125,
    0.3917,
    0.4708,
    0.55
  ],
  "phi_applied_hat": [
    -15.568697924103027,
    -12.486095735130625,
    -9.407385720639253,
    -6.324783531666855,
    -3.242181342694455,
    -0.16347132820308177,
    2.919130860769317,
    6.001733049741716,
    9.08044306423309,
    12.163045253205489,
    15.245647442177887,
    18.32435745666926,
    21.406959645641663
  ],
  "cd_mA_cm2": [
    -4.651071997459115,
    -3.4347943247559893,
    -2.846280197659388,
    -2.536256122780085,
    -1.4156375437542001,
    -0.7525425882568788,
    -0.5917173799163148,
    -0.5658975231635699,
    -0.5620678100671191,
    -0.5601078462619298,
    -0.5518106308957464,
    -0.5097120353579991,
    -0.32566557063322066
  ],
  "pc_mA_cm2": [
    -0.8701955691740664,
    -2.0718070853548562,
    -2.6427127833846793,
    -2.5171809430414425,
    -1.411411196427278,
    -0.7491616490884271,
    -0.5835734742159879,
    -0.5365344789130454,
    -0.46656718428948324,
    -0.34086720464829817,
    -0.20581190589713413,
    -0.10639223230920697,
    -0.042880424276152344
  ],
  "j_ring_mA_cm2": [
    0.19492380749499086,
    0.4640847871194878,
    0.5919676634781682,
    0.5638485312412831,
    0.3161561079997103,
    0.16781220939580768,
    0.1307204582243813,
    0.12018372327652217,
    0.10451104928084425,
    0.07635425384121879,
    0.046101866920958044,
    0.023831860037262363,
    0.009605215037858125
  ],
  "S_H2O2_percent": [
    31.521586616556736,
    75.24812242813672,
    96.29135225755039,
    99.62253057690862,
    99.85050320262073,
    99.77485985027062,
    99.3070731664683,
    97.33652105570101,
    90.7157907030598,
    75.66629160350895,
    54.33098829619402,
    34.53708662400489,
    23.270053056306754
  ],
  "n_e_rrde": [
    3.3695682676688654,
    2.4950375514372656,
    2.0741729548489927,
    2.0075493884618276,
    2.002989935947585,
    2.0045028029945877,
    2.0138585366706345,
    2.0532695788859803,
    2.1856841859388036,
    2.486674167929821,
    2.9133802340761195,
    3.309258267519902,
    3.534598938873865
  ],
  "surface_pH_proxy": [
    10.583496636976028,
    10.532010464510527,
    10.538268462784174,
    10.582231435469662,
    10.32363718876228,
    9.773189261040502,
    9.063578423441378,
    8.299518816682145,
    7.54338832837468,
    6.821679896437009,
    6.137429896323422,
    5.483635115843855,
    4.883686978536965
  ],
  "c_H_surface_nondim": [
    2.174313272898432e-08,
    2.4479823907455514e-08,
    2.412960936552465e-08,
    2.180656792122346e-08,
    3.955319452705579e-08,
    1.4048485026339785e-07,
    7.198472179029203e-07,
    4.181190329565221e-06,
    2.3846817363979995e-05,
    0.00012564316199264425,
    0.0006072798310994482,
    0.0027364255583823415,
    0.010892605511066399
  ],
  "N_collection_used": 0.224,
  "converged": [
    true,
    true,
    true,
    true,
    true,
    true,
    true,
    true,
    true,
    true,
    true,
    true,
    true
  ],
  "method": [
    "warm<--12.486",
    "warm<--9.407",
    "warm<--6.325",
    "warm<--3.242",
    "warm<--0.163",
    "warm<-+2.919",
    "warm<-+6.002",
    "warm<-+9.080",
    "warm<-+12.163",
    "warm<-+15.246",
    "warm<-+18.324",
    "warm<-+21.407",
    "warm<-+21.407"
  ],
  "n_converged": 13,
  "n_total": 13,
  "anchor": {
    "v_rhe": 0.55,
    "phi_applied_eta": 21.406959645641663,
    "converged": true,
    "ladder_history": [
      [
        1e-12,
        "ok"
      ],
      [
        1e-09,
        "ok"
      ],
      [
        1e-06,
        "ok"
      ],
      [
        0.001,
        "ok"
      ],
      [
        1.0,
        "fail"
      ],
      [
        0.03162277660168379,
        "ok"
      ],
      [
        1.0,
        "ok"
      ]
    ],
    "wall_seconds": 12.487601041793823
  },
  "grid_wall_seconds": 294.5936589241028,
  "config": {
    "l_eff_m": 1.6e-05,
    "domain_height_hat": 0.15999999999999998,
    "ratio_K0_R4e_to_K0_R2e": 1e-18,
    "mesh_Nx": 8,
    "mesh_Ny": 80,
    "mesh_beta": 3.0,
    "exponent_clip": 100.0,
    "u_clamp": 100.0,
    "stern_capacitance_f_m2": 0.1,
    "ic": "debye_boltzmann",
    "formulation": "logc_muh",
    "initial_scales": [
      1e-12,
      1e-09,
      1e-06,
      0.001,
      1.0
    ],
    "max_inserts_per_step": 4,
    "ic_at_target": true,
    "n_substeps_warm": 8,
    "bisect_depth_warm": 5,
    "v_rhe_grid_n": 13,
    "v_rhe_grid_min": -0.4,
    "v_rhe_grid_max": 0.55,
    "anchor_v_rhe": 0.55,
    "n_collection": 0.224,
    "enable_water_ionization": false,
    "kw_eff_hat_target": 0.0
  }
}