V_RHE,observable,param,adjoint,fd,rel_err,verdict
0.3,cd,log_k0_1,-3.7627550368903415e-06,-1.881591662607367e-06,0.9997723797713904,FAIL
0.3,cd,log_k0_2,-5.288898968019095e-13,-1.7319217561607796e-05,0.9999999694622523,FAIL
0.3,cd,alpha_1,-0.00011130427341031143,-5.5658543095003446e-05,0.9997697967107477,FAIL
0.3,cd,alpha_2,-5.288898954780416e-11,2.8619904890962852e-08,1.0018479792210806,FAIL
0.3,pc,log_k0_1,-1.2367081128101986e-12,-1.881591662607367e-06,0.9999993427329971,FAIL
0.3,pc,log_k0_2,5.270614607344379e-13,1.7319217561607796e-05,0.999999969567825,FAIL
0.3,pc,alpha_1,-3.658247655638526e-11,-5.5658543095020387e-05,0.999999342733846,FAIL
0.3,pc,alpha_2,5.2706146125941986e-11,-2.8620076516778625e-08,1.0018415794973519,FAIL
