{
  "factor": 1e-16,
  "k0_targets": {
    "0": 0.0012631578947368421,
    "1": 1.263157894736842e-19
  },
  "v_rhe": [
    -0.4,
    -0.3604,
    -0.3208,
    -0.2812,
    -0.2417,
    -0.2021,
    -0.1625,
    -0.1229,
    -0.0833,
    -0.0437,
    -0.0042,
    0.0354,
    0.075,
    0.1146,
    0.1542,
    0.1938,
    0.2333,
    0.2729,
    0.3125,
    0.3521,
    0.3917,
    0.4313,
    0.4708,
    0.5104,
    0.55
  ],
  "phi_applied_hat": [
    -15.568697924103027,
    -14.027396829616826,
    -12.486095735130625,
    -10.944794640644428,
    -9.407385720639253,
    -7.866084626153054,
    -6.324783531666855,
    -4.783482437180655,
    -3.242181342694455,
    -1.7008802482082557,
    -0.16347132820308177,
    1.3778297662831178,
    2.919130860769317,
    4.460431955255516,
    6.001733049741716,
    7.543034144227916,
    9.08044306423309,
    10.621744158719288,
    12.163045253205489,
    13.70434634769169,
    15.245647442177887,
    16.786948536664088,
    18.32435745666926,
    19.86565855115546,
    21.406959645641663
  ],
  "cd_mA_cm2": [
    -0.08984613707373859,
    -0.08984602928615627,
    -0.08984595352533345,
    -0.08984594459026726,
    -0.08984596485062359,
    -0.08984596702966702,
    -0.08984595478864252,
    -0.0898459372594087,
    -0.08984587180717861,
    -0.08984565307830102,
    -0.0898451459020329,
    -0.08984423658878708,
    -0.08984154443228379,
    -0.08980836368476887,
    -0.0892465918779777,
    -0.0769621482673827,
    -0.0007778957685156691,
    -6.118723122034856e-08,
    -1.6250961700354789e-12,
    -1.3090306690731022e-17,
    -3.774870327499184e-23,
    1.5750281746514306e-25,
    4.968619160445868e-27,
    1.4511277322175267e-28,
    4.2128018727658106e-30
  ],
  "pc_mA_cm2": [
    -0.008095667349636381,
    -0.015486371331841647,
    -0.02696783278364796,
    -0.04185665371800575,
    -0.05747658497487899,
    -0.0706949621955568,
    -0.07950312635017057,
    -0.08377984092086822,
    -0.08516788162027858,
    -0.08548875373289995,
    -0.0855268872794979,
    -0.08529156703609525,
    -0.08215054704029988,
    -0.06809656446382399,
    -0.04701033964007942,
    -0.024466167046176546,
    -0.0005908902304116187,
    -6.116841188337964e-08,
    -1.6250960010472453e-12,
    -1.3090306690546864e-17,
    -3.7748703274991885e-23,
    1.575028174651432e-25,
    4.968619160445862e-27,
    1.4511277322175262e-28,
    4.212801872765821e-30
  ],
  "converged": [
    true,
    true,
    true,
    true,
    true,
    true,
    true,
    true,
    true,
    true,
    true,
    true,
    true,
    true,
    true,
    true,
    true,
    true,
    true,
    true,
    true,
    true,
    true,
    true,
    true
  ],
  "method": [
    "warm<--14.027",
    "warm<--12.486",
    "warm<--10.945",
    "warm<--9.407",
    "warm<--7.866",
    "warm<--6.325",
    "warm<--4.783",
    "warm<--3.242",
    "warm<--1.701",
    "warm<--0.163",
    "warm<-+1.378",
    "warm<-+2.919",
    "warm<-+4.460",
    "warm<-+6.002",
    "warm<-+7.543",
    "warm<-+9.080",
    "warm<-+10.622",
    "warm<-+12.163",
    "warm<-+13.704",
    "warm<-+15.246",
    "warm<-+16.787",
    "warm<-+18.324",
    "warm<-+19.866",
    "warm<-+21.407",
    "warm<-+21.407"
  ],
  "n_converged": 25,
  "n_total": 25,
  "anchor": {
    "v_rhe": 0.55,
    "phi_applied_eta": 21.406959645641663,
    "stern_anchor_f_m2": 0.1,
    "stern_final_f_m2": 100.0,
    "stern_bump_ladder": [
      0.2,
      0.5,
      1.0,
      2.0,
      5.0,
      10.0,
      100.0
    ],
    "stern_bump_history": [
      [
        0.2,
        "ok"
      ],
      [
        0.5,
        "ok"
      ],
      [
        1.0,
        "ok"
      ],
      [
        2.0,
        "ok"
      ],
      [
        5.0,
        "ok"
      ],
      [
        10.0,
        "ok"
      ],
      [
        100.0,
        "ok"
      ]
    ],
    "converged": true,
    "wall_seconds": 19.90535807609558,
    "ladder_history": [
      [
        1e-12,
        "ok"
      ],
      [
        1e-09,
        "ok"
      ],
      [
        1e-06,
        "ok"
      ],
      [
        0.001,
        "ok"
      ],
      [
        1.0,
        "fail"
      ],
      [
        0.03162277660168379,
        "ok"
      ],
      [
        1.0,
        "ok"
      ]
    ]
  },
  "grid_wall_seconds": 620.3536303043365,
  "config": {
    "K0_R4e_factor": 1e-16,
    "K0_R2e_basis_m_s": 2.4e-08,
    "alpha_R2e": 0.627,
    "alpha_R4e": 0.5,
    "E_eq_R2e_V": 0.695,
    "E_eq_R4e_V": 1.23,
    "n_electrons_R2e": 2,
    "n_electrons_R4e": 4,
    "stern_mode": "near_no_stern_bump_ladder",
    "stern_anchor_f_m2": 0.1,
    "stern_final_f_m2": 100.0,
    "l_eff_m": 0.0001,
    "mesh_Nx": 8,
    "mesh_Ny": 80,
    "mesh_beta": 3.0,
    "exponent_clip": 100.0,
    "u_clamp": 100.0,
    "n_substeps_warm": 8,
    "bisect_depth_warm": 5,
    "initializer": "debye_boltzmann",
    "formulation": "logc_muh",
    "v_rhe_grid_n": 25,
    "v_rhe_grid_min": -0.4,
    "v_rhe_grid_max": 0.55,
    "anchor_v_rhe": 0.55,
    "counterions": [
      "Cs+",
      "SO4(2-)"
    ],
    "a_vals_hat_dynamic": {
      "O2_r_A": 1.7,
      "H2O2_r_A": 2.0,
      "Hp_r_A_H3Op_Stokes": 2.8,
      "O2_a_nondim": 1.487193648106637e-05,
      "H2O2_a_nondim": 2.4216464858239555e-05,
      "Hp_a_nondim": 6.644997957100934e-05
    },
    "enable_water_ionization": false,
    "enable_cation_hydrolysis": false,
    "lambda_hydrolysis": 0.0
  }
}