{
  "l_eff_m": 1.6e-05,
  "ratio": 1e-18,
  "k0_targets": {
    "0": 0.0012631578947368421,
    "1": 1.2631578947368422e-21
  },
  "v_rhe": [
    -0.4,
    -0.3208,
    -0.2417,
    -0.1625,
    -0.0833,
    -0.0042,
    0.075,
    0.1542,
    0.2333,
    0.3125,
    0.3917,
    0.4708,
    0.55
  ],
  "phi_applied_hat": [
    -15.568697924103027,
    -12.486095735130625,
    -9.407385720639253,
    -6.324783531666855,
    -3.242181342694455,
    -0.16347132820308177,
    2.919130860769317,
    6.001733049741716,
    9.08044306423309,
    12.163045253205489,
    15.245647442177887,
    18.32435745666926,
    21.406959645641663
  ],
  "cd_mA_cm2": [
    -0.5616765792313426,
    -0.5616737154670568,
    -0.5616704718334625,
    -0.5616668958341416,
    -0.56166314779926,
    -0.561659378552337,
    -0.5616541191619548,
    -0.561628709053432,
    -0.5614245153721742,
    -0.5600012381313764,
    -0.5517914673919323,
    -0.5097084337047735,
    -0.32566502187335816
  ],
  "pc_mA_cm2": [
    -0.5616752948547344,
    -0.5616682819478862,
    -0.5616475907206108,
    -0.5615704003040828,
    -0.561255328462303,
    -0.5599348592005858,
    -0.5544029729171819,
    -0.5327325002936302,
    -0.46612674872385346,
    -0.3408236703715323,
    -0.20580789689988693,
    -0.10639185055801931,
    -0.04288038817089149
  ],
  "j_ring_mA_cm2": [
    0.12581526604746052,
    0.1258136951563265,
    0.1258090603214168,
    0.12579176966811453,
    0.12572119357555586,
    0.12542540846093123,
    0.12418626593344874,
    0.11933208006577316,
    0.10441239171414318,
    0.07634450216322324,
    0.04610096890557468,
    0.023831774524996324,
    0.009605206950279693
  ],
  "S_H2O2_percent": [
    99.99988566569053,
    99.99951630766203,
    99.99796307799059,
    99.99140915900935,
    99.9636821954952,
    99.84624391837049,
    99.35028895060694,
    97.35953645715912,
    90.72574089700942,
    75.66923764085323,
    54.33159176216307,
    34.53718599897243,
    23.270070391457608
  ],
  "n_e_rrde": [
    2.0000022866861893,
    2.000009673846759,
    2.000040738440188,
    2.0001718168198135,
    2.000726356090096,
    2.00307512163259,
    2.012994220987861,
    2.0528092708568177,
    2.185485182059812,
    2.4866152471829355,
    2.913368164756738,
    3.3092562800205516,
    3.5345985921708474
  ],
  "surface_pH_proxy": [
    13.72265153652512,
    12.948380086370127,
    12.176813513910398,
    11.404642102131552,
    10.631218314205228,
    9.85617594332338,
    9.077679486923929,
    8.301464275411229,
    7.543646371896431,
    6.8217147248652665,
    6.137435185014724,
    5.483636071651851,
    4.883687189872878
  ],
  "c_H_surface_nondim": [
    1.5782188180376228e-11,
    9.385094880834391e-11,
    5.546324049138796e-10,
    3.2822877493812904e-09,
    1.9480515257995193e-08,
    1.1604937627832531e-07,
    6.968499400710419e-07,
    4.162502223863585e-06,
    2.3832652576618653e-05,
    0.00012563308639054724,
    0.0006072724358961025,
    0.0027364195359835778,
    0.010892600210519717
  ],
  "N_collection_used": 0.224,
  "converged": [
    true,
    true,
    true,
    true,
    true,
    true,
    true,
    true,
    true,
    true,
    true,
    true,
    true
  ],
  "method": [
    "warm<--12.486",
    "warm<--9.407",
    "warm<--6.325",
    "warm<--3.242",
    "warm<--0.163",
    "warm<-+2.919",
    "warm<-+6.002",
    "warm<-+9.080",
    "warm<-+12.163",
    "warm<-+15.246",
    "warm<-+18.324",
    "warm<-+21.407",
    "warm<-+21.407"
  ],
  "n_converged": 13,
  "n_total": 13,
  "anchor": {
    "v_rhe": 0.55,
    "phi_applied_eta": 21.406959645641663,
    "converged": true,
    "ladder_history": [
      [
        1e-12,
        "ok"
      ],
      [
        1e-09,
        "ok"
      ],
      [
        1e-06,
        "ok"
      ],
      [
        0.001,
        "ok"
      ],
      [
        1.0,
        "fail"
      ],
      [
        0.03162277660168379,
        "ok"
      ],
      [
        1.0,
        "ok"
      ]
    ],
    "wall_seconds": 13.8352689743042
  },
  "grid_wall_seconds": 255.82622385025024,
  "config": {
    "l_eff_m": 1.6e-05,
    "domain_height_hat": 0.15999999999999998,
    "ratio_K0_R4e_to_K0_R2e": 1e-18,
    "mesh_Nx": 8,
    "mesh_Ny": 80,
    "mesh_beta": 3.0,
    "exponent_clip": 100.0,
    "u_clamp": 100.0,
    "stern_capacitance_f_m2": 0.1,
    "ic": "debye_boltzmann",
    "formulation": "logc_muh",
    "initial_scales": [
      1e-12,
      1e-09,
      1e-06,
      0.001,
      1.0
    ],
    "max_inserts_per_step": 4,
    "ic_at_target": true,
    "n_substeps_warm": 8,
    "bisect_depth_warm": 5,
    "v_rhe_grid_n": 13,
    "v_rhe_grid_min": -0.4,
    "v_rhe_grid_max": 0.55,
    "anchor_v_rhe": 0.55,
    "n_collection": 0.224
  }
}