{
  "50": {
    "fim": {
      "n_residuals": 14,
      "n_params": 4,
      "singular_values": [
        10630.609377338576,
        817.8794748996324,
        77.70894902339374,
        2.5100616146166828
      ],
      "fim_eigenvalues": [
        6.3004093235906655,
        6038.680758307199,
        668926.8354621058,
        113009855.7335588
      ],
      "fim_diagonal": [
        8186.1739068166835,
        15255.190424478764,
        30027946.595831804,
        83633439.59002547
      ],
      "condition_number": 17936906.94196887,
      "weak_eigvec": {
        "log_k0_1": 0.9993674447098045,
        "log_k0_2": 0.03077714581279706,
        "alpha_1": -0.01778375947387133,
        "alpha_2": -0.0011025646416763007
      },
      "weak_eigvec_canonical_ridge_cos": 0.03079363538390727,
      "ridge_breaking_score": 0.9692063646160928
    },
    "sigma_cd": 0.0035603758708275058,
    "sigma_pc": 3.0875246647367565e-07,
    "dPC_dalpha2_per_v": [
      0.002783648366689649,
      1.6666789144279253e-07,
      -1.3907576262503496e-09,
      -2.8620126796654374e-08,
      3.3173714372291413e-07,
      0.00047319902053618814,
      4.0433903269145204e-08
    ],
    "dR2_dalpha2_per_v": [
      0.007588385532997233,
      4.378589157916224e-07,
      -1.0717121634584714e-08,
      -1.5611885258680607e-07,
      1.8095862705020576e-06,
      0.002581252564082625,
      2.2056203861223318e-07
    ],
    "S_cd_raw": [
      [
        -3.138991844231498e-08,
        1.4029180595009905e-08,
        -1.9053339461727603e-06,
        1.4103314349700469e-06
      ],
      [
        -0.00046947256399088033,
        -6.536438057480609e-12,
        -0.018854616424118786,
        6.12870865168702e-09
      ],
      [
        -0.016233798455771165,
        7.2624545266464224e-09,
        -0.6065737798045118,
        2.5383861679273423e-09
      ],
      [
        -1.881591662609061e-06,
        -1.7319217559190364e-05,
        -5.565854309503733e-05,
        2.8619955153897942e-08
      ],
      [
        -5.942649326730505e-12,
        -1.5436034849732386e-05,
        -1.2952712632931934e-10,
        -3.3173728449978996e-07
      ],
      [
        2.8497122467763952e-11,
        -1.1881630024612562e-05,
        3.992968539904933e-10,
        -0.0004732024286531097
      ],
      [
        2.2641632933183547e-09,
        -4.4018509116445167e-10,
        1.4100028307181403e-08,
        -4.043390326914727e-08
      ]
    ],
    "S_pc_raw": [
      [
        -2.783609825441571e-05,
        2.7836099515655816e-05,
        -0.0016901595076572586,
        0.002783648366689649
      ],
      [
        -1.7888325572873974e-09,
        1.7346704584905726e-09,
        -4.4698696123162936e-08,
        1.6666789144279253e-07
      ],
      [
        -4.84377554748781e-09,
        -7.250984150470306e-09,
        -1.8098627707535176e-07,
        -1.3907576262503496e-09
      ],
      [
        -1.881591662607367e-06,
        1.731921755918867e-05,
        -5.565854309505427e-05,
        -2.8620126796654374e-08
      ],
      [
        -5.942649326730505e-12,
        1.543603484973408e-05,
        -1.2952712632931934e-10,
        3.3173714372291413e-07
      ],
      [
        2.8497121620731005e-11,
        1.1881630024613409e-05,
        3.9929683704983433e-10,
        0.00047319902053618814
      ],
      [
        2.2641632933183547e-09,
        4.4018509116496866e-10,
        1.4100028307178301e-08,
        4.0433903269145204e-08
      ]
    ],
    "S_r2_raw": [
      [
        -7.583565561630756e-05,
        7.588301009775478e-05,
        -0.004604610889524796,
        0.007588385532997233
      ],
      [
        0.0012804530713783624,
        4.749006743409723e-09,
        0.051424701063285116,
        4.378589157916224e-07
      ],
      [
        0.04427668768000603,
        -3.958441907592203e-08,
        1.6543927089243682,
        -1.0717121634584714e-08
      ],
      [
        0.0,
        9.447423135471614e-05,
        0.0,
        -1.5611885258680607e-07
      ],
      [
        0.0,
        8.420169806225183e-05,
        0.0,
        1.8095862705020576e-06
      ],
      [
        0.0,
        6.481285081039499e-05,
        0.0,
        0.002581252564082625
      ],
      [
        0.0,
        2.4011562877739972e-09,
        0.0,
        2.2056203861223318e-07
      ]
    ],
    "v_used": [
      true,
      true,
      true,
      true,
      true,
      true,
      true
    ],
    "n_used": 7
  }
}