V_RHE,observable,param,adjoint,fd,rel_err,verdict
0.3,cd,log_k0_1,-3.762755036890331e-06,-1.881591662609061e-06,0.9997723797695843,FAIL
0.3,cd,log_k0_2,-5.265029120578087e-13,-1.7319217559190364e-05,0.9999999696000751,FAIL
0.3,cd,alpha_1,-0.00011130427341031117,-5.565854309503733e-05,0.9997697967095257,FAIL
0.3,cd,alpha_2,-5.2650290498196246e-11,2.8619955153897942e-08,1.0018396356743076,FAIL
0.3,pc,log_k0_1,-1.23670811191839e-12,-1.881591662607367e-06,0.9999993427329975,FAIL
0.3,pc,log_k0_2,5.246744737684135e-13,1.731921755918867e-05,0.999999969705648,FAIL
0.3,pc,alpha_1,-3.658247653810732e-11,-5.565854309505427e-05,0.9999993427338464,FAIL
0.3,pc,alpha_2,5.246744635426752e-11,-2.8620126796654374e-08,1.0018332359855373,FAIL
