{
  "50": {
    "fim": {
      "n_residuals": 10,
      "n_params": 4,
      "singular_values": [
        10565.30149457866,
        151.14309171860765,
        0.1846019716051479,
        0.023476097982696533
      ],
      "fim_eigenvalues": [
        0.0005511136282537042,
        0.03407787124002846,
        22844.234174260913,
        111625595.67134605
      ],
      "fim_diagonal": [
        8175.905969864099,
        8153.830521410135,
        30091563.266816877,
        81540546.93684116
      ],
      "condition_number": 202545518652.9327,
      "weak_eigvec": {
        "log_k0_1": -0.0009803307766927812,
        "log_k0_2": -0.9999494613228774,
        "alpha_1": 2.6511860476768137e-05,
        "alpha_2": 0.01000565084223966
      },
      "weak_eigvec_canonical_ridge_cos": 0.9999360408337132,
      "ridge_breaking_score": 6.395916628676446e-05
    },
    "sigma_cd": 0.0035603758708275058,
    "sigma_pc": 3.082766722946913e-07,
    "dPC_dalpha2_per_v": [
      0.002783648366689649,
      2.1619330207044878e-05,
      1.6666789144279253e-07,
      7.493784052629371e-09,
      -1.3907576262503496e-09
    ],
    "dR2_dalpha2_per_v": [
      0.007588385532997233,
      5.891629212273486e-05,
      4.378589157916224e-07,
      2.5761337507645976e-08,
      -1.0717121634584714e-08
    ],
    "S_cd_raw": [
      [
        -3.138991844231498e-08,
        1.4029180595009905e-08,
        -1.9053339461727603e-06,
        1.4103314349700469e-06
      ],
      [
        -2.619734984499189e-06,
        1.0762224444960111e-10,
        -0.00013867179279869468,
        1.8008788904566586e-08
      ],
      [
        -0.00046947256399088033,
        -6.536438057480609e-12,
        -0.018854616424118786,
        6.12870865168702e-09
      ],
      [
        -0.004011350530172542,
        -4.246603069191224e-12,
        -0.1655902369937512,
        -1.9520496330471815e-09
      ],
      [
        -0.016233798455771165,
        7.2624545266464224e-09,
        -0.6065737798045118,
        2.5383861679273423e-09
      ]
    ],
    "S_pc_raw": [
      [
        -2.783609825441571e-05,
        2.7836099515655816e-05,
        -0.0016901595076572586,
        0.002783648366689649
      ],
      [
        -2.1626083751539083e-07,
        2.1626217063005332e-07,
        -1.144721869949207e-05,
        2.1619330207044878e-05
      ],
      [
        -1.7888325572873974e-09,
        1.7346704584905726e-09,
        -4.4698696123162936e-08,
        1.6666789144279253e-07
      ],
      [
        -1.3124436856992413e-09,
        7.496970709161555e-11,
        -5.153316882177219e-08,
        7.493784052629371e-09
      ],
      [
        -4.84377554748781e-09,
        -7.250984150470306e-09,
        -1.8098627707535176e-07,
        -1.3907576262503496e-09
      ]
    ],
    "S_r2_raw": [
      [
        -7.583565561630756e-05,
        7.588301009775478e-05,
        -0.004604610889524796,
        0.007588385532997233
      ],
      [
        6.555329751245509e-06,
        5.895479937567671e-07,
        0.0003469973081093869,
        5.891629212273486e-05
      ],
      [
        0.0012804530713783624,
        4.749006743409723e-09,
        0.051424701063285116,
        4.378589157916224e-07
      ],
      [
        0.010940711748175236,
        2.1635471192382738e-10,
        0.451637189666787,
        2.5761337507645976e-08
      ],
      [
        0.04427668768000603,
        -3.958441907592203e-08,
        1.6543927089243682,
        -1.0717121634584714e-08
      ]
    ],
    "v_used": [
      true,
      true,
      true,
      true,
      true
    ],
    "n_used": 5
  }
}