{
  "N0_fine": {
    "ring_peak": 0.3675925209917188,
    "ring_peak_V": 0.329167,
    "n_pts": 25
  },
  "C1_fine": {
    "ring_peak": 0.07819378917016731,
    "ring_peak_V": 0.416667,
    "n_pts": 25
  },
  "data": {
    "ring_peak": 0.06904761904761905,
    "ring_peak_V": 0.009022556390977444
  }
}