{
  "factor": 1e-15,
  "k0_targets": {
    "0": 0.0012631578947368421,
    "1": 1.2631578947368422e-18
  },
  "v_rhe": [
    -1.303,
    -1.2634,
    -1.2238,
    -1.1842,
    -1.1447,
    -1.1051,
    -1.0655,
    -1.0259,
    -0.9863,
    -0.9467,
    -0.9072,
    -0.8676,
    -0.828,
    -0.7884,
    -0.7488,
    -0.7092,
    -0.6697,
    -0.6301,
    -0.5905,
    -0.5509,
    -0.5113,
    -0.4717,
    -0.4322,
    -0.3926,
    -0.353
  ],
  "v_rhe_deck": [
    -0.4,
    -0.3604,
    -0.3208,
    -0.2812,
    -0.2417,
    -0.2021,
    -0.1625,
    -0.1229,
    -0.0833,
    -0.0437,
    -0.0042,
    0.0354,
    0.075,
    0.1146,
    0.1542,
    0.1938,
    0.2333,
    0.2729,
    0.3125,
    0.3521,
    0.3917,
    0.4313,
    0.4708,
    0.5104,
    0.55
  ],
  "phi_applied_hat": [
    -50.7150334877656,
    -49.17373239327941,
    -47.63243129879321,
    -46.09113020430701,
    -44.55372128430184,
    -43.012420189815636,
    -41.47111909532943,
    -39.929818000843234,
    -38.38851690635703,
    -36.84721581187083,
    -35.30980689186566,
    -33.76850579737946,
    -32.22720470289326,
    -30.685903608407063,
    -29.144602513920866,
    -27.603301419434665,
    -26.065892499429488,
    -24.52459140494329,
    -22.983290310457093,
    -21.44198921597089,
    -19.90068812148469,
    -18.359387026998494,
    -16.821978106993317,
    -15.28067701250712,
    -13.739375918020919
  ],
  "cd_mA_cm2": [
    -0.8799473466457899,
    -0.8799395624814131,
    -0.8799115488502508,
    -0.8798111585577167,
    -0.8794533063987683,
    -0.8781737128348713,
    -0.8736372058889295,
    -0.8574717788327031,
    -0.7955919750264485,
    -0.6202068246505726,
    -0.4100340277644889,
    -0.26156726215333287,
    -0.175859257065158,
    -0.13075186245461587,
    -0.10851802421540711,
    -0.09812844503950298,
    -0.09345582242071594,
    -0.09138441516386031,
    -0.09048384597791766,
    -0.09009905574906632,
    -0.08992085409861193,
    -0.08980288019252108,
    -0.08965344256510453,
    -0.08935810155166587,
    -0.08869076997537181
  ],
  "pc_mA_cm2": [
    -3.0552457282063557e-06,
    -1.0902755281579668e-05,
    -3.8956964171207444e-05,
    -0.0001393567283462369,
    -0.0004970747188741653,
    -0.0017738825801134031,
    -0.006241303180533486,
    -0.020781440666859666,
    -0.055836792992427345,
    -0.08270180148077476,
    -0.06921167256013695,
    -0.045950106790138105,
    -0.028801606663339183,
    -0.018320041780385463,
    -0.012100440777302513,
    -0.008256124362655734,
    -0.005746259859113712,
    -0.004030509558904366,
    -0.0028372020230381864,
    -0.0020001839126329544,
    -0.0014111797610693233,
    -0.0009962721490437716,
    -0.00070444414243499,
    -0.0004978985245625419,
    -0.00035177310166629685
  ],
  "converged": [
    true,
    true,
    true,
    true,
    true,
    true,
    true,
    true,
    true,
    true,
    true,
    true,
    true,
    true,
    true,
    true,
    true,
    true,
    true,
    true,
    true,
    true,
    true,
    true,
    true
  ],
  "method": [
    "warm<--49.174",
    "warm<--47.632",
    "warm<--46.091",
    "warm<--44.554",
    "warm<--43.012",
    "warm<--41.471",
    "warm<--39.930",
    "warm<--38.389",
    "warm<--36.847",
    "warm<--35.310",
    "warm<--33.769",
    "warm<--32.227",
    "warm<--30.686",
    "warm<--29.145",
    "warm<--27.603",
    "warm<--26.066",
    "warm<--24.525",
    "warm<--22.983",
    "warm<--21.442",
    "warm<--19.901",
    "warm<--18.359",
    "warm<--16.822",
    "warm<--15.281",
    "warm<--13.739",
    "warm<-+0.000"
  ],
  "n_converged": 25,
  "n_total": 25,
  "anchor": {
    "v_rhe_solver": 0.0,
    "v_rhe_deck": 0.903,
    "phi_applied_eta": 0.0,
    "stern_anchor_f_m2": 0.1,
    "stern_final_f_m2": 0.2,
    "stern_bump_ladder": [
      0.2
    ],
    "stern_bump_history": [
      [
        0.2,
        "ok"
      ]
    ],
    "converged": true,
    "wall_seconds": 48.86092519760132,
    "ladder_history": [
      [
        1e-12,
        "ok"
      ],
      [
        1e-09,
        "ok"
      ],
      [
        1e-06,
        "ok"
      ],
      [
        0.001,
        "ok"
      ],
      [
        1.0,
        "ok"
      ]
    ]
  },
  "grid_wall_seconds": 1051.6519057750702,
  "config": {
    "K0_R4e_factor": 1e-15,
    "K0_R2e_basis_m_s": 2.4e-08,
    "alpha_R2e": 0.627,
    "alpha_R4e": 0.5,
    "E_eq_R2e_V_solver": -0.20800000000000007,
    "E_eq_R4e_V_solver": 0.32699999999999996,
    "E_eq_R2e_V_real_RHE": 0.695,
    "E_eq_R4e_V_real_RHE": 1.23,
    "n_electrons_R2e": 2,
    "n_electrons_R4e": 4,
    "stern_mode": "bump_ladder",
    "stern_anchor_f_m2": 0.1,
    "stern_final_f_m2": 0.2,
    "l_eff_m": 9.999999999999999e-05,
    "mesh_Nx": 8,
    "mesh_Ny": 80,
    "mesh_beta": 3.0,
    "exponent_clip": 100.0,
    "u_clamp": 100.0,
    "n_substeps_warm": 8,
    "bisect_depth_warm": 5,
    "initializer": "debye_boltzmann",
    "formulation": "logc_muh",
    "v_rhe_grid_n": 25,
    "v_rhe_grid_min_solver": -1.303,
    "v_rhe_grid_max_solver": -0.353,
    "v_rhe_grid_min_deck": -0.4,
    "v_rhe_grid_max_deck": 0.55,
    "anchor_v_rhe_solver": 0.0,
    "anchor_v_rhe_deck": 0.903,
    "counterions": [
      "Cs+",
      "SO4(2-)"
    ],
    "a_vals_hat_dynamic": {
      "O2_r_A": 1.7,
      "H2O2_r_A": 2.0,
      "Hp_r_A_H3Op_Stokes": 2.8,
      "O2_a_nondim": 1.487193648106637e-05,
      "H2O2_a_nondim": 2.4216464858239555e-05,
      "Hp_a_nondim": 6.644997957100934e-05
    },
    "enable_water_ionization": false,
    "enable_cation_hydrolysis": false,
    "lambda_hydrolysis": 0.0,
    "ocp_shift": {
      "pH": 4.0,
      "V_OCP_RHE": 0.903,
      "formula": "0.47 + 0.197 + 0.059*pH",
      "applied_to": [
        "V_RHE",
        "E_eq_R2e",
        "E_eq_R4e"
      ],
      "source": "project_deck_ocp_convention.md / Yash-Trends/Data and Plotting.zip cell 4"
    }
  }
}