{
  "exponent_clip": 100.0,
  "n_substeps_warm": 8,
  "bisect_depth_warm": 5,
  "v_rhe": [
    -0.5,
    -0.4,
    -0.3,
    -0.2,
    -0.1,
    0.0,
    0.05,
    0.1,
    0.2,
    0.3,
    0.4,
    0.5,
    0.6,
    0.62,
    0.64,
    0.66,
    0.68,
    0.7,
    0.72,
    0.75,
    0.8,
    0.85,
    0.9,
    0.95,
    1.0,
    1.05,
    1.1,
    1.15,
    1.2
  ],
  "cd_mA_cm2": [
    -0.18379460764066544,
    -0.1827751674717571,
    -0.18161160673013824,
    -0.18016888937753095,
    -0.17801877337206218,
    -0.17378566106837626,
    -0.16985326764658257,
    -0.1630716071891558,
    -0.07860707994977864,
    -1.9200812552072253e-05,
    -1.5437590104435068e-05,
    -1.1823821747447937e-05,
    1.8178079877876034e-09,
    3.9961729210914045e-09,
    7.220288788787576e-09,
    1.2921215075201522e-08,
    null,
    null,
    null,
    null,
    null,
    null,
    null,
    null,
    null,
    null,
    null,
    null,
    null
  ],
  "pc_mA_cm2": [
    1.5382211840561416e-05,
    1.5382513480759173e-05,
    1.5382858832980172e-05,
    1.538328819782842e-05,
    1.5383930763831522e-05,
    1.5385198992624214e-05,
    1.538637839488128e-05,
    1.5388413719303576e-05,
    1.5413842121856253e-05,
    1.5437624101798735e-05,
    1.5437578217781596e-05,
    1.1823878464086948e-05,
    2.695199073538569e-09,
    4.0812025619472156e-09,
    7.2285153419332486e-09,
    1.2921942287552348e-08,
    null,
    null,
    null,
    null,
    null,
    null,
    null,
    null,
    null,
    null,
    null,
    null,
    null
  ],
  "z_factor": [
    1.0,
    1.0,
    1.0,
    1.0,
    1.0,
    1.0,
    1.0,
    1.0,
    1.0,
    1.0,
    1.0,
    1.0,
    1.0,
    1.0,
    1.0,
    1.0,
    0.75,
    0.5,
    0.35000000000000003,
    0.2,
    0.15000000000000002,
    0.1,
    0.05,
    0.05,
    0.05,
    0.0,
    0.0,
    0.0,
    0.0
  ],
  "method_at_v": [
    "warm<--15.569",
    "warm<--11.677",
    "warm<--7.784",
    "warm<--3.892",
    "warm<-+0.000",
    "warm<-+1.946",
    "warm<-+3.892",
    "warm<-+7.784",
    "warm<-+11.677",
    "warm<-+15.569",
    "cold",
    "cold",
    "cold",
    "cold",
    "cold",
    "cold",
    "cold-failed",
    "cold-failed",
    "cold-failed",
    "cold-failed",
    "cold-failed",
    "cold-failed",
    "cold-failed",
    "cold-failed",
    "cold-failed",
    "cold-failed",
    "cold-failed",
    "cold-failed",
    "cold-failed"
  ],
  "surface_fields": [
    {
      "electrode_area_nondim": 1.0,
      "u0_surface_mean": -0.7063966366841724,
      "c0_surface_mean": 0.4934189657737191,
      "u1_surface_mean": -28.67646936150669,
      "c1_surface_mean": 3.5153421040156423e-13,
      "u2_surface_mean": -27.061145064302924,
      "c2_surface_mean": 1.7680478911898069e-12,
      "phi_surface_mean": -19.460872405128782
    },
    {
      "electrode_area_nondim": 1.0,
      "u0_surface_mean": -0.7007490164122993,
      "c0_surface_mean": 0.49621349251252117,
      "u1_surface_mean": -29.659433122940833,
      "c1_surface_mean": 1.3154424671862342e-13,
      "u2_surface_mean": -24.626356761546614,
      "c2_surface_mean": 2.0179441817951444e-11,
      "phi_surface_mean": -15.568697924103024
    },
    {
      "electrode_area_nondim": 1.0,
      "u0_surface_mean": -0.694341335909645,
      "c0_surface_mean": 0.49940327868503614,
      "u1_surface_mean": -30.641636678911556,
      "c1_surface_mean": 4.9261345964477884e-14,
      "u2_surface_mean": -22.192361053524685,
      "c2_surface_mean": 2.3013361209464275e-10,
      "phi_surface_mean": -11.67652344307727
    },
    {
      "electrode_area_nondim": 1.0,
      "u0_surface_mean": -0.6864571796473836,
      "c0_surface_mean": 0.5033562144776567,
      "u1_surface_mean": -31.62236348013429,
      "c1_surface_mean": 1.8474897426015602e-14,
      "u2_surface_mean": -19.75989953865563,
      "c2_surface_mean": 2.6205030372416993e-09,
      "phi_surface_mean": -7.784348962051512
    },
    {
      "electrode_area_nondim": 1.0,
      "u0_surface_mean": -0.6748151150567052,
      "c0_surface_mean": 0.5092505646661426,
      "u1_surface_mean": -32.59933166385195,
      "c1_surface_mean": 6.954888064928323e-15,
      "u2_surface_mean": -17.331337202304976,
      "c2_surface_mean": 2.972322226228187e-08,
      "phi_surface_mean": -3.892174481025756
    },
    {
      "electrode_area_nondim": 1.0,
      "u0_surface_mean": -0.652282263907336,
      "c0_surface_mean": 0.520855689090376,
      "u1_surface_mean": -33.56540690081459,
      "c1_surface_mean": 2.6468479894079137e-15,
      "u2_surface_mean": -14.914264249034307,
      "c2_surface_mean": 3.332862025316417e-07,
      "phi_surface_mean": 0.0
    },
    {
      "electrode_area_nondim": 1.0,
      "u0_surface_mean": -0.6317936840366057,
      "c0_surface_mean": 0.5316373558378307,
      "u1_surface_mean": -34.03922036232861,
      "c1_surface_mean": 1.647989454637968e-15,
      "u2_surface_mean": -13.715767411372534,
      "c2_surface_mean": 1.104887087611602e-06,
      "phi_surface_mean": 1.946087240512878
    },
    {
      "electrode_area_nondim": 1.0,
      "u0_surface_mean": -0.5974128302735668,
      "c0_surface_mean": 0.5502333432502904,
      "u1_surface_mean": -34.499138109477414,
      "c1_surface_mean": 1.040434365854448e-15,
      "u2_surface_mean": -12.53313079429034,
      "c2_surface_mean": 3.6052090706002134e-06,
      "phi_surface_mean": 3.892174481025756
    },
    {
      "electrode_area_nondim": 1.0,
      "u0_surface_mean": -0.24589274060676863,
      "c0_surface_mean": 0.7820060979268801,
      "u1_surface_mean": -35.13602690579861,
      "c1_surface_mean": 5.503226640375788e-16,
      "u2_surface_mean": -10.633374293026272,
      "c2_surface_mean": 2.4098178697861408e-05,
      "phi_surface_mean": 7.784348962051512
    },
    {
      "electrode_area_nondim": 1.0,
      "u0_surface_mean": -0.002052397939816049,
      "c0_surface_mean": 0.9979497067886759,
      "u1_surface_mean": -33.661551629874324,
      "c1_surface_mean": 2.404218168964701e-15,
      "u2_surface_mean": -13.288276802055051,
      "c2_surface_mean": 1.6942391413749987e-06,
      "phi_surface_mean": 11.67652344307727
    },
    {
      "electrode_area_nondim": 1.0,
      "u0_surface_mean": -0.0020439086581114582,
      "c0_surface_mean": 0.997958178700824,
      "u1_surface_mean": -22.099771419410562,
      "c1_surface_mean": 2.524592113649849e-10,
      "u2_surface_mean": -17.180566665075627,
      "c2_surface_mean": 3.456007699751692e-08,
      "phi_surface_mean": 15.568697924103024
    },
    {
      "electrode_area_nondim": 1.0,
      "u0_surface_mean": -0.0020436827614409084,
      "c0_surface_mean": 0.9979584041362795,
      "u1_surface_mean": -10.689037309258696,
      "c1_surface_mean": 2.2793450791387302e-05,
      "u2_surface_mean": -21.07317955804349,
      "c2_surface_mean": 7.047488920569389e-10,
      "phi_surface_mean": 19.460872405128782
    },
    {
      "electrode_area_nondim": 1.0,
      "u0_surface_mean": -0.0020428843489206133,
      "c0_surface_mean": 0.9979592009190821,
      "u1_surface_mean": -9.215948789544134,
      "c1_surface_mean": 9.944072802455154e-05,
      "u2_surface_mean": -24.964548377709285,
      "c2_surface_mean": 1.4389125363816245e-11,
      "phi_surface_mean": 23.35304688615454
    },
    {
      "electrode_area_nondim": 1.0,
      "u0_surface_mean": -0.0020428792318676744,
      "c0_surface_mean": 0.9979592060256922,
      "u1_surface_mean": -9.21455790913301,
      "c1_surface_mean": 9.957913441628552e-05,
      "u2_surface_mean": -25.743002851497547,
      "c2_surface_mean": 6.606263832144995e-12,
      "phi_surface_mean": 24.13148178235969
    },
    {
      "electrode_area_nondim": 1.0,
      "u0_surface_mean": -0.002042199090775313,
      "c0_surface_mean": 0.9979598847789876,
      "u1_surface_mean": -9.21372574930436,
      "c1_surface_mean": 9.966203466006092e-05,
      "u2_surface_mean": -26.522019029572373,
      "c2_surface_mean": 3.03133187714622e-12,