{
  "v_rhe": [
    0.66,
    0.68,
    0.7,
    0.75,
    0.8,
    1.0
  ],
  "reports": [
    {
      "initializer": "linear_phi",
      "diagnostics_at_v": [
        {
          "phase": "cold_z_ramp",
          "max_phi": 25.688351574769992,
          "min_phi": -3.7511485727121103,
          "max_u0": 0.036818378709772975,
          "min_u0": -0.017225586745954993,
          "max_u1": -9.174361495344678,
          "min_u1": -9.228404047729853,
          "max_u2": 2.1973717492405207,
          "min_u2": -27.622045449856692,
          "electrode_area_nondim": 1.0,
          "u0_surface_mean": -0.0018483672882912902,
          "c0_surface_mean": 0.9981533398905318,
          "u1_surface_mean": -9.213026828822741,
          "c1_surface_mean": 9.973171484494223e-05,
          "u2_surface_mean": -27.353604650481813,
          "c2_surface_mean": 1.319715872663268e-12,
          "phi_surface_mean": 25.688351574769992,
          "c_counterion0_surface_mean": 28664167552.657745,
          "c_counterion0_z": -1,
          "surface_counterion_within_steric": false,
          "picard_iters": null,
          "initializer_fallback": false,
          "snes_reason": "4",
          "snes_iters": 6
        },
        {
          "phase": "cold_failed",
          "max_phi": 26.466786470975144,
          "min_phi": -6.674774894182774,
          "max_u0": 0.2042111876031977,
          "min_u0": -0.08734333588839714,
          "max_u1": -9.009557992699081,
          "min_u1": -9.301119896239495,
          "max_u2": 3.6967144181582703,
          "min_u2": -23.070998367225194,
          "electrode_area_nondim": 1.0,
          "u0_surface_mean": -0.0020653568042511058,
          "c0_surface_mean": 0.9979367745775062,
          "u1_surface_mean": -9.216023311049012,
          "c1_surface_mean": 9.943331782796591e-05,
          "u2_surface_mean": -21.752231790013994,
          "c2_surface_mean": 3.573763134527727e-10,
          "phi_surface_mean": 26.46678647097514,
          "c_counterion0_surface_mean": 62432296999.34049,
          "c_counterion0_z": -1,
          "surface_counterion_within_steric": false,
          "picard_iters": null,
          "initializer_fallback": false,
          "snes_reason": "-9",
          "snes_iters": 10
        },
        {
          "phase": "cold_failed",
          "max_phi": 27.245221367180292,
          "min_phi": -8.792508021918472,
          "max_u0": 0.11103162688277432,
          "min_u0": -0.04514864151858421,
          "max_u1": -9.210340371976182,
          "min_u1": -14.190905029244083,
          "max_u2": 2.922592529024126,
          "min_u2": -15.938661815184977,
          "electrode_area_nondim": 1.0,
          "u0_surface_mean": -0.002401734315225709,
          "c0_surface_mean": 0.997601147541022,
          "u1_surface_mean": -13.9705203508923,
          "c1_surface_mean": 8.564067907124852e-07,
          "u2_surface_mean": -15.413116661152696,
          "c2_surface_mean": 2.0238041639567986e-07,
          "phi_surface_mean": 27.2452213671803,
          "c_counterion0_surface_mean": 135981332841.89854,
          "c_counterion0_z": -1,
          "surface_counterion_within_steric": false,
          "picard_iters": null,
          "initializer_fallback": false,
          "snes_reason": "-9",
          "snes_iters": 12
        },
        {
          "phase": "cold_failed",
          "max_phi": 29.191308607693173,
          "min_phi": -15.157420404314736,
          "max_u0": 0.03297449574600256,
          "min_u0": -0.009587473422442106,
          "max_u1": -9.210340371976182,
          "min_u1": -27.868905211098493,
          "max_u2": 1.4563328821460098,
          "min_u2": -7.546503754055047,
          "electrode_area_nondim": 1.0,
          "u0_surface_mean": -0.0021453123963828995,
          "c0_surface_mean": 0.9978569871415531,
          "u1_surface_mean": -27.842131855232903,
          "c1_surface_mean": 8.096843980294497e-13,
          "u2_surface_mean": -7.498080746824518,
          "c2_surface_mean": 0.000554146898385742,
          "phi_surface_mean": 29.191308607693173,
          "c_counterion0_surface_mean": 952037912747.179,
          "c_counterion0_z": -1,
          "surface_counterion_within_steric": false,
          "picard_iters": null,
          "initializer_fallback": false,
          "snes_reason": "-9",
          "snes_iters": 3
        },
        {
          "phase": "cold_failed",
          "max_phi": 31.137395848206054,
          "min_phi": -27.36186158394335,
          "max_u0": 0.11837888232254987,
          "min_u0": -0.029171846928443924,
          "max_u1": -9.210340371976182,
          "min_u1": -28.18302577900515,
          "max_u2": 2.6180428891651184,
          "min_u2": -6.639318195883715,
          "electrode_area_nondim": 1.0,
          "u0_surface_mean": -0.00354920770330361,
          "c0_surface_mean": 0.9964570832894762,
          "u1_surface_mean": -27.95225380201119,
          "c1_surface_mean": 7.252544747323165e-13,
          "u2_surface_mean": -6.4699634027143516,
          "c2_surface_mean": 0.001549282431421337,
          "phi_surface_mean": 31.137395848206047,
          "c_counterion0_surface_mean": 6665445678208.065,
          "c_counterion0_z": -1,
          "surface_counterion_within_steric": false,
          "picard_iters": null,
          "initializer_fallback": false,
          "snes_reason": "-9",
          "snes_iters": 4
        },
        {
          "phase": "cold_failed",
          "max_phi": 38.921744810257564,
          "min_phi": -82.14994027651981,
          "max_u0": 0.14024168998760814,
          "min_u0": -0.038719457218373894,
          "max_u1": -9.210340371976182,
          "min_u1": -25.883400299499396,
          "max_u2": 2.6401721933749314,
          "min_u2": -3.846671871563583,
          "electrode_area_nondim": 1.0,
          "u0_surface_mean": -0.005607654560945397,
          "c0_surface_mean": 0.9944080389855264,
          "u1_surface_mean": -25.581345278020613,
          "c1_surface_mean": 7.765383455318747e-12,
          "u2_surface_mean": -3.763193790549775,
          "c2_surface_mean": 0.02320949560914973,
          "phi_surface_mean": 38.921744810257564,
          "c_counterion0_surface_mean": 1.6015075588602676e+16,
          "c_counterion0_z": -1,
          "surface_counterion_within_steric": false,
          "picard_iters": null,
          "initializer_fallback": false,
          "snes_reason": "-9",
          "snes_iters": 2
        }
      ]
    },
    {
      "initializer": "debye_boltzmann",
      "diagnostics_at_v": [
        {
          "phase": "cold_z_ramp",
          "max_phi": 25.688351574769992,
          "min_phi": -3.7511485727162537,
          "max_u0": 0.036818409098943405,
          "min_u0": -0.01722555528510916,
          "max_u1": -9.174307720222963,
          "min_u1": -9.228350266884087,
          "max_u2": 2.19737172885132,
          "min_u2": -27.62204546263743,
          "electrode_area_nondim": 1.0,
          "u0_surface_mean": -0.0018483356383557662,
          "c0_surface_mean": 0.9981533714820211,
          "u1_surface_mean": -9.212973039791219,
          "c1_surface_mean": 9.973707946157326e-05,
          "u2_surface_mean": -27.353604668634294,
          "c2_surface_mean": 1.3197158487071518e-12,
          "phi_surface_mean": 25.688351574769992,
          "c_counterion0_surface_mean": 28664167552.657745,
          "c_counterion0_z": -1,
          "surface_counterion_within_steric": false,
          "picard_iters": 21,
          "initializer_fallback": false,
          "snes_reason": "4",
          "snes_iters": 6
        },
        {
          "phase": "cold_failed",
          "max_phi": 26.466786470975144,
          "min_phi": -6.674774894182769,
          "max_u0": 0.20421118759958506,
          "min_u0": -0.08734333588778863,
          "max_u1": -9.009557992615923,
          "min_u1": -9.301119896143964,
          "max_u2": 3.6967144181574487,
          "min_u2": -23.070998367384227,