{
  "anchor_v": 0.0,
  "new_vs": [
    -0.5,
    -0.4,
    -0.3
  ],
  "rows": {
    "-0.5": {
      "S_cd": [
        -1.379831499059847e-06,
        1.3829282996535852e-06,
        -0.00012635238411107252,
        0.00013746866478481223
      ],
      "S_pc": [
        -0.0008345211671284547,
        0.0008345204979692822,
        -0.07672004444431169,
        0.08350977757032307
      ],
      "S_r2": [
        -0.002272342472340195,
        0.0022723322009188945,
        -0.20890465055023974,
        0.22739291694899055
      ],
      "cd": -0.18410267919078518,
      "pc": -0.18130967144051702,
      "r1": 0.9966400282065503,
      "r2": 0.0076177592744177715
    },
    "-0.4": {
      "S_cd": [
        -1.4596353556384223e-05,
        1.4149582228117907e-05,
        -0.001218217614978867,
        0.001448015600341579
      ],
      "S_pc": [
        -0.009010418971319711,
        0.009021580082355096,
        -0.7577543322795366,
        0.9012895237031637
      ],
      "S_r2": [
        -0.024535560694767533,
        0.024567220490059882,
        -2.063406377359467,
        2.4542631481049706
      ],
      "cd": -0.18305376613007454,
      "pc": -0.16393395739212596,
      "r1": 0.9463879750124365,
      "r2": 0.05214811893186335
    },
    "-0.3": {
      "S_cd": [
        -4.5791921726712204e-05,
        4.524094469882112e-05,
        -0.0034664307628495816,
        0.004550882173742776
      ],
      "S_pc": [
        -0.027805501309138836,
        0.027899084032313726,
        -2.119171354649993,
        2.775072307008505
      ],
      "S_r2": [
        -0.07571292404096042,
        0.07596966799949811,
        -5.770456886244335,
        7.556429185337221
      ],
      "cd": -0.18172200363123678,
      "pc": -0.06506914066804281,
      "r1": 0.6731078809750857,
      "r2": 0.3181636100508237
    }
  }
}