phi_applied,target_primary,simulated_primary,target_secondary,simulated_secondary
3.892174481025757,-0.1628871835711952,-0.002581390210471291,-7.761804176203133e-10,-0.0001884160723708636
1.946087240512878,-0.1693587368036706,-0.05172082337380533,-8.62086793938113e-09,-0.0004151516984934205
0,-0.1732967888652812,-0.1258910149677658,-9.693677960702751e-08,-0.0007094121760222551
-3.892174481025757,-0.1775288004344176,-0.1731796088243872,-1.248286977516554e-05,-0.002751479527041612
-7.784348962051514,-0.1796789293695205,-0.179311858722422,-0.001583758157366003,-0.01150538662487538
-11.67652344307727,-0.1813329993590229,-0.181159458465846,-0.06499947154393076,-0.03668815430921521
-15.56869792410303,-0.1828290536501108,-0.1825125986765912,-0.1637409183531224,-0.07837303632375527
-19.46087240512878,-0.1839047658586455,-0.1836868097008187,-0.1811200868555184,-0.1204155460717845
