phi_applied,flux_noisy
3.892174481025757,-7.761804176203133e-10
1.946087240512878,-8.62086793938113e-09
0,-9.693677960702751e-08
-3.892174481025757,-1.248286977516554e-05
-7.784348962051514,-0.001583758157366003
-11.67652344307727,-0.06499947154393076
-15.56869792410303,-0.1637409183531224
-19.46087240512878,-0.1811200868555184
