{
  "G0": {
    "voltages": [
      -0.1,
      0.1,
      0.2,
      0.3,
      0.4,
      0.5,
      0.6
    ],
    "global_max": {
      "n_residuals": 14,
      "n_params": 4,
      "singular_values": [
        10630.609377338576,
        817.8794748996324,
        77.70894902339374,
        2.5100616146166828
      ],
      "fim_eigenvalues": [
        6.3004093235906655,
        6038.680758307199,
        668926.8354621058,
        113009855.7335588
      ],
      "fim_eigenvectors": [
        [
          0.9993674447098045,
          0.031001195831385803,
          0.015253948417868549,
          -0.008423382271084955
        ],
        [
          0.03077714581279706,
          -0.9992971717139797,
          0.019456119925134262,
          0.00891006720050068
        ],
        [
          -0.01778375947387133,
          0.011622373809828472,
          0.8591899614605859,
          -0.5112154814277027
        ],
        [
          -0.0011025646416763007,
          0.017578648653679082,
          0.511059083257975,
          0.8593651080200079
        ]
      ],
      "fim_diagonal": [
        8186.1739068166835,
        15255.190424478764,
        30027946.595831804,
        83633439.59002547
      ],
      "correlation_matrix": [
        [
          1.0,
          -0.757945256534456,
          0.9992166751947822,
          -0.9823608011629374
        ],
        [
          -0.757945256534456,
          1.0,
          -0.7441353318143573,
          0.7718783189900474
        ],
        [
          0.9992166751947822,
          -0.7441353318143573,
          1.0,
          -0.9848457949493886
        ],
        [
          -0.9823608011629374,
          0.7718783189900474,
          -0.9848457949493886,
          1.0
        ]
      ],
      "condition_number": 17936906.94196887,
      "weak_eigvec": {
        "log_k0_1": 0.9993674447098045,
        "log_k0_2": 0.03077714581279706,
        "alpha_1": -0.01778375947387133,
        "alpha_2": -0.0011025646416763007
      },
      "weak_eigvec_canonical_ridge_cos": 0.03079363538390727,
      "weak_eigvec_log_k0_1_component": 0.9993674447098045,
      "sigma_cd_max": 0.0035603758708275058,
      "sigma_pc_max": 3.0875246647367565e-07,
      "sv_min": 2.5100616146166828,
      "sv_max": 10630.609377338576
    },
    "local_rel": {
      "n_residuals": 14,
      "n_params": 4,
      "singular_values": [
        56091.34625757348,
        1510.985371779326,
        102.2053116935308,
        5.35591929767392
      ],
      "fim_eigenvalues": [
        28.68587190373233,
        10445.925738016396,
        2283076.7937313206,
        3146239124.9870033
      ],
      "fim_eigenvectors": [
        [
          0.9997841575766895,
          0.01156787751254474,
          0.015000881884897172,
          -0.008532057852555775
        ],
        [
          0.011168626566482988,
          -0.9994136582607466,
          0.03120711301765455,
          0.00858589305741703
        ],
        [
          -0.017502938129316335,
          0.022048705684462273,
          0.8549008259803751,
          -0.5180271030289384
        ],
        [
          -0.0007397270638614333,
          0.0235027332318249,
          0.5176346852538498,
          0.8552785551834283
        ]
      ],
      "fim_diagonal": [
        229577.48258051724,
        244590.20507316384,
        845968415.8493384,
        2302090092.855353
      ],
      "correlation_matrix": [
        [
          1.0,
          -0.9686260860479139,
          0.9999304528939293,
          -0.9979109114093032
        ],
        [
          -0.9686260860479139,
          1.0,
          -0.9686029086492752,
          0.9751966490820089
        ],
        [
          0.9999304528939293,
          -0.9686029086492752,
          1.0,
          -0.998156583179678
        ],
        [
          -0.9979109114093032,
          0.9751966490820089,
          -0.998156583179678,
          1.0
        ]
      ],
      "condition_number": 109679048.12325558,
      "weak_eigvec": {
        "log_k0_1": 0.9997841575766895,
        "log_k0_2": 0.011168626566482988,
        "alpha_1": -0.017502938129316335,
        "alpha_2": -0.0007397270638614333
      },
      "weak_eigvec_canonical_ridge_cos": 0.011181834754452254,
      "weak_eigvec_log_k0_1_component": 0.9997841575766895,
      "sigma_cd_max": 0.0035603758708275058,
      "sigma_pc_max": 3.0875246647367565e-07,
      "sv_min": 5.35591929767392,
      "sv_max": 56091.34625757348
    }
  },
  "G_neg1": {
    "voltages": [
      -0.2,
      -0.1,
      0.1,
      0.2,
      0.3,
      0.4,
      0.5,
      0.6
    ],
    "global_max": {
      "n_residuals": 16,
      "n_params": 4,
      "singular_values": [
        6016.104658945526,
        139.05231265791556,
        0.7742004423214918,
        0.1763098908523452
      ],
      "fim_eigenvalues": [
        0.03108517689696583,
        0.5993863282776327,
        19335.545655517475,
        36193515.26738604
      ],
      "fim_eigenvectors": [
        [
          0.998714343968423,
          0.04241014573801139,
          0.026332478732731653,
          -0.00881131397654617
        ],
        [
          0.04234069407198338,
          -0.9990457810181516,
          0.0061123813247733125,
          0.008799536912506113
        ],
        [
          -0.026651354194373124,
          -0.0011023568503260952,
          0.8224501754500512,
          -0.5682114034680759
        ],
        [
          -0.008162726066161315,
          0.010377464896903353,
          0.5681944634194447,
          0.8227883870503833
        ]
      ],
      "fim_diagonal": [
        2823.47686457834,
        2803.8515386171407,
        11698669.349712506,
        24508554.76539735
      ],
      "correlation_matrix": [
        [
          1.0,
          -0.996284724880846,
          0.9993634878255789,
          -0.9963904274432857
        ],
        [
          -0.996284724880846,
          1.0,
          -0.9986687336902642,
          0.9998932738795798
        ],
        [
          0.9993634878255789,
          -0.9986687336902642,
          1.0,
          -0.9987799343427783
        ],
        [
          -0.9963904274432857,
          0.9998932738795798,
          -0.9987799343427783,
          1.0
        ]
      ],
      "condition_number": 1164333578.9065053,
      "weak_eigvec": {
        "log_k0_1": 0.998714343968423,
        "log_k0_2": 0.04234069407198338,
        "alpha_1": -0.026651354194373124,
        "alpha_2": -0.008162726066161315
      },
      "weak_eigvec_canonical_ridge_cos": 0.0425047493707987,
      "weak_eigvec_log_k0_1_component": 0.998714343968423,
      "sigma_cd_max": 0.0036034317137906956,
      "sigma_pc_max": 3.135697795508112e-05,
      "sv_min": 0.1763098908523452,
      "sv_max": 6016.104658945526
    },
    "local_rel": {
      "n_residuals": 16,
      "n_params": 4,
      "singular_values": [
        56411.75707613814,
        1552.1451400489336,
        102.9195289408207,
        6.4771940548256985
      ],
      "fim_eigenvalues": [
        41.95404313971398,
        10592.429437819366,
        2409154.5357777807,
        3182286336.4172225
      ],
      "fim_eigenvectors": [
        [
          0.999832090786865,
          0.007335854580373207,
          0.014461127961929979,
          -0.008535294277883937
        ],
        [
          0.006982022616726593,
          -0.9995073804998537,
          0.02936810172989703,
          0.00858849738212476
        ],
        [
          -0.016938410358014678,
          0.020535803988916065,
          0.8546000510057628,
          -0.5186040144754184
        ],
        [
          -0.00036310809519463994,
          0.02257127197180644,
          0.5182539369843694,
          0.8549288055939436
        ]
      ],
      "fim_diagonal": [
        232379.85495827592,
        247392.57755289358,
        857635813.6493677,
        2326590539.254601
      ],