evaluation,iteration,kappa0,kappa1,objective,grad0,grad1,grad_norm,n_failed_points,used_anisotropy_recovery,used_replay_mode,effective_kappa0,effective_kappa1,from_cache
1,0,5.0,5.0,0.006154096586244705,-0.00027971908489108575,0.0027171288210831855,0.002731488934045534,0,0,1,5.0,5.0,0
2,0,5.000279719084891,4.997282871178917,0.006146648540767467,-0.0002736945866430593,0.0027081880301615025,0.0027219829414358485,0,0,1,5.000279719084891,4.997282871178917,0
3,1,4.773954465515657,4.013192143673629,0.004872482264633192,0.0017048182719694221,-0.0007716306064581793,0.0018713148140448801,0,0,1,4.773954465515657,4.013192143673629,0
4,2,4.553130572031285,3.994975155322923,0.0045292859216136214,0.0014870583690446237,-0.00029265809686720176,0.0015155828432017791,0,0,1,4.553130572031285,3.994975155322923,0
5,3,1e-06,2.285201000731033,0.015408783909153527,-0.03499598266958452,0.019044808368309372,0.0398424839686921,0,0,1,1e-06,2.285201000731033,0
6,3,2.8007248015459782,3.336918307317,0.002330104288577914,0.00029310556553542003,0.0017534073936343246,0.0017777368648366817,0,0,1,2.8007248015459782,3.336918307317,0
7,4,1e-06,1e-06,3000000000.077362,0.03651125091060229,-0.6500816720506064,0.6511061755037877,3,0,0,1e-06,1e-06,0
8,4,2.80072480154494,3.3369183073157633,0.0023372039654185875,0.0002884824930822567,0.0017548221223334724,0.001778376458977656,0,0,0,2.80072480154494,3.3369183073157633,0
