{
  "stack": "phase6b_v9_gate2_4sp_dynamic_k2so4_cathodic",
  "anchor_strategy": "production_anchor_+0p55V_then_warm_walk",
  "v_anchor": 0.55,
  "v_rhe_grid_primary": [
    0.55,
    0.5,
    0.4,
    0.3,
    0.2,
    0.1,
    0.0,
    -0.1,
    -0.2,
    -0.3,
    -0.4
  ],
  "v_rhe_grid_decimal": [
    0.55,
    0.5,
    0.4,
    0.3,
    0.2,
    0.1,
    0.05,
    0.0,
    -0.05,
    -0.1,
    -0.15,
    -0.2,
    -0.25,
    -0.3,
    -0.35,
    -0.4
  ],
  "k0_initial_scales": [
    1e-12,
    1e-09,
    1e-06,
    0.001,
    1.0
  ],
  "kw_eff_ladder": [
    0.0,
    6.944444444444445e-15,
    6.944444444444445e-12,
    6.944444444444446e-10,
    6.944444444444445e-09
  ],
  "c_s_ladder": [
    1.0,
    0.5,
    0.25,
    0.1
  ],
  "mesh_ny": 80,
  "l_eff_m": 1.6e-05,
  "stern_prod_f_m2": 0.1,
  "enable_water_ionization": true,
  "passes": [
    {
      "label": "step1_anchor_kw_warm_walk",
      "v_anchor": 0.55,
      "v_rhe": [
        0.55,
        0.5,
        0.4,
        0.3,
        0.2,
        0.1,
        0.0,
        -0.1,
        -0.2,
        -0.3,
        -0.4
      ],
      "use_kw_ladder": true,
      "use_c_s_ladder": false,
      "anchor_converged": true,
      "anchor_error": null,
      "wall_seconds_anchor": 50.025222301483154,
      "wall_seconds_walk": 443.2161617279053,
      "phi_applied_hat": [
        21.406959645641663,
        19.460872405128782,
        15.568697924103027,
        11.676523443077269,
        7.784348962051514,
        3.892174481025757,
        0.0,
        -3.892174481025757,
        -7.784348962051514,
        -11.676523443077269,
        -15.568697924103027
      ],
      "cd_mA_cm2": [
        -0.582880716495547,
        -0.6181283637086272,
        -0.9372966375641713,
        -2.561361973220445,
        -5.467715632376634,
        -5.531697646279017,
        -5.531715496600355,
        -5.531715401277879,
        -5.531715077711936,
        -5.53171451826429,
        -5.531713730133048
      ],
      "pc_mA_cm2": [
        0.291440358672287,
        0.309064181832817,
        0.468648318329068,
        1.2806809850343126,
        2.733857815324718,
        2.7658488231028473,
        2.7658577482987354,
        2.7658577006388843,
        2.765857538855966,
        2.765857259132145,
        2.765856865066524
      ],
      "converged": [
        true,
        true,
        true,
        true,
        true,
        true,
        true,
        true,
        true,
        true,
        true
      ],
      "method": [
        "warm<-+21.407",
        "warm<-+21.407",
        "warm<-+19.461",
        "warm<-+15.569",
        "warm<-+11.677",
        "warm<-+7.784",
        "warm<-+3.892",
        "warm<-+0.000",
        "warm<--3.892",
        "warm<--7.784",
        "warm<--11.677"
      ],
      "z_achieved": [
        1.0,
        1.0,
        1.0,
        1.0,
        1.0,
        1.0,
        1.0,
        1.0,
        1.0,
        1.0,
        1.0
      ],
      "diagnostics": [
        {
          "phase": "warm_walk_anchor",
          "max_phi": 1.1962981230406025,
          "min_phi": -0.011499572831028211,
          "max_u0": 0.0,
          "min_u0": -0.14266950367470038,
          "max_u1": -9.208432669947523,
          "min_u1": -9.241948898445424,
          "max_u2": -2.4849066497880004,
          "min_u2": -14.72101855616726,
          "max_mu2": -2.4849066497880004,
          "min_mu2": -13.586792062983184,
          "max_u3": 5.128883443677834,
          "min_u3": 3.8882879708728946,
          "electrode_area_nondim": 1.0,
          "u0_surface_mean": -0.13642810948749323,
          "c0_surface_mean": 0.8724690402515588,
          "u1_surface_mean": -9.234851375618858,
          "c1_surface_mean": 9.7578695164839e-05,
          "u2_surface_mean": -14.689864305630046,
          "c2_surface_mean": 4.171315048000922e-07,
          "mu2_surface_mean": -13.547400776924876,
          "u3_surface_mean": 3.9492789038783,
          "c3_surface_mean": 51.897929942648844,
          "phi_surface_mean": 1.1424635287051708,
          "c_kplus_surface_mean": 51.897929942648844,
          "c_counterion0_surface_mean": 798.9192116672625,
          "c_counterion0_z": -2,
          "c_counterion0_steric_mode": "bikerman",
          "surface_counterion_within_steric": false,
          "picard_iters": null,
          "initializer_fallback": false,
          "snes_reason": "2",
          "snes_iters": 0
        },
        {
          "phase": "warm_walk_anchor",
          "max_phi": 1.1189148096489878,
          "min_phi": -0.010625268766774828,
          "max_u0": 0.0,
          "min_u0": -0.14314144585234997,
          "max_u1": -9.208372084736169,
          "min_u1": -9.236022067565505,
          "max_u2": -2.4849066497880004,
          "min_u2": -15.64883920383475,
          "max_mu2": -2.4849066497880004,
          "min_mu2": -14.585222714733812,
          "max_u3": 5.128059924994668,
          "min_u3": 3.9714180623694384,
          "electrode_area_nondim": 1.0,
          "u0_surface_mean": -0.13900887170215276,
          "c0_surface_mean": 0.8702203080886246,
          "u1_surface_mean": -9.230250862982292,
          "c1_surface_mean": 9.802864138305408e-05,
          "u2_surface_mean": -15.61004894253588,
          "c2_surface_mean": 1.6620415704459013e-07,
          "mu2_surface_mean": -14.54268186249183,
          "u3_surface_mean": 4.028785823919009,
          "c3_surface_mean": 56.192642048198,
          "phi_surface_mean": 1.0673670800440467,
          "c_kplus_surface_mean": 56.192642048198,
          "c_counterion0_surface_mean": 690.6759561903613,
          "c_counterion0_z": -2,
          "c_counterion0_steric_mode": "bikerman",
          "surface_counterion_within_steric": false,
          "picard_iters": null,
          "initializer_fallback": false,
          "snes_reason": "2",
          "snes_iters": 0
        },
        {
          "phase": "warm_walk_anchor",
          "max_phi": 0.9490156761665572,
          "min_phi": -0.008883313820060586,
          "max_u0": 0.0,
          "min_u0": -0.19903115634214108,
          "max_u1": -9.207782477919192,
          "min_u1": -9.225492658568397,
          "max_u2": -2.4849066497880004,
          "min_u2": -17.402597469602874,
          "max_mu2": -2.4849066497880004,
          "min_mu2": -16.492964151754155,
          "max_u3": 5.126857852665674,
          "min_u3": 4.1515858945273445,
          "electrode_area_nondim": 1.0,
          "u0_surface_mean": -0.19810682690599377,
          "c0_surface_mean": 0.8202822202455085,
          "u1_surface_mean": -9.221895138613334,
          "c1_surface_mean": 9.885117333020049e-05,
          "u2_surface_mean": -17.35512965957567,
          "c2_surface_mean": 2.9024380316676662e-08,
          "mu2_surface_mean": -16.45215264090334,
          "u3_surface_mean": 4.201251645536035,
          "c3_surface_mean": 66.7698509472424,
          "phi_surface_mean": 0.9029770186723285,
          "c_kplus_surface_mean": 66.7698509472424,
          "c_counterion0_surface_mean": 501.3238088799568,
          "c_counterion0_z": -2,
          "c_counterion0_steric_mode": "bikerman",
          "surface_counterion_within_steric": false,
          "picard_iters": null,
          "initializer_fallback": false,
          "snes_reason": "2",
          "snes_iters": 0
        },
        {
          "phase": "warm_walk_anchor",
          "max_phi": 0.7546101355567317,
          "min_phi": -0.007671050297994631,
          "max_u0": 0.0,
          "min_u0": -0.6306543941103251,
          "max_u1": -9.204784774220737,
          "min_u1": -9.214808814784538,
          "max_u2": -2.4849066497880004,
          "min_u2": -18.864425633679353,
          "max_mu2": -2.4849066497880004,
          "min_mu2": -18.14958297128708,
          "max_u3": 5.128642755624358,
          "min_u3": 4.356518697482401,
          "electrode_area_nondim": 1.0,
          "u0_surface_mean": -0.6267415297787232,