evaluation,objective,grad_norm,k0_0,k0_1,alpha_0,alpha_1
1,6000000000.001207,8.452283482913801,0.0025263157894736847,2.6315789473684212e-05,0.5,0.4
2,0.057472724760008746,0.4770787797134233,0.0023055362536605296,2.658680654877151e-05,0.05,0.05
3,0.05452135264648096,0.5281858264570519,0.002308260983600483,2.661883143666779e-05,0.05,0.07471861716136038
4,0.051985216890072294,0.13284274816658462,0.002310794133721061,2.6604991780020527e-05,0.05793427468585087,0.0706117159136728
5,0.04984669161857421,0.1597851630729995,0.002316674437855144,2.6602066672972706e-05,0.07080803245540958,0.07966253291188088
6,0.03990313048210563,0.3186010481581389,0.0023403456724272105,2.6590369460460135e-05,0.12230306353364441,0.11586580090471324
7,0.007522293358614148,0.35202921091615186,0.0024374741217223933,2.6543632021690097e-05,0.3282831878465837,0.26067887287604263
8,4000000000.0028734,5.6156525851167425,0.0025507459446031206,2.6515609852350368e-05,0.5488120711931879,0.42664054724725897
