{
  "ratio": 1e-18,
  "k0_targets": {
    "0": 0.0012631578947368421,
    "1": 1.2631578947368422e-21
  },
  "v_rhe": [
    0.1,
    0.2,
    0.3,
    0.4,
    0.5,
    0.6,
    0.7,
    0.8
  ],
  "phi_applied_hat": [
    3.892174481025757,
    7.784348962051514,
    11.676523443077269,
    15.568697924103027,
    19.460872405128782,
    23.353046886154537,
    27.245221367180292,
    31.137395848206054
  ],
  "cd_mA_cm2": [
    -0.08986478025081467,
    -0.08985782764485462,
    -0.08977060455544694,
    -0.08884948274782208,
    -0.08104830654825997,
    -0.03444801417766982,
    -0.0002068372126693453,
    -6.266188230638207e-07
  ],
  "pc_mA_cm2": [
    -0.08956130697770572,
    -0.08797156369581631,
    -0.0797441975360283,
    -0.05654121759504071,
    -0.028516934847372288,
    -0.008089549522138119,
    -0.00014875134317802698,
    -6.083226877625237e-07
  ],
  "converged": [
    true,
    true,
    true,
    true,
    true,
    true,
    true,
    true
  ],
  "method": [
    "warm<-+7.784",
    "warm<-+11.677",
    "warm<-+15.569",
    "warm<-+19.461",
    "warm<-+21.407",
    "warm<-+21.407",
    "warm<-+23.353",
    "warm<-+27.245"
  ],
  "n_converged": 8,
  "n_total": 8,
  "anchor": {
    "v_rhe": 0.55,
    "phi_applied_eta": 21.406959645641663,
    "converged": true,
    "ladder_history": [
      [
        1e-12,
        "ok"
      ],
      [
        1e-09,
        "ok"
      ],
      [
        1e-06,
        "ok"
      ],
      [
        0.001,
        "ok"
      ],
      [
        1.0,
        "fail"
      ],
      [
        0.03162277660168379,
        "ok"
      ],
      [
        1.0,
        "ok"
      ]
    ],
    "wall_seconds": 25.968262910842896
  },
  "grid_wall_seconds": 286.7268102169037,
  "config": {
    "ratio_K0_R4e_to_K0_R2e": 1e-18,
    "mesh_Ny": 80,
    "exponent_clip": 100.0,
    "u_clamp": 100.0,
    "stern_capacitance_f_m2": 0.1,
    "ic": "debye_boltzmann",
    "formulation": "logc_muh",
    "initial_scales": [
      1e-12,
      1e-09,
      1e-06,
      0.001,
      1.0
    ],
    "max_inserts_per_step": 4,
    "ic_at_target": true,
    "n_substeps_warm": 8,
    "bisect_depth_warm": 5
  }
}