phase,k0_1,k0_2,alpha_1,alpha_2,k0_1_err_pct,k0_2_err_pct,alpha_1_err_pct,alpha_2_err_pct,loss,time_s
S1 alpha (nn-ensemble),5.00000000e-03,5.00000000e-04,0.315665,0.107499,295.8333,850.0000,49.6548,78.5002,5.608071558029e-04,0.1
S2 joint (nn-ensemble),1.35012213e-03,4.63970363e-05,0.604793,0.482589,6.8847,11.8456,3.5418,3.4822,5.866106181663e-05,0.6
S3 cascade (nn-ensemble),1.35017001e-03,4.61896291e-05,0.604606,0.482850,6.8885,12.2397,3.5716,3.4300,5.866112322029e-05,1.0
S4 multistart (nn-ensemble),1.35014191e-03,4.62880224e-05,0.604753,0.482804,6.8862,12.0528,3.5482,3.4393,5.866087215206e-05,9.8
P2 (PDE full cathodic),1.47780475e-03,5.58668814e-05,0.575338,0.441093,16.9929,6.1471,8.2395,11.7813,1.251272673096e-04,468.8
