{
  "k02_bins": [
    "[1e-7,1e-6)",
    "[1e-6,1e-5)",
    "[1e-5,1e-4)",
    "[1e-4,1e-3)",
    "[1e-3,1e-2)",
    "[1e-2,1e-1)"
  ],
  "models": {
    "nn_ensemble": {
      "cd": {
        "[1e-7,1e-6)": {
          "mean": 0.09036348953894997,
          "median": 0.0815813939161896,
          "p95": 0.166703166730667,
          "max": 0.1935075484938628,
          "count": 56
        },
        "[1e-6,1e-5)": {
          "mean": 0.03851558940928842,
          "median": 0.019291069665501197,
          "p95": 0.17720039594940284,
          "max": 0.2056499961631974,
          "count": 46
        },
        "[1e-5,1e-4)": {
          "mean": 0.017046392007931493,
          "median": 0.00729147297653165,
          "p95": 0.026034402650215324,
          "max": 0.2144973809919586,
          "count": 124
        },
        "[1e-4,1e-3)": {
          "mean": 0.017782320111221522,
          "median": 0.0067892212069319,
          "p95": 0.03179039297681695,
          "max": 0.2141240684672769,
          "count": 136
        },
        "[1e-3,1e-2)": {
          "mean": 0.017637616545969705,
          "median": 0.011740897474073,
          "p95": 0.03160212909396279,
          "max": 0.205604365844165,
          "count": 115
        },
        "[1e-2,1e-1)": {
          "mean": 0.03716130474639258,
          "median": 0.0213580866743311,
          "p95": 0.20109798230393622,
          "max": 0.2134242561286956,
          "count": 47
        }
      },
      "pc": {
        "[1e-7,1e-6)": {
          "mean": 0.08168630532703205,
          "median": 0.0537430868316877,
          "p95": 0.1847639489444152,
          "max": 0.427366246007654,
          "count": 56
        },
        "[1e-6,1e-5)": {
          "mean": 0.09020041564182894,
          "median": 0.03091715840008405,
          "p95": 0.22799390744504364,
          "max": 1.2334343386017994,
          "count": 46
        },
        "[1e-5,1e-4)": {
          "mean": 0.05420272461938461,
          "median": 0.018831861122480198,
          "p95": 0.20828464817477943,
          "max": 1.7328176089047758,
          "count": 124
        },
        "[1e-4,1e-3)": {
          "mean": 0.05529085925235896,
          "median": 0.017259798309337597,
          "p95": 0.22882163718990606,
          "max": 0.8193588646540265,
          "count": 136
        },
        "[1e-3,1e-2)": {
          "mean": 0.09347564946001706,
          "median": 0.0344373868437543,
          "p95": 0.32133522920660484,
          "max": 0.8225272957663895,
          "count": 115
        },
        "[1e-2,1e-1)": {
          "mean": 0.1722193345723602,
          "median": 0.0984480590067768,
          "p95": 0.5571809590084696,
          "max": 0.877081771628045,
          "count": 47
        }
      }
    },
    "rbf_baseline": {
      "cd": {
        "[1e-7,1e-6)": {
          "mean": 0.0889505180322366,
          "median": 0.0668477197253938,
          "p95": 0.22978149581469692,
          "max": 0.296674023760233,
          "count": 56
        },
        "[1e-6,1e-5)": {
          "mean": 0.03785803962417571,
          "median": 0.0177234210572641,
          "p95": 0.18679364311153315,
          "max": 0.217306802991269,
          "count": 46
        },
        "[1e-5,1e-4)": {
          "mean": 0.021418378370417997,
          "median": 0.0058902786019672995,
          "p95": 0.10095235565313784,
          "max": 0.2196418222595693,
          "count": 124
        },
        "[1e-4,1e-3)": {
          "mean": 0.02803559929818201,
          "median": 0.009712253915615199,
          "p95": 0.1530247244813202,
          "max": 0.2201727524722118,
          "count": 136
        },
        "[1e-3,1e-2)": {
          "mean": 0.024061523604876657,
          "median": 0.0117561215107172,
          "p95": 0.07668257968448183,
          "max": 0.267629317586577,
          "count": 115
        },
        "[1e-2,1e-1)": {
          "mean": 0.0400650545962096,
          "median": 0.0217814174491949,
          "p95": 0.19220849746174343,
          "max": 0.219315073880487,
          "count": 47
        }
      },
      "pc": {
        "[1e-7,1e-6)": {
          "mean": 0.08165693575334228,
          "median": 0.04779711643934935,
          "p95": 0.21793793147039509,
          "max": 0.5742956864268964,
          "count": 56
        },
        "[1e-6,1e-5)": {
          "mean": 0.10154802710934678,
          "median": 0.02261805032274175,
          "p95": 0.26676782046136427,
          "max": 1.5283836873635792,
          "count": 46
        },
        "[1e-5,1e-4)": {
          "mean": 0.04537664282088895,
          "median": 0.01084125577742835,
          "p95": 0.15034995706261303,
          "max": 2.1502551191828565,
          "count": 124
        },
        "[1e-4,1e-3)": {
          "mean": 0.06442770220376239,
          "median": 0.01864488999299805,
          "p95": 0.20920196123307302,
          "max": 1.5737181618049825,
          "count": 136
        },
        "[1e-3,1e-2)": {
          "mean": 0.07736966049790191,
          "median": 0.0259807519483063,
          "p95": 0.23253570035104454,
          "max": 0.903818237525326,
          "count": 115
        },
        "[1e-2,1e-1)": {
          "mean": 0.18786748882440127,
          "median": 0.0902519430626777,
          "p95": 0.5291932732262015,
          "max": 1.120506867701578,
          "count": 47
        }
      }
    },
    "pod_rbf_log": {
      "cd": {
        "[1e-7,1e-6)": {
          "mean": 0.08683254430384178,
          "median": 0.0880836250661645,
          "p95": 0.1644957367262243,
          "max": 0.1875090220058811,
          "count": 56
        },
        "[1e-6,1e-5)": {
          "mean": 0.03427115456529898,
          "median": 0.012833588583090999,
          "p95": 0.17621049564159982,
          "max": 0.2111276776161101,
          "count": 46
        },
        "[1e-5,1e-4)": {
          "mean": 0.01826808773323549,
          "median": 0.006925760759666,
          "p95": 0.06110579210195223,
          "max": 0.2196273505501474,
          "count": 124
        },
        "[1e-4,1e-3)": {
          "mean": 0.022672241719287112,
          "median": 0.008925598340481601,
          "p95": 0.07796291829656066,
          "max": 0.229251117179761,
          "count": 136
        },
        "[1e-3,1e-2)": {
          "mean": 0.018828820864487325,
          "median": 0.0102142479504465,
          "p95": 0.047592508418263124,
          "max": 0.2127631025099672,
          "count": 115
        },
        "[1e-2,1e-1)": {
          "mean": 0.037995700415130056,
          "median": 0.021053641284862,
          "p95": 0.19638331766084033,
          "max": 0.2133045328946273,
          "count": 47
        }
      },
      "pc": {
        "[1e-7,1e-6)": {
          "mean": 0.08505064088197356,
          "median": 0.0562696206011514,
          "p95": 0.18745766168884126,
          "max": 0.5599526967389629,
          "count": 56
        },
        "[1e-6,1e-5)": {
          "mean": 0.105744925310551,
          "median": 0.03226259396228655,
          "p95": 0.3355851616606683,
          "max": 1.3257622665837552,
          "count": 46
        },
        "[1e-5,1e-4)": {
          "mean": 0.062371461843721755,
          "median": 0.023084575911468,
          "p95": 0.2093734887375288,
          "max": 2.0365941615948646,
          "count": 124
        },
        "[1e-4,1e-3)": {
          "mean": 0.07799165460001185,
          "median": 0.031609839830591346,
          "p95": 0.2675882099532485,
          "max": 1.353819418925582,
          "count": 136
        },
        "[1e-3,1e-2)": {
          "mean": 0.11412959345342104,
          "median": 0.0411528728450389,
          "p95": 0.39339802724938056,
          "max": 0.950205156503828,
          "count": 115
        },
        "[1e-2,1e-1)": {
          "mean": 0.22450226226417072,
          "median": 0.1004455089290402,
          "p95": 0.778482462421323,
          "max": 1.2957673990813718,