{
  "factor": 1e-15,
  "k0_targets": {
    "0": 0.0012631578947368421,
    "1": 1.2631578947368422e-18
  },
  "v_rhe": [
    -1.303,
    -1.2634,
    -1.2238,
    -1.1842,
    -1.1447,
    -1.1051,
    -1.0655,
    -1.0259,
    -0.9863,
    -0.9467,
    -0.9072,
    -0.8676,
    -0.828,
    -0.7884,
    -0.7488,
    -0.7092,
    -0.6697,
    -0.6301,
    -0.5905,
    -0.5509,
    -0.5113,
    -0.4717,
    -0.4322,
    -0.3926,
    -0.353
  ],
  "v_rhe_deck": [
    -0.4,
    -0.3604,
    -0.3208,
    -0.2812,
    -0.2417,
    -0.2021,
    -0.1625,
    -0.1229,
    -0.0833,
    -0.0437,
    -0.0042,
    0.0354,
    0.075,
    0.1146,
    0.1542,
    0.1938,
    0.2333,
    0.2729,
    0.3125,
    0.3521,
    0.3917,
    0.4313,
    0.4708,
    0.5104,
    0.55
  ],
  "phi_applied_hat": [
    -50.7150334877656,
    -49.17373239327941,
    -47.63243129879321,
    -46.09113020430701,
    -44.55372128430184,
    -43.012420189815636,
    -41.47111909532943,
    -39.929818000843234,
    -38.38851690635703,
    -36.84721581187083,
    -35.30980689186566,
    -33.76850579737946,
    -32.22720470289326,
    -30.685903608407063,
    -29.144602513920866,
    -27.603301419434665,
    -26.065892499429488,
    -24.52459140494329,
    -22.983290310457093,
    -21.44198921597089,
    -19.90068812148469,
    -18.359387026998494,
    -16.821978106993317,
    -15.28067701250712,
    -13.739375918020919
  ],
  "cd_mA_cm2": [
    -0.5834498965675645,
    -0.5834497490779778,
    -0.5834496102864165,
    -0.5834494886557184,
    -0.5834493890011784,
    -0.5834493049952681,
    -0.5834492204168219,
    -0.5834491158097957,
    -0.5834489764175501,
    -0.583448793551528,
    -0.5834485603400228,
    -0.5834482563173674,
    -0.5834478151675752,
    -0.5834470387671601,
    -0.5834454301172305,
    -0.5834418301316442,
    -0.583433610601221,
    -0.5834147205422481,
    -0.5833715533378865,
    -0.5832729478537535,
    -0.5830468635809708,
    -0.5825256483205491,
    -0.5813217444385189,
    -0.5785118035480942,
    -0.5719399716242993
  ],
  "pc_mA_cm2": [
    -0.5726470229492228,
    -0.5621107856410611,
    -0.5427459732622584,
    -0.5101025758476494,
    -0.46158248155086495,
    -0.39894766236301665,
    -0.3292144085926496,
    -0.2607294267562503,
    -0.19972223736625552,
    -0.1491369980908397,
    -0.10937630764068744,
    -0.07907708881577674,
    -0.05662905086363721,
    -0.04028804747509545,
    -0.0285366312227212,
    -0.020156020807370376,
    -0.01422552311227234,
    -0.010022988657585084,
    -0.007060777939455094,
    -0.004975590058592154,
    -0.00350855392364237,
    -0.002476268866241289,
    -0.0017507897107164562,
    -0.0012373156989510857,
    -0.000873531496540798
  ],
  "converged": [
    true,
    true,
    true,
    true,
    true,
    true,
    true,
    true,
    true,
    true,
    true,
    true,
    true,
    true,
    true,
    true,
    true,
    true,
    true,
    true,
    true,
    true,
    true,
    true,
    true
  ],
  "method": [
    "warm<--49.174",
    "warm<--47.632",
    "warm<--46.091",
    "warm<--44.554",
    "warm<--43.012",
    "warm<--41.471",
    "warm<--39.930",
    "warm<--38.389",
    "warm<--36.847",
    "warm<--35.310",
    "warm<--33.769",
    "warm<--32.227",
    "warm<--30.686",
    "warm<--29.145",
    "warm<--27.603",
    "warm<--26.066",
    "warm<--24.525",
    "warm<--22.983",
    "warm<--21.442",
    "warm<--19.901",
    "warm<--18.359",
    "warm<--16.822",
    "warm<--15.281",
    "warm<--13.739",
    "warm<-+0.000"
  ],
  "n_converged": 25,
  "n_total": 25,
  "anchor": {
    "v_rhe_solver": 0.0,
    "v_rhe_deck": 0.903,
    "phi_applied_eta": 0.0,
    "stern_anchor_f_m2": 0.1,
    "stern_final_f_m2": 0.2,
    "stern_bump_ladder": [
      0.2
    ],
    "stern_bump_history": [
      [
        0.2,
        "ok"
      ]
    ],
    "converged": true,
    "wall_seconds": 44.321446895599365,
    "ladder_history": [
      [
        1e-12,
        "ok"
      ],
      [
        1e-09,
        "ok"
      ],
      [
        1e-06,
        "ok"
      ],
      [
        0.001,
        "ok"
      ],
      [
        1.0,
        "ok"
      ]
    ]
  },
  "grid_wall_seconds": 632.0591750144958,
  "config": {
    "K0_R4e_factor": 1e-15,
    "K0_R2e_basis_m_s": 2.4e-08,
    "alpha_R2e": 0.627,
    "alpha_R4e": 0.5,
    "E_eq_R2e_V_solver": -0.20800000000000007,
    "E_eq_R4e_V_solver": 0.32699999999999996,
    "E_eq_R2e_V_real_RHE": 0.695,
    "E_eq_R4e_V_real_RHE": 1.23,
    "n_electrons_R2e": 2,
    "n_electrons_R4e": 4,
    "stern_mode": "bump_ladder",
    "stern_anchor_f_m2": 0.1,
    "stern_final_f_m2": 0.2,
    "l_eff_m": 1.5399999999999998e-05,
    "mesh_Nx": 8,
    "mesh_Ny": 80,
    "mesh_beta": 3.0,
    "exponent_clip": 100.0,
    "u_clamp": 100.0,
    "n_substeps_warm": 8,
    "bisect_depth_warm": 5,
    "initializer": "debye_boltzmann",
    "formulation": "logc_muh",
    "v_rhe_grid_n": 25,
    "v_rhe_grid_min_solver": -1.303,
    "v_rhe_grid_max_solver": -0.353,
    "v_rhe_grid_min_deck": -0.4,
    "v_rhe_grid_max_deck": 0.55,
    "anchor_v_rhe_solver": 0.0,
    "anchor_v_rhe_deck": 0.903,
    "counterions": [
      "Cs+",
      "SO4(2-)"
    ],
    "a_vals_hat_dynamic": {
      "O2_r_A": 1.7,
      "H2O2_r_A": 2.0,
      "Hp_r_A_H3Op_Stokes": 2.8,
      "O2_a_nondim": 1.487193648106637e-05,
      "H2O2_a_nondim": 2.4216464858239555e-05,
      "Hp_a_nondim": 6.644997957100934e-05
    },
    "enable_water_ionization": false,
    "enable_cation_hydrolysis": false,
    "lambda_hydrolysis": 0.0,
    "ocp_shift": {
      "pH": 4.0,
      "V_OCP_RHE": 0.903,
      "formula": "0.47 + 0.197 + 0.059*pH",
      "applied_to": [
        "V_RHE",
        "E_eq_R2e",
        "E_eq_R4e"
      ],
      "source": "project_deck_ocp_convention.md / Yash-Trends/Data and Plotting.zip cell 4"
    }
  }
}