{
  "factor": 1e-17,
  "k0_targets": {
    "0": 0.0012631578947368421,
    "1": 1.2631578947368423e-20
  },
  "v_rhe": [
    -0.4,
    -0.3604,
    -0.3208,
    -0.2812,
    -0.2417,
    -0.2021,
    -0.1625,
    -0.1229,
    -0.0833,
    -0.0437,
    -0.0042,
    0.0354,
    0.075,
    0.1146,
    0.1542,
    0.1938,
    0.2333,
    0.2729,
    0.3125,
    0.3521,
    0.3917,
    0.4313,
    0.4708,
    0.5104,
    0.55
  ],
  "phi_applied_hat": [
    -15.568697924103027,
    -14.027396829616826,
    -12.486095735130625,
    -10.944794640644428,
    -9.407385720639253,
    -7.866084626153054,
    -6.324783531666855,
    -4.783482437180655,
    -3.242181342694455,
    -1.7008802482082557,
    -0.16347132820308177,
    1.3778297662831178,
    2.919130860769317,
    4.460431955255516,
    6.001733049741716,
    7.543034144227916,
    9.08044306423309,
    10.621744158719288,
    12.163045253205489,
    13.70434634769169,
    15.245647442177887,
    16.786948536664088,
    18.32435745666926,
    19.86565855115546,
    21.406959645641663
  ],
  "cd_mA_cm2": [
    -0.08984603165321024,
    -0.08984594283720958,
    -0.08984592846627044,
    -0.08984588947488692,
    -0.08984591069519375,
    -0.08984594140146868,
    -0.08984593688737999,
    -0.0898459258000798,
    -0.08984586309463284,
    -0.08984564492973834,
    -0.08984513778594917,
    -0.08984422100694746,
    -0.08984143590692414,
    -0.08980352869031188,
    -0.08906080061136123,
    -0.07194234633351831,
    -0.0006122755013891844,
    -6.117029383943281e-08,
    -1.625096017946028e-12,
    -1.3090306690564464e-17,
    -3.7748703274497613e-23,
    1.5750281795423426e-25,
    4.9686195987021775e-27,
    1.4512310930585042e-28,
    4.2256672763038635e-30
  ],
  "pc_mA_cm2": [
    -0.022898945078406344,
    -0.039504561593386237,
    -0.05852056286273431,
    -0.07390951862462716,
    -0.08277478903115339,
    -0.08686524340109618,
    -0.08854461619588158,
    -0.08915367725135234,
    -0.08932818127385254,
    -0.08936688233262552,
    -0.0893710232384853,
    -0.08934179265998203,
    -0.08893101565768786,
    -0.08619047458655921,
    -0.07710441451365034,
    -0.04955323672666757,
    -0.0005934109684436491,
    -6.116841190573445e-08,
    -1.6250960010472005e-12,
    -1.3090306690546051e-17,
    -3.774870327449739e-23,
    1.5750281795423435e-25,
    4.968619598702171e-27,
    1.451231093058504e-28,
    4.225667276303872e-30
  ],
  "converged": [
    true,
    true,
    true,
    true,
    true,
    true,
    true,
    true,
    true,
    true,
    true,
    true,
    true,
    true,
    true,
    true,
    true,
    true,
    true,
    true,
    true,
    true,
    true,
    true,
    true
  ],
  "method": [
    "warm<--14.027",
    "warm<--12.486",
    "warm<--10.945",
    "warm<--9.407",
    "warm<--7.866",
    "warm<--6.325",
    "warm<--4.783",
    "warm<--3.242",
    "warm<--1.701",
    "warm<--0.163",
    "warm<-+1.378",
    "warm<-+2.919",
    "warm<-+4.460",
    "warm<-+6.002",
    "warm<-+7.543",
    "warm<-+9.080",
    "warm<-+10.622",
    "warm<-+12.163",
    "warm<-+13.704",
    "warm<-+15.246",
    "warm<-+16.787",
    "warm<-+18.324",
    "warm<-+19.866",
    "warm<-+21.407",
    "warm<-+21.407"
  ],
  "n_converged": 25,
  "n_total": 25,
  "anchor": {
    "v_rhe": 0.55,
    "phi_applied_eta": 21.406959645641663,
    "stern_anchor_f_m2": 0.1,
    "stern_final_f_m2": 100.0,
    "stern_bump_ladder": [
      0.2,
      0.5,
      1.0,
      2.0,
      5.0,
      10.0,
      100.0
    ],
    "stern_bump_history": [
      [
        0.2,
        "ok"
      ],
      [
        0.5,
        "ok"
      ],
      [
        1.0,
        "ok"
      ],
      [
        2.0,
        "ok"
      ],
      [
        5.0,
        "ok"
      ],
      [
        10.0,
        "ok"
      ],
      [
        100.0,
        "ok"
      ]
    ],
    "converged": true,
    "wall_seconds": 20.093175172805786,
    "ladder_history": [
      [
        1e-12,
        "ok"
      ],
      [
        1e-09,
        "ok"
      ],
      [
        1e-06,
        "ok"
      ],
      [
        0.001,
        "ok"
      ],
      [
        1.0,
        "fail"
      ],
      [
        0.03162277660168379,
        "ok"
      ],
      [
        1.0,
        "ok"
      ]
    ]
  },
  "grid_wall_seconds": 627.9412930011749,
  "config": {
    "K0_R4e_factor": 1e-17,
    "K0_R2e_basis_m_s": 2.4e-08,
    "alpha_R2e": 0.627,
    "alpha_R4e": 0.5,
    "E_eq_R2e_V": 0.695,
    "E_eq_R4e_V": 1.23,
    "n_electrons_R2e": 2,
    "n_electrons_R4e": 4,
    "stern_mode": "near_no_stern_bump_ladder",
    "stern_anchor_f_m2": 0.1,
    "stern_final_f_m2": 100.0,
    "l_eff_m": 0.0001,
    "mesh_Nx": 8,
    "mesh_Ny": 80,
    "mesh_beta": 3.0,
    "exponent_clip": 100.0,
    "u_clamp": 100.0,
    "n_substeps_warm": 8,
    "bisect_depth_warm": 5,
    "initializer": "debye_boltzmann",
    "formulation": "logc_muh",
    "v_rhe_grid_n": 25,
    "v_rhe_grid_min": -0.4,
    "v_rhe_grid_max": 0.55,
    "anchor_v_rhe": 0.55,
    "counterions": [
      "Cs+",
      "SO4(2-)"
    ],
    "a_vals_hat_dynamic": {
      "O2_r_A": 1.7,
      "H2O2_r_A": 2.0,
      "Hp_r_A_H3Op_Stokes": 2.8,
      "O2_a_nondim": 1.487193648106637e-05,
      "H2O2_a_nondim": 2.4216464858239555e-05,
      "Hp_a_nondim": 6.644997957100934e-05
    },
    "enable_water_ionization": false,
    "enable_cation_hydrolysis": false,
    "lambda_hydrolysis": 0.0
  }
}