{
  "V_grid": [
    -0.1,
    0.0,
    0.1,
    0.15,
    0.2,
    0.25,
    0.3,
    0.4
  ],
  "target_cd": [
    -0.17756912659015606,
    -0.1731741909313427,
    -0.15930319071406013,
    -0.13629235212243124,
    -0.07165291801020501,
    -0.022320413083949837,
    -0.003802943416596103,
    -0.0002559192048219572
  ],
  "true_params": {
    "k0_r1": 0.0012631578947368421,
    "k0_r2": 5.2631578947368424e-05,
    "alpha_r1": 0.627,
    "alpha_r2": 0.5
  }
}