{
  "label": "jithin_emulation_fig436",
  "config": {
    "topology": "single_tafel_R2e_only",
    "alpha_tafel": 1.0,
    "alpha_times_n_e": 2.0,
    "A_tafel_mV_dec": 29.58,
    "alpha_jithin_target": 1.1290076335877863,
    "A_tafel_jithin_target_mV_dec": 26.2,
    "n_electrons_tafel": 2,
    "counterions": [
      "Cs+",
      "SO4(2-)"
    ],
    "stern_anchor": 0.1,
    "stern_target": 1.16,
    "stern_bump_ladder": [
      0.2,
      0.35,
      0.5,
      0.7,
      0.85,
      1.0,
      1.16
    ],
    "stern_note": "Jithin L_Stern = 0.6 nm \u2192 C_S = 1.16 F/m\u00b2 reached via verified bump ladder [0.2, 0.35, 0.5, 0.7, 0.85, 1.0, 1.16].",
    "l_eff_m": 1e-05,
    "d_o2_phys_jithin_m2_s": 1.5e-09,
    "k0_r2e_jithin_factor": 1e-10,
    "C_SCALE_mol_m3": 1.2,
    "c_o2_mol_m3": 0.25,
    "c_hp_mol_m3": 10.0,
    "c_cs_mol_m3": 190.0,
    "c_so4_mol_m3": 100.0,
    "v_h_nm3": 0.175616,
    "v_o2_nm3": 0.064,
    "v_h2o2_nm3": 0.16638,
    "v_cs_nm3": 0.28489,
    "v_so4_nm3": 0.43552,
    "enable_cation_hydrolysis": false,
    "enable_water_ionization": false,
    "v_rhe_grid": [
      -0.4,
      -0.3604,
      -0.3208,
      -0.2812,
      -0.2417,
      -0.2021,
      -0.1625,
      -0.1229,
      -0.0833,
      -0.0437,
      -0.0042,
      0.0354,
      0.075,
      0.1146,
      0.1542,
      0.1938,
      0.2333,
      0.2729,
      0.3125,
      0.3521,
      0.3917,
      0.4313,
      0.4708,
      0.5104,
      0.55
    ],
    "anchor_v_rhe": 0.55,
    "mesh": {
      "Nx": 8,
      "Ny": 80,
      "beta": 3.0,
      "domain_height_hat": 0.1
    },
    "formulation": "logc_muh",
    "initializer": "debye_boltzmann",
    "exponent_clip": 100.0,
    "packing_floor": 1e-15,
    "bv_steric_activity": true,
    "u_clamp": 100.0,
    "n_substeps_warm": 8,
    "bisect_depth_warm": 5
  },
  "k0_targets": {
    "0": 1.2631578947368422e-13
  },
  "v_rhe": [
    -0.4,
    -0.3604,
    -0.3208,
    -0.2812,
    -0.2417,
    -0.2021,
    -0.1625,
    -0.1229,
    -0.0833,
    -0.0437,
    -0.0042,
    0.0354,
    0.075,
    0.1146,
    0.1542,
    0.1938,
    0.2333,
    0.2729,
    0.3125,
    0.3521,
    0.3917,
    0.4313,
    0.4708,
    0.5104,
    0.55
  ],
  "phi_applied_hat": [
    -15.568697924103027,
    -14.027396829616826,
    -12.486095735130625,
    -10.944794640644428,
    -9.407385720639253,
    -7.866084626153054,
    -6.324783531666855,
    -4.783482437180655,
    -3.242181342694455,
    -1.7008802482082557,
    -0.16347132820308177,
    1.3778297662831178,
    2.919130860769317,
    4.460431955255516,
    6.001733049741716,
    7.543034144227916,
    9.08044306423309,
    10.621744158719288,
    12.163045253205489,
    13.70434634769169,
    15.245647442177887,
    16.786948536664088,
    18.32435745666926,
    19.86565855115546,
    21.406959645641663
  ],
  "cd_mA_cm2": [
    -0.7235373135307093,
    -0.723573154790321,
    -0.7235955704479466,
    -0.7236100855264488,
    -0.7236198029893,
    -0.723626577124424,
    -0.7236314304476192,
    -0.723634949519222,
    -0.7236374021726214,
    -0.7236388099715696,
    -0.723639042965779,
    -0.7236380429776745,
    -0.7236358024019895,
    -0.7236234323875358,
    -0.722463198955592,
    -0.5332073365444099,
    -0.006066380521807388,
    -1.1446445489294346e-05,
    -1.517163028297762e-08,
    -1.5616448122894002e-11,
    -1.3567827167344502e-14,
    -1.0300501155554428e-17,
    -6.7634059013727975e-21,
    -3.443781185081828e-24,
    -1.2799138305372421e-27
  ],
  "pc_mA_cm2": [
    -0.7235373135307093,
    -0.723573154790321,
    -0.7235955704479466,
    -0.7236100855264488,
    -0.7236198029893,
    -0.723626577124424,
    -0.7236314304476192,
    -0.723634949519222,
    -0.7236374021726214,
    -0.7236388099715696,
    -0.723639042965779,
    -0.7236380429776745,
    -0.7236358024019895,
    -0.7236234323875358,
    -0.722463198955592,
    -0.5332073365444099,
    -0.006066380521807388,
    -1.1446445489294346e-05,
    -1.517163028297762e-08,
    -1.5616448122894002e-11,
    -1.3567827167344502e-14,
    -1.0300501155554428e-17,
    -6.7634059013727975e-21,
    -3.443781185081828e-24,
    -1.2799138305372421e-27
  ],
  "c_O2_OHP_nondim": [
    3.661050136276371e-20,
    1.1644916714702445e-19,
    4.2983568573614845e-19,
    1.8928320119511174e-18,
    1.0181689877383882e-17,
    6.917424695781653e-17,
    6.011788196728334e-16,
    6.697883732225883e-15,
    9.399886335371743e-14,
    1.6052459545780153e-12,
    3.2300094850101164e-11,
    8.121685016528319e-10,
    2.843088007904613e-08,
    1.518786941148902e-06,
    0.0001258501097833933,
    0.011434662693329501,
    0.021194235728624184,
    0.009375891302807006,
    0.003764822550013027,
    0.001418483810114917,
    0.0005140252858299872,
    0.00018135445886576063,
    6.208030253493786e-05,
    2.0093397337090488e-05,
    6.011404723247777e-06
  ],
  "c_H2O2_OHP_nondim": [
    0.008519650089484866,
    0.015116137908475406,
    0.02577905207757303,
    0.04189463147920237,
    0.06422555440305464,
    0.09228113450068595,
    0.12329899612753878,
    0.15279013026113927,
    0.17621387179002215,
    0.19091038918875067,
    0.19556740592138155,
    0.1864817508689441,
    0.15892058720775182,
    0.117136153669508,
    0.07409832767898422,
    0.029888344781580495,
    0.00016802270858138916,
    4.635015824594808e-06,
    1.8071856557480415e-06,
    6.808722559523977e-07,
    2.467321372181433e-07,
    8.705014025938741e-08,
    2.9798545218058072e-08,
    9.644830722224328e-09,
    2.8854742530000704e-09
  ],
  "c_H_OHP_nondim": [
    202.0892293430839,
    201.1426434954025,
    195.67372333679208,
    183.28896171243818,
    162.3688031351843,
    133.05848115292054,
    98.57596112721549,
    64.62282060744454,
    37.03839104476748,
    18.797952387666644,
    8.950217219106193,
    4.278979035970804,
    2.067893657415193,
    0.95476942580204,
    0.4009848339829405,
    0.14987441444657432,
    0.04959723854626008,
    0.014301807940864926,
    0.0036694928838899863,
    0.0008596559458606607,
    0.00018863321239545147,
    3.90909622713111e-05,
    7.572227905813874e-06,
    1.3208053930394843e-06,
    2.0215205240812792e-07
  ],
  "phi_OHP_nondim": [
    -6.655203795858016,
    -5.9991376416794395,
    -5.369647621796605,
    -4.761609336936455,
    -4.167973383039267,
    -3.57297484691518,
    -2.9608453883834223,
    -2.3110678028114346,
    -1.605548201477857,
    -0.8449993117210687,
    -0.078443918064104,
    0.6123082749679831,
    1.1833340730988464,
    1.6632806046182744,
    2.099102788602703,
    2.5277908863196252,
    2.9722201403994175,
    3.4474686101385488,
    3.9571842745583883,
    4.502581134293678,
    5.084914585481594,
    5.705930749062398,
    6.364415349018171,
    7.06137406886336,
    7.790065441615281
  ],
  "converged": [
    true,
    true,
    true,
    true,
    true,
    true,
    true,
    true,
    true,
    true,
    true,
    true,
    true,
    true,
    true,
    true,
    true,
    true,
    true,
    true,
    true,
    true,
    true,
    true,
    true
  ],
  "method": [
    "warm<--14.027",
    "warm<--12.486",
    "warm<--10.945",
    "warm<--9.407",
    "warm<--7.866",
    "warm<--6.325",
    "warm<--4.783",
    "warm<--3.242",
    "warm<--1.701",
    "warm<--0.163",
    "warm<-+1.378",
    "warm<-+2.919",
    "warm<-+4.460",
    "warm<-+6.002",
    "warm<-+7.543",
    "warm<-+9.080",
    "warm<-+10.622",
    "warm<-+12.163",
    "warm<-+13.704",
    "warm<-+15.246",
    "warm<-+16.787",
    "warm<-+18.324",
    "warm<-+19.866",
    "warm<-+21.407",
    "warm<-+21.407"
  ],
  "n_converged": 25,
  "n_total": 25,
  "anchor": {
    "v_rhe": 0.55,
    "phi_applied_eta": 21.406959645641663,
    "stern_anchor_f_m2": 0.1,
    "stern_target_f_m2": 1.16,
    "stern_bump_ladder": [
      0.2,
      0.35,
      0.5,
      0.7,
      0.85,
      1.0,
      1.16
    ],