phi_applied,flux_noisy
3.892174481025757,-0.1628871835711952
1.946087240512878,-0.1693587368036706
0,-0.1732967888652812
-3.892174481025757,-0.1775288004344176
-7.784348962051514,-0.1796789293695205
-11.67652344307727,-0.1813329993590229
-15.56869792410303,-0.1828290536501108
-19.46087240512878,-0.1839047658586455
