{
  "50": {
    "fim": {
      "n_residuals": 10,
      "n_params": 4,
      "singular_values": [
        10549.412808081908,
        216.0259623692094,
        37.87094227016775,
        0.14605263404388533
      ],
      "fim_eigenvalues": [
        0.021331332470973095,
        1434.2082684299492,
        46667.2164175457,
        111290110.59532268
      ],
      "fim_diagonal": [
        8186.664441250211,
        11275.276890577092,
        30029321.149009947,
        81289428.95099823
      ],
      "condition_number": 5217213258.794885,
      "weak_eigvec": {
        "log_k0_1": 0.9993643682986914,
        "log_k0_2": 0.02270223485619816,
        "alpha_1": -0.026716990396444235,
        "alpha_2": -0.006455256125647219
      },
      "weak_eigvec_canonical_ridge_cos": 0.022834412820583218,
      "ridge_breaking_score": 0.9771655871794168
    },
    "sigma_cd": 0.003560375871377405,
    "sigma_pc": 3.087524665214154e-07,
    "dPC_dalpha2_per_v": [
      0.002783648364298047,
      2.1619328850250563e-05,
      1.6666873258039047e-07,
      -1.3902818817251947e-09,
      -2.8620076516778625e-08,
      NaN
    ],
    "dR2_dalpha2_per_v": [
      0.007588385529944119,
      5.8916292400290615e-05,
      4.378603035704032e-07,
      -1.0714346077023151e-08,
      -1.5611857835141907e-07,
      NaN
    ],
    "S_cd_raw": [
      [
        -3.139334625590351e-08,
        1.4028778139163478e-08,
        -1.9055319822047778e-06,
        1.4103293533018757e-06
      ],
      [
        -2.619774716605683e-06,
        1.07705511176448e-10,
        -0.00013867389805910513,
        1.8008927682444664e-08
      ],
      [
        -0.0004694726812581873,
        -6.63358257213531e-12,
        -0.018854621701008822,
        6.129680096833567e-09
      ],
      [
        -0.016233798455833615,
        7.262461465540326e-09,
        -0.6065737798083976,
        2.538039223232147e-09
      ],
      [
        -1.881591662607367e-06,
        -1.7319217561607796e-05,
        -5.5658543095003446e-05,
        2.8619904890962852e-08
      ]
    ],
    "S_pc_raw": [
      [
        -2.78360982220527e-05,
        2.783609951694945e-05,
        -0.0016901595063666282,
        0.002783648364298047
      ],
      [
        -2.162610142572856e-07,
        2.1626209203047802e-07,
        -1.1447219044657996e-05,
        2.1619328850250563e-05
      ],
      [
        -1.7888821730893158e-09,
        1.7345789670738078e-09,
        -4.4698733866951066e-08,
        1.6666873258039047e-07
      ],
      [
        -4.843761720521979e-09,
        -7.25098963246754e-09,
        -1.8098610431451184e-07,
        -1.3902818817251947e-09
      ],
      [
        -1.881591662607367e-06,
        1.7319217561607796e-05,
        -5.5658543095020387e-05,
        -2.8620076516778625e-08
      ]
    ],
    "S_r2_raw": [
      [
        -7.583564665125664e-05,
        7.588301084715532e-05,
        -0.0046046103405195105,
        0.007588385529944119
      ],
      [
        6.555437831456956e-06,
        5.895480215123428e-07,
        0.0003470030512930933,
        5.8916292400290615e-05
      ],
      [
        0.0012804533908172822,
        4.749034498985338e-09,
        0.051424715456493963,
        4.378603035704032e-07
      ],
      [
        0.044276687680311344,
        -3.95845439760123e-08,
        1.654392708936303,
        -1.0714346077023151e-08
      ],
      [
        0.0,
        9.447423136788919e-05,
        0.0,
        -1.5611857835141907e-07
      ]
    ],
    "v_used": [
      true,
      true,
      true,
      true,
      true,
      false
    ],
    "n_used": 5
  }
}