{
  "generated_at": "2026-03-18T00:06:08.716875Z",
  "n_total_rows": 900,
  "n_models": 9,
  "best_model_for_k0_2": "RBF baseline",
  "best_k0_2_median_error_pct": 5.796464687328326,
  "baselines": {
    "v12_rbf_baseline_max_error": 4.23,
    "v13_cascade_max_error": 4.63,
    "v13_pde_refined_max_error": 4.33
  },
  "models": {
    "NN D1-default": {
      "n_runs": 112,
      "methods": [
        "cascade",
        "multistart"
      ],
      "max_error_pct": {
        "median": 27.52211419428715,
        "mean": 48.027751017184336,
        "max": 197.10968521894407,
        "min": 7.110637519601437
      },
      "k0_2_error_pct": {
        "median": 27.52211419428715,
        "mean": 45.200800815270036,
        "max": 197.10968521894407,
        "min": 0.1541474049371646
      },
      "k0_1_error_pct": {
        "median": 12.926760816879444,
        "mean": 20.951808781583697,
        "max": 68.59961928089268
      },
      "mean_time_s": 3.003918449793543
    },
    "NN D2-wider": {
      "n_runs": 112,
      "methods": [
        "cascade",
        "multistart"
      ],
      "max_error_pct": {
        "median": 34.681032682728514,
        "mean": 48.67348931813385,
        "max": 173.20543854025453,
        "min": 5.361085292462483
      },
      "k0_2_error_pct": {
        "median": 33.99360383311803,
        "mean": 46.71543113722438,
        "max": 173.20543854025453,
        "min": 0.372365041997294
      },
      "k0_1_error_pct": {
        "median": 8.979874128550344,
        "mean": 21.885960107839058,
        "max": 111.71451418734041
      },
      "mean_time_s": 5.155260437301227
    },
    "NN D3-deeper": {
      "n_runs": 112,
      "methods": [
        "cascade",
        "multistart"
      ],
      "max_error_pct": {
        "median": 49.42439209000768,
        "mean": 58.079528757196385,
        "max": 162.785226633489,
        "min": 4.1331768242554965
      },
      "k0_2_error_pct": {
        "median": 46.18937915444704,
        "mean": 54.50397611602297,
        "max": 162.785226633489,
        "min": 3.3367977494979812
      },
      "k0_1_error_pct": {
        "median": 16.986525406546065,
        "mean": 31.08604580673631,
        "max": 129.10013134484362
      },
      "mean_time_s": 3.5366325740303313
    },
    "NN D4-no-physics": {
      "n_runs": 112,
      "methods": [
        "cascade",
        "multistart"
      ],
      "max_error_pct": {
        "median": 43.24689199343285,
        "mean": 60.5643788831935,
        "max": 217.04479422190767,
        "min": 10.154010686540746
      },
      "k0_2_error_pct": {
        "median": 33.8264645461103,
        "mean": 53.83973606479852,
        "max": 217.04479422190767,
        "min": 0.049019633548423765
      },
      "k0_1_error_pct": {
        "median": 23.570122778066214,
        "mean": 26.687037619498785,
        "max": 80.58495984192747
      },
      "mean_time_s": 2.5463098819766725
    },
    "NN D5-strong-physics": {
      "n_runs": 112,
      "methods": [
        "cascade",
        "multistart"
      ],
      "max_error_pct": {
        "median": 49.44466565299153,
        "mean": 57.67524259671872,
        "max": 211.02946118479574,
        "min": 7.3786778891490625
      },
      "k0_2_error_pct": {
        "median": 41.92639100243922,
        "mean": 52.592387687649406,
        "max": 211.02946118479574,
        "min": 1.2922943203958115
      },
      "k0_1_error_pct": {
        "median": 15.4593349774605,
        "mean": 21.48616834216122,
        "max": 56.364829984347196
      },
      "mean_time_s": 2.560776957443782
    },
    "GP": {
      "n_runs": 4,
      "methods": [
        "cascade",
        "multistart"
      ],
      "max_error_pct": {
        "median": 49.99492283559041,
        "mean": 124.5949404142028,
        "max": 386.79919761370576,
        "min": 11.59071837192463
      },
      "k0_2_error_pct": {
        "median": 41.397175555052634,
        "mean": 117.46586120708002,
        "max": 386.79919761370576,
        "min": 0.26989610450904733
      },
      "k0_1_error_pct": {
        "median": 17.113341477472467,
        "mean": 29.31396191565016,
        "max": 71.43844633573107
      },
      "mean_time_s": 223.14627486467361
    },
    "POD-RBF log": {
      "n_runs": 112,
      "methods": [
        "cascade",
        "multistart"
      ],
      "max_error_pct": {
        "median": 29.345715739470165,
        "mean": 95.43731860602247,
        "max": 1957.648270308338,
        "min": 4.673850591934617
      },
      "k0_2_error_pct": {
        "median": 27.486110928623013,
        "mean": 82.33727619015642,
        "max": 1957.648270308338,
        "min": 1.1550191788001518
      },
      "k0_1_error_pct": {
        "median": 7.777695570073547,
        "mean": 29.469735210537596,
        "max": 286.4685914513653
      },
      "mean_time_s": 3.5635750932352885
    },
    "POD-RBF nolog": {
      "n_runs": 112,
      "methods": [
        "cascade",
        "multistart"
      ],
      "max_error_pct": {
        "median": 33.11741153554451,
        "mean": 95.33903078174272,
        "max": 1915.7248737283694,
        "min": 2.864101856623996
      },
      "k0_2_error_pct": {
        "median": 28.713445150462086,
        "mean": 83.41734401191563,
        "max": 1915.7248737283694,
        "min": 1.8304879987944918
      },
      "k0_1_error_pct": {
        "median": 9.010268563816387,
        "mean": 35.86056859698959,
        "max": 302.65741532005023
      },
      "mean_time_s": 3.296483412384987
    },
    "RBF baseline": {
      "n_runs": 112,
      "methods": [
        "cascade",
        "multistart"
      ],
      "max_error_pct": {
        "median": 9.469025379624298,
        "mean": 39.14329580225155,
        "max": 325.8132763027225,
        "min": 5.350851667913697e-07
      },
      "k0_2_error_pct": {
        "median": 5.796464687328326,
        "mean": 31.32736064430467,
        "max": 325.8132763027225,
        "min": 3.7059333073138875e-07
      },
      "k0_1_error_pct": {
        "median": 5.02286196578758,
        "mean": 23.556648229801453,
        "max": 238.0177096459407
      },
      "mean_time_s": 0.6090260126761028
    }
  },
  "zero_noise_summary": {
    "NN D1-default": {
      "median_max_error": 39.01544482795287,
      "mean_max_error": 45.42158766702097,
      "max_max_error": 128.35562855403288
    },
    "NN D2-wider": {
      "median_max_error": 32.66243010844036,
      "mean_max_error": 44.23417168453332,
      "max_max_error": 108.26417415224958
    },
    "NN D3-deeper": {
      "median_max_error": 49.42439209000768,
      "mean_max_error": 49.9520101196869,
      "max_max_error": 105.03759943979558
    },
    "NN D4-no-physics": {
      "median_max_error": 48.53338283005879,
      "mean_max_error": 55.572707214093654,
      "max_max_error": 134.82680057867552
    },
    "NN D5-strong-physics": {
      "median_max_error": 47.72219932685167,
      "mean_max_error": 52.97259382339429,
      "max_max_error": 140.35077764659536
    },
    "GP": {
      "median_max_error": 20.071058853687187,
      "mean_max_error": 20.071058853687187,
      "max_max_error": 28.551399335449744
    },
    "POD-RBF log": {
      "median_max_error": 26.415733318587186,
      "mean_max_error": 193.45369384357582,
      "max_max_error": 1957.648270308338
    },
    "POD-RBF nolog": {
      "median_max_error": 27.270481880250962,
      "mean_max_error": 68.555259379138,
      "max_max_error": 470.4031743325394
    },
    "RBF baseline": {
      "median_max_error": 6.734385306092832e-05,
      "mean_max_error": 38.93427618843129,
      "max_max_error": 262.20838149259697
    }
  }
}