{
  "label": "stern_0p10_clip100_ny100_profile",
  "cs_f_m2": 0.1,
  "exponent_clip": 100.0,
  "mesh_ny": 100,
  "v_rhe": [
    -0.5,
    -0.3,
    -0.1,
    0.0,
    0.1,
    0.3,
    0.5,
    0.55,
    0.6,
    0.65,
    0.66,
    0.68,
    0.7,
    0.75,
    1.0
  ],
  "report": {
    "label": "stern_0p10_clip100_ny100_profile",
    "cs_f_m2": 0.1,
    "wall_seconds": 315.1353437900543,
    "v_rhe": [
      -0.5,
      -0.3,
      -0.1,
      0.0,
      0.1,
      0.3,
      0.5,
      0.55,
      0.6,
      0.65,
      0.66,
      0.68,
      0.7,
      0.75,
      1.0
    ],
    "phi_applied_hat": [
      -19.460872405128782,
      -11.676523443077269,
      -3.892174481025757,
      0.0,
      3.892174481025757,
      11.676523443077269,
      19.460872405128782,
      21.406959645641663,
      23.353046886154537,
      25.29913412666742,
      25.688351574769992,
      26.466786470975144,
      27.245221367180292,
      29.191308607693173,
      38.921744810257564
    ],
    "cd_mA_cm2": [
      -0.18491755403423665,
      -0.18272643464440688,
      -0.17914184569476485,
      -0.1752041229696126,
      -0.16826852911851445,
      -0.11833068883831692,
      -1.555389283211398e-05,
      -1.5431489177406978e-05,
      -1.542349147481852e-05,
      -1.5258525162791326e-05,
      -1.5009958216093194e-05,
      -1.2452836186849223e-05,
      -5.319089895400047e-06,
      -3.1236362498825206e-08,
      2.1867615604445962e-16
    ],
    "pc_mA_cm2": [
      1.5508446776750193e-05,
      1.5507621023203584e-05,
      1.5506253412933612e-05,
      1.5504732380152657e-05,
      1.5502014076322707e-05,
      1.5482446365254822e-05,
      1.5434081382138148e-05,
      1.5430908235044118e-05,
      1.542348909067374e-05,
      1.5258525154553846e-05,
      1.5009958213607317e-05,
      1.2452836187385825e-05,
      5.319089898099987e-06,
      3.123636581260337e-08,
      2.186798709461223e-16
    ],
    "surface_pH_proxy": [
      9.770776546602685,
      9.771931403415861,
      9.765944835787563,
      9.724894170430558,
      9.522271953156533,
      8.352205077347612,
      9.620288362051827,
      10.312700583001396,
      11.043601710930952,
      11.814651115675408,
      11.974757244065417,
      12.299692512473593,
      12.618262419582614,
      13.430845713076543,
      18.00822890644436
    ],
    "j_ring_mA_cm2": [
      3.4738920779920436e-06,
      3.473707109197603e-06,
      3.4734007644971294e-06,
      3.4730600531541952e-06,
      3.4724511530962864e-06,
      3.4680679858170803e-06,
      3.457234229598945e-06,
      3.4565234446498824e-06,
      3.454861556310918e-06,
      3.4179096346200615e-06,
      3.3622306398480393e-06,
      2.789435305974425e-06,
      1.1914761371743972e-06,
      6.996945942023155e-09,
      4.89842910919314e-17
    ],
    "S_H2O2_percent": [
      0.016771956910995735,
      0.016972153005443035,
      0.017310206077860404,
      0.017697483533662735,
      0.018423630539380995,
      0.02616467638486037,
      99.61336146355534,
      99.9981176369577,
      99.9999922710595,
      99.99999997300696,
      99.99999999171924,
      100.00000000215454,
      100.00000002537973,
      100.0000053043596,
      100.00084939990155
    ],
    "n_e_rrde": [
      3.9996645608617802,
      3.999660556939891,
      3.999653795878443,
      3.9996460503293267,
      3.9996315273892122,
      3.9994767064723025,
      2.007732770728893,
      2.000037647260846,
      2.0000001545788106,
      2.000000000539861,
      2.000000000165615,
      1.9999999999569091,
      1.9999999994924058,
      1.9999998939128079,
      1.999983012001969
    ],
    "c_H_surface_nondim": [
      3.390419592450364e-07,
      3.3814159139673603e-07,
      3.428350057390827e-07,
      3.768216312047598e-07,
      6.008389002145235e-07,
      8.88842717144887e-06,
      4.794481350026562e-07,
      9.734853331066362e-08,
      1.808957171578403e-08,
      3.0646358665932226e-09,
      2.119691955424046e-09,
      1.0030844159083175e-09,
      4.816899398085273e-10,
      7.416248655084214e-11,
      1.9624612460612673e-15
    ],
    "N_collection_used": 0.224,
    "converged": [
      true,
      true,
      true,
      true,
      true,
      true,
      true,
      true,
      true,
      true,
      true,
      true,
      true,
      true,
      true
    ],
    "method": [
      "warm<--11.677",
      "warm<--3.892",
      "warm<-+0.000",
      "warm<-+3.892",
      "warm<-+11.677",
      "warm<-+19.461",
      "cold",
      "warm<-+19.461",
      "warm<-+21.407",
      "warm<-+23.353",
      "warm<-+25.299",
      "warm<-+25.688",
      "warm<-+26.467",
      "warm<-+27.245",
      "warm<-+29.191"
    ],
    "z_achieved": [
      1.0,
      1.0,
      1.0,
      1.0,
      1.0,
      1.0,
      1.0,
      1.0,
      1.0,
      1.0,
      1.0,
      1.0,
      1.0,
      1.0,
      1.0
    ],
    "n_converged": 15,
    "n_total": 15
  }
}