{
  "l_eff_m": 1.6e-05,
  "ratio": 1e-30,
  "k0_targets": {
    "0": 0.0012631578947368421,
    "1": 1.2631578947368422e-33
  },
  "v_rhe": [
    -0.4,
    -0.3208,
    -0.2417,
    -0.1625,
    -0.0833,
    -0.0042,
    0.075,
    0.1542,
    0.2333,
    0.3125,
    0.3917,
    0.4708,
    0.55
  ],
  "phi_applied_hat": [
    -15.568697924103027,
    -12.486095735130625,
    -9.407385720639253,
    -6.324783531666855,
    -3.242181342694455,
    -0.16347132820308177,
    2.919130860769317,
    6.001733049741716,
    9.08044306423309,
    12.163045253205489,
    15.245647442177887,
    18.32435745666926,
    21.406959645641663
  ],
  "cd_mA_cm2": [
    -2.7493360884093123,
    -2.7492466975350367,
    -2.744171801027223,
    -2.5276766069463794,
    -1.4144334342225755,
    -0.7521073184735698,
    -0.5914834524023251,
    -0.5657506463100922,
    -0.5619069640537073,
    -0.5593662926068985,
    -0.5446145677294313,
    -0.4507636477642936,
    -0.13933580869430573
  ],
  "pc_mA_cm2": [
    -2.749336088366993,
    -2.7492466975318974,
    -2.744171801026995,
    -2.5276766069463603,
    -1.4144334342225722,
    -0.752107318473566,
    -0.5914834524023171,
    -0.56575064631006,
    -0.5619069640535661,
    -0.5593662926062792,
    -0.5446145677268244,
    -0.4507636477565969,
    -0.1393358086913691
  ],
  "j_ring_mA_cm2": [
    0.6158512837942064,
    0.6158312602471451,
    0.614694483430047,
    0.5661995599559847,
    0.3168330892658562,
    0.1684720393380788,
    0.13249229333811904,
    0.12672814477345345,
    0.1258671599479988,
    0.12529804954380655,
    0.12199366317080866,
    0.10097105709747771,
    0.03121122114686668
  ],
  "S_H2O2_percent": [
    99.99999999923038,
    99.99999999994291,
    99.99999999999584,
    99.99999999999962,
    99.99999999999989,
    99.99999999999974,
    99.99999999999932,
    99.99999999999716,
    99.99999999998741,
    99.99999999994465,
    99.99999999976067,
    99.99999999914627,
    99.99999999894622
  ],
  "n_e_rrde": [
    2.0000000000153926,
    2.000000000001142,
    2.000000000000083,
    2.0000000000000075,
    2.0000000000000027,
    2.000000000000005,
    2.0000000000000133,
    2.000000000000057,
    2.0000000000002514,
    2.000000000001107,
    2.000000000004787,
    2.000000000017075,
    2.000000000021076
  ],
  "surface_pH_proxy": [
    10.308422976257935,
    10.412549267150148,
    10.518260052044985,
    10.580330196700247,
    10.323022674201084,
    9.772200474736437,
    9.060264971016348,
    8.286551385877454,
    7.4983016115381345,
    6.703508558086566,
    5.91025993303843,
    5.156913131064057,
    4.631493931379396
  ],
  "c_H_surface_nondim": [
    4.096337938013411e-08,
    3.223068137200337e-08,
    2.5267292152784002e-08,
    2.190224119500652e-08,
    3.960920080682957e-08,
    1.4080506558699438e-07,
    7.253603009943019e-07,
    4.3079174052643185e-06,
    2.6455571177431375e-05,
    0.00016493400159410038,
    0.0010246105443287188,
    0.005806382245451242,
    0.0194681562218367
  ],
  "N_collection_used": 0.224,
  "converged": [
    true,
    true,
    true,
    true,
    true,
    true,
    true,
    true,
    true,
    true,
    true,
    true,
    true
  ],
  "method": [
    "warm<--12.486",
    "warm<--9.407",
    "warm<--6.325",
    "warm<--3.242",
    "warm<--0.163",
    "warm<-+2.919",
    "warm<-+6.002",
    "warm<-+9.080",
    "warm<-+12.163",
    "warm<-+15.246",
    "warm<-+18.324",
    "warm<-+21.407",
    "warm<-+21.407"
  ],
  "n_converged": 13,
  "n_total": 13,
  "anchor": {
    "v_rhe": 0.55,
    "phi_applied_eta": 21.406959645641663,
    "converged": true,
    "ladder_history": [
      [
        1e-12,
        "ok"
      ],
      [
        1e-09,
        "ok"
      ],
      [
        1e-06,
        "ok"
      ],
      [
        0.001,
        "ok"
      ],
      [
        1.0,
        "fail"
      ],
      [
        0.03162277660168379,
        "ok"
      ],
      [
        1.0,
        "ok"
      ]
    ],
    "wall_seconds": 21.416043043136597
  },
  "grid_wall_seconds": 259.49056124687195,
  "config": {
    "l_eff_m": 1.6e-05,
    "domain_height_hat": 0.15999999999999998,
    "ratio_K0_R4e_to_K0_R2e": 1e-30,
    "mesh_Nx": 8,
    "mesh_Ny": 80,
    "mesh_beta": 3.0,
    "exponent_clip": 100.0,
    "u_clamp": 100.0,
    "stern_capacitance_f_m2": 0.1,
    "ic": "debye_boltzmann",
    "formulation": "logc_muh",
    "initial_scales": [
      1e-12,
      1e-09,
      1e-06,
      0.001,
      1.0
    ],
    "max_inserts_per_step": 4,
    "ic_at_target": true,
    "n_substeps_warm": 8,
    "bisect_depth_warm": 5,
    "v_rhe_grid_n": 13,
    "v_rhe_grid_min": -0.4,
    "v_rhe_grid_max": 0.55,
    "anchor_v_rhe": 0.55,
    "n_collection": 0.224,
    "enable_water_ionization": false,
    "kw_eff_hat_target": 0.0
  }
}