{
  "x0": [
    -3.0,
    -14.397940008672037,
    0.627,
    0.325
  ],
  "J0": 109.57972044135809,
  "grad_adjoint": [
    1534.2366665506122,
    -1507.2571092453536,
    26841.92670663233,
    -107692.59313117551
  ],
  "fd_3_h0.001": {
    "h": 0.001,
    "J_plus": 43.23950514544893,
    "J_minus": 269.3583330058041,
    "g_fd": -113059.4139301776,
    "g_adjoint": -107692.59313117551,
    "rel_err": 0.04746903077276246
  },
  "fd_3_h0.0005": {
    "h": 0.0005,
    "J_plus": 66.68393524309927,
    "J_minus": 175.71709317081013,
    "g_fd": -109033.15792771085,
    "g_adjoint": -107692.59313117551,
    "rel_err": 0.012295019441921863
  }
}