V_RHE,observable,param,adjoint,fd,rel_err,verdict
0.3,cd,log_k0_1,-3.762773822649425e-06,-1.881591662609061e-06,0.9997823637419134,FAIL
0.3,cd,log_k0_2,-8.024921764465081e-13,-1.7319217559190364e-05,0.9999999536646402,FAIL
0.3,cd,alpha_1,-0.00011130482910294753,-5.565854309503733e-05,0.9997797806689587,FAIL
0.3,cd,alpha_2,-8.02492169370662e-11,2.8619955153897942e-08,1.0028039602614869,FAIL
0.3,pc,log_k0_1,-9.477760486310199e-13,-1.881591662607367e-06,0.9999994962902593,FAIL
0.3,pc,log_k0_2,8.006988022547922e-13,1.731921755918867e-05,0.9999999537681885,FAIL
0.3,pc,alpha_1,-2.8035714111680435e-11,-5.565854309505427e-05,0.9999994962909097,FAIL
0.3,pc,alpha_2,8.006987920290538e-11,-2.8620126796654374e-08,1.002797677304919,FAIL
