{
  "theta_final": [
    -6.489902496850982,
    -9.669409332581179,
    0.622258002564801,
    0.4963368773449165
  ],
  "theta_init": [
    -6.491818871006677,
    -9.669872701354622,
    0.5643,
    0.45
  ],
  "J_final": 1.4092562931739754e-07,
  "n_evals": 17,
  "elapsed_s": 1460.2315168380737,
  "true": {
    "k0_1": 0.0012631578947368421,
    "k0_2": 5.2631578947368424e-05,
    "alpha_1": 0.627,
    "alpha_2": 0.5
  },
  "V_grid": [
    -1.2,
    -1.0,
    -0.8,
    -0.6,
    -0.5,
    -0.4,
    -0.35,
    -0.3,
    -0.25,
    -0.2,
    -0.15,
    -0.1,
    -0.05,
    0.0,
    0.05,
    0.1,
    0.15,
    0.2,
    0.25
  ],
  "w_pc_mask": [
    1.0,
    1.0,
    1.0,
    1.0,
    1.0,
    1.0,
    1.0,
    1.0,
    1.0,
    1.0,
    1.0,
    1.0,
    1.0,
    0.0,
    0.0,
    0.0,
    0.0,
    0.0,
    0.0
  ],
  "noise_seed": 42,
  "noise_pct": 2.0
}