{
  "converged": false,
  "termination_reason": "no_improvement",
  "n_iterations": 2,
  "total_pde_evals": 60,
  "iteration_history": [
    {
      "iteration": 0,
      "n_new_samples": 30,
      "n_total_training": 2967,
      "surrogate_loss_at_best": 4.008419826561399e-05,
      "pde_loss_at_best": Infinity,
      "surrogate_pde_gap": Infinity,
      "convergence_metric": NaN,
      "best_params": [
        0.0004727037820749795,
        5.4865308999442337e-05,
        0.3440454745285548,
        0.5668212423477109
      ],
      "best_loss": Infinity,
      "candidate_pde_losses": [
        Infinity,
        Infinity,
        Infinity,
        Infinity,
        Infinity,
        Infinity,
        Infinity,
        Infinity,
        Infinity,
        Infinity,
        Infinity,
        Infinity,
        Infinity,
        Infinity,
        Infinity,
        Infinity,
        Infinity,
        Infinity,
        Infinity,
        Infinity,
        Infinity,
        Infinity,
        Infinity,
        Infinity,
        Infinity,
        Infinity,
        Infinity,
        Infinity,
        Infinity,
        Infinity
      ],
      "candidate_surrogate_losses": [
        4.008419826561399e-05,
        4.0084164240314814e-05,
        4.0084183200317585e-05,
        4.008415832091165e-05,
        4.0084148954909555e-05,
        4.008419683253754e-05,
        4.008423100842903e-05,
        4.008415939678562e-05,
        4.008418477943832e-05,
        4.008411101698195e-05,
        0.0006934415356983396,
        0.000405120453994612,
        0.00417643854279309,
        0.002221073554807783,
        0.00028397581316568675,
        0.004894946194487736,
        0.0013987011150668775,
        0.004400612240367866,
        0.0015128398823608682,
        0.007925049833124347,
        0.00038903174006563656,
        0.0017976655488550672,
        0.00048034551714361935,
        0.008832125241931305,
        0.0032702665835758664,
        0.00031807183272535765,
        0.0007608271102984974,
        0.0023640686875205422,
        0.002654095109329238,
        0.0050227428222803395
      ],
      "retrain_val_rmse_cd": null,
      "retrain_val_rmse_pc": null,
      "wall_time_s": 7.562408924102783
    },
    {
      "iteration": 1,
      "n_new_samples": 30,
      "n_total_training": 2967,
      "surrogate_loss_at_best": 4.008419826561399e-05,
      "pde_loss_at_best": Infinity,
      "surrogate_pde_gap": Infinity,
      "convergence_metric": NaN,
      "best_params": [
        0.0004727037820749795,
        5.4865308999442337e-05,
        0.3440454745285548,
        0.5668212423477109
      ],
      "best_loss": Infinity,
      "candidate_pde_losses": [
        Infinity,
        Infinity,
        Infinity,
        Infinity,
        Infinity,
        Infinity,
        Infinity,
        Infinity,
        Infinity,
        Infinity,
        Infinity,
        Infinity,
        Infinity,
        Infinity,
        Infinity,
        Infinity,
        Infinity,
        Infinity,
        Infinity,
        Infinity,
        Infinity,
        Infinity,
        Infinity,
        Infinity,
        Infinity,
        Infinity,
        Infinity,
        Infinity,
        Infinity,
        Infinity
      ],
      "candidate_surrogate_losses": [
        4.008419826561399e-05,
        4.0084164240314814e-05,
        4.0084183200317585e-05,
        4.008415832091165e-05,
        4.0084148954909555e-05,
        4.008419683253754e-05,
        4.008423100842903e-05,
        4.008415939678562e-05,
        4.008418477943832e-05,
        4.008411101698195e-05,
        0.0021983587877838257,
        0.00045729900681549076,
        0.001579589740091745,
        0.005524096556746455,
        0.010855631110332694,
        0.000786498705608077,
        0.0018132244371716082,
        0.0022192521180259273,
        0.0005654953985043628,
        0.0002169729021453253,
        0.009614887285819261,
        0.01103484953597768,
        0.006367795766020202,
        0.0004799438763508189,
        0.0014626935190852205,
        0.005725706039995352,
        0.004088653635602268,
        0.004501312645469309,
        0.0002827263603507068,
        0.006384315431330509
      ],
      "retrain_val_rmse_cd": null,
      "retrain_val_rmse_pc": null,
      "wall_time_s": 7.5709922313690186
    }
  ],
  "final_params": [
    0.0,
    0.0,
    0.0,
    0.0
  ],
  "final_loss": Infinity,
  "final_surrogate_path": null,
  "augmented_data_path": "StudyResults/ismo/iter_1/augmented_data.npz",
  "total_wall_time_s": 15.133455276489258
}