{
  "small": {
    "h": [
      0.001,
      0.001,
      0.0001,
      0.0001
    ],
    "sigma_cd_whiten": 0.003560375871377405,
    "sigma_pc_whiten": 3.082766708989037e-07,
    "subsets": {
      "cd": {
        "singular_values": [
          176.74399101913104,
          0.11420769307592031,
          0.0003961739269041702,
          4.4693261647307994e-08
        ],
        "fim_eigenvalues": [
          2.6538700676064928e-12,
          1.5695378062103e-07,
          0.013043397154944533,
          31238.43836137067
        ],
        "condition_number": 1.1770899691989972e+16,
        "weak_eigenvector": [
          -5.9612525721281395e-06,
          -0.999950538864297,
          1.4439114803810875e-07,
          0.00994584282226088
        ],
        "strong_eigenvector": [
          0.026576147350141997,
          -1.4121416650075072e-08,
          0.9996467918180018,
          -3.3923080411392463e-09
        ],
        "weak_eigvec_components": {
          "log_k0_1": -5.9612525721281395e-06,
          "log_k0_2": -0.999950538864297,
          "alpha_1": 1.4439114803810875e-07,
          "alpha_2": 0.00994584282226088
        },
        "fim_diagonal": [
          22.076481045641014,
          2.2228015421207226e-11,
          31216.374923722175,
          1.569389168367023e-07
        ]
      },
      "pc": {
        "singular_values": [
          10564.90323338804,
          4.688437334659,
          0.03356402987297008,
          0.0035771247579780936
        ],
        "fim_eigenvalues": [
          1.2792060856316062e-05,
          0.0011265364419001812,
          21.981444640882188,
          111617180.33085312
        ],
        "condition_number": 8725504168919.138,
        "weak_eigenvector": [
          0.8808765512744094,
          -0.47315157267501745,
          4.583687502777745e-05,
          0.013567925008684444
        ],
        "strong_eigenvector": [
          0.008547030816338978,
          -0.008547031088913025,
          0.5189569780811846,
          -0.8547148948185205
        ],
        "weak_eigvec_components": {
          "log_k0_1": 0.8808765512744094,
          "log_k0_2": -0.47315157267501745,
          "alpha_1": 4.583687502777745e-05,
          "alpha_2": 0.013567925008684444
        },
        "fim_diagonal": [
          8153.829545893802,
          8153.830934063076,
          30060347.11845051,
          81540547.53450662
        ]
      },
      "both": {
        "singular_values": [
          10565.30153358422,
          151.14309219416165,
          0.1846024069654176,
          0.029814753405985703
        ],
        "fim_eigenvalues": [
          0.0008889026654098496,
          0.03407804463676386,
          22844.23431801642,
          111625596.49555705
        ],
        "condition_number": 125576849793.88539,
        "weak_eigenvector": [
          -0.0009732907695193281,
          -0.9999494679235913,
          2.644158910517766e-05,
          0.01000567864998808
        ],
        "strong_eigenvector": [
          -0.008550247108822085,
          0.00854638660981687,
          -0.5190630674730583,
          0.8546504458173255
        ],
        "weak_eigvec_components": {
          "log_k0_1": -0.0009732907695193281,
          "log_k0_2": -0.9999494679235913,
          "alpha_1": 2.644158910517766e-05,
          "alpha_2": 0.01000567864998808
        },
        "fim_diagonal": [
          8175.906026939443,
          8153.830934063098,
          30091563.493374236,
          81540547.53450678
        ]
      }
    }
  },
  "large": {
    "h": [
      0.01,
      0.01,
      0.001,
      0.001
    ],
    "sigma_cd_whiten": 0.003560375871377405,
    "sigma_pc_whiten": 3.082766708989037e-07,
    "subsets": {
      "cd": {
        "singular_values": [
          176.6537646883478,
          0.11549834205684514,
          0.0005564238069717807,
          3.2385097981051635e-08
        ],
        "fim_eigenvalues": [
          -2.025627867808688e-12,
          3.096074528622405e-07,
          0.013339867011695034,
          31206.55257856614
        ],
        "condition_number": 3.120655257856614e+34,
        "weak_eigenvector": [
          2.250331120265174e-08,
          0.9999746569720546,
          -5.589967377900676e-10,
          -0.007119368906108795
        ],
        "strong_eigenvector": [
          -0.02657502925832844,
          3.3939358683684977e-11,
          -0.9996468215424481,
          -7.427714914570336e-10
        ],
        "weak_eigvec_components": {
          "log_k0_1": 2.250331120265174e-08,
          "log_k0_2": 0.9999746569720546,
          "alpha_1": -5.589967377900676e-10,
          "alpha_2": -0.007119368906108795
        },
        "fim_diagonal": [
          22.052402106348012,
          1.5693882350809622e-11,
          31184.513516326813,
          3.0959178513579756e-07
        ]
      },
      "pc": {
        "singular_values": [
          5310.259163243111,
          10.084940857063673,
          0.045249484412386735,
          0.001604735308523304
        ],
        "fim_eigenvalues": [
          2.572333654872077e-06,
          0.0020475150535758887,
          101.70603209256532,
          28198852.380807444
        ],
        "condition_number": 10962361872223.68,
        "weak_eigenvector": [
          0.8640722140332567,
          0.5028023366980442,
          -0.022388822122303226,
          -0.008231633533439517
        ],
        "strong_eigenvector": [
          0.017004355856427768,
          -0.017004356468490373,
          0.5750503158145679,
          -0.8177645370304133
        ],
        "weak_eigvec_components": {
          "log_k0_1": 0.8640722140332567,
          "log_k0_2": 0.5028023366980442,
          "alpha_1": -0.022388822122303226,
          "alpha_2": -0.008231633533439517
        },
        "fim_diagonal": [
          8154.054261908461,
          8154.054753993148,
          9324944.617683629,
          18857701.362190094
        ]
      },
      "both": {
        "singular_values": [
          5311.232289623536,
          144.8152114490565,
          0.8746324677758854,
          0.10009848253169806
        ],
        "fim_eigenvalues": [
          0.010019702076344379,
          0.7649819522748331,
          20971.445467039168,
          28209188.434339676
        ],
        "condition_number": 2815371976.072926,
        "weak_eigenvector": [
          0.8643342711000395,
          0.5023185811532718,
          -0.02297521104436612,
          -0.008628470756421454
        ],
        "strong_eigenvector": [
          -0.017015048751509023,
          0.016998123759494808,
          -0.5754762104918205,
          0.8174647901057357
        ],
        "weak_eigvec_components": {
          "log_k0_1": 0.8643342711000395,
          "log_k0_2": 0.5023185811532718,
          "alpha_1": -0.02297521104436612,
          "alpha_2": -0.008628470756421454
        },
        "fim_diagonal": [
          8176.106664014808,
          8154.054753993163,
          9356129.131199956,
          18857701.362190403
        ]
      }
    }
  },
  "rank_comparison_small_step": {
    "sv_min_cd_only": 4.4693261647307994e-08,
    "sv_min_cd_plus_pc": 0.029814753405985703,
    "sv_min_ratio_both_over_cd": 667097.2828357344,
    "cond_cd_only": 1.1770899691989972e+16,
    "cond_cd_plus_pc": 125576849793.88539,
    "cond_improvement_factor": 93734.63111481175
  }
}