{
  "label": "phase_D_bridge_no_hydrolysis_no_kw_Cs",
  "config": {
    "species_preset": "THREE_SPECIES_LOGC_BOLTZMANN",
    "counterions": [
      "Cs+",
      "SO4(2-)"
    ],
    "stern_anchor": 0.1,
    "stern_baseline": 0.2,
    "l_eff_m": 1.6e-05,
    "k0_r4e_factor": 1e-14,
    "enable_cation_hydrolysis": false,
    "enable_water_ionization": false,
    "v_rhe_grid": [
      -0.5,
      -0.45,
      -0.4,
      -0.35,
      -0.3,
      -0.25,
      -0.2,
      -0.15,
      -0.1,
      -0.05,
      -0.0,
      0.05,
      0.1,
      0.15,
      0.2,
      0.25,
      0.3,
      0.35,
      0.4,
      0.45,
      0.5,
      0.55
    ],
    "anchor_v_rhe": 0.55,
    "mesh": {
      "Nx": 8,
      "Ny": 80,
      "beta": 3.0,
      "domain_height_hat": 0.15999999999999998
    },
    "formulation": "logc_muh",
    "initializer": "debye_boltzmann",
    "exponent_clip": 100.0,
    "u_clamp": 100.0,
    "n_substeps_warm": 8,
    "bisect_depth_warm": 5
  },
  "k0_targets": {
    "0": 0.0012631578947368421,
    "1": 1.2631578947368422e-17
  },
  "v_rhe": [
    -0.5,
    -0.45,
    -0.4,
    -0.35,
    -0.3,
    -0.25,
    -0.2,
    -0.15,
    -0.1,
    -0.05,
    -0.0,
    0.05,
    0.1,
    0.15,
    0.2,
    0.25,
    0.3,
    0.35,
    0.4,
    0.45,
    0.5,
    0.55
  ],
  "phi_applied_hat": [
    -19.460872405128782,
    -17.514785164615905,
    -15.568697924103027,
    -13.622610683590146,
    -11.676523443077269,
    -9.730436202564391,
    -7.784348962051514,
    -5.838261721538634,
    -3.892174481025757,
    -1.9460872405128784,
    -0.0,
    1.9460872405128784,
    3.892174481025757,
    5.838261721538634,
    7.784348962051514,
    9.730436202564391,
    11.676523443077269,
    13.622610683590146,
    15.568697924103027,
    17.514785164615905,
    19.460872405128782,
    21.406959645641663
  ],
  "cd_mA_cm2": [
    -0.5616903553025868,
    -0.561692490536589,
    -0.5616986258687796,
    -0.561712716978676,
    -0.5617395208659813,
    -0.561780714324966,
    -0.5618313706316649,
    -0.5618825823973299,
    -0.561927122759769,
    -0.5619618080179842,
    -0.5619865378451083,
    -0.5620025192729884,
    -0.5620107315394364,
    -0.5620102720785323,
    -0.5619950387485264,
    -0.5619447088507379,
    -0.5617989950172818,
    -0.5613847553052126,
    -0.5602108482659488,
    -0.5568936477215713,
    -0.5475719135444461,
    -0.5217186431607509
  ],
  "pc_mA_cm2": [
    -0.5581402543418917,
    -0.5532934777547693,
    -0.5424045759284145,
    -0.5197500155404391,
    -0.47844914585733345,
    -0.4160090395371297,
    -0.33937183435931983,
    -0.2611901902945902,
    -0.1917879887090084,
    -0.13580320932749737,
    -0.09347298523563695,
    -0.06289462662839924,
    -0.04155078623508883,
    -0.02704850977750274,
    -0.0174023790104627,
    -0.011092433819440544,
    -0.007017887694282847,
    -0.004412864463956473,
    -0.002759791886764665,
    -0.001716129434994843,
    -0.0010583676187618921,
    -0.0006416982843346832
  ],
  "j_ring_mA_cm2": [
    0.12502341697258376,
    0.12393773901706834,
    0.12149862500796485,
    0.11642400348105836,
    0.10717260867204269,
    0.09318602485631705,
    0.07601929089648765,
    0.058506602625988204,
    0.042960509470817886,
    0.030419918889359413,
    0.020937948692782676,
    0.01408839636476143,
    0.009307376116659898,
    0.006058866190160614,
    0.0038981328983436446,
    0.0024847051755546817,
    0.0015720068435193578,
    0.00098848163992625,
    0.000618193382635285,
    0.00038441299343884485,
    0.00023707434660266385,
    0.00014374041569096904
  ],
  "S_H2O2_percent": [
    99.68297875320428,
    99.24671583134892,
    98.25251390368587,
    96.11981992754473,
    91.99276269073188,
    85.09171586099527,
    75.31527461949379,
    63.46709524611013,
    50.89137415203682,
    38.92519858451364,
    28.52136003648302,
    20.129593178946724,
    13.768533947722997,
    9.183636883326646,
    6.007061294049997,
    3.8714536959168764,
    2.467538467152521,
    1.559873816986649,
    0.9804390104663482,
    0.61442871398717,
    0.38582180207696054,
    0.24569180828676798
  ],
  "n_e_rrde": [
    2.0063404249359147,
    2.0150656833730216,
    2.0349497219262824,
    2.0776036014491055,
    2.1601447461853627,
    2.298165682780095,
    2.493694507610124,
    2.7306580950777977,
    2.982172516959264,
    3.2214960283097276,
    3.4295727992703395,
    3.5974081364210653,
    3.7246293210455406,
    3.816327262333467,
    3.879858774119,
    3.9225709260816624,
    3.95064923065695,
    3.968802523660267,
    3.980391219790673,
    3.9877114257202564,
    3.992283563958461,
    3.9950861638342645
  ],
  "surface_pH_proxy": [
    14.420897408995533,
    13.947993725869644,
    13.481295561353079,
    13.023969707816835,
    12.580388086817397,
    12.154392451707903,
    11.746759908047164,
    11.354745908894502,
    10.973741242691496,
    10.59886063054106,
    10.225835735543319,
    9.851521131158107,
    9.474049912462506,
    9.092625240996561,
    8.707142602611269,
    8.31785606222874,
    7.925167962022827,
    7.52953073327275,
    7.1314399419611165,
    6.731541606551129,
    6.330988553831251,
    5.932494849343607
  ],
  "c_H_surface_nondim": [
    3.161704992142639e-12,
    9.393447838317333e-12,
    2.7512065235661534e-11,
    7.885859700177536e-11,
    2.189932188826871e-10,
    5.840180935268178e-10,
    1.4929966934984165e-09,
    3.6819072580981587e-09,
    8.85273596064772e-09,
    2.098737504343338e-08,
    4.9543081830908906e-08,
    1.1729989484700966e-07,
    2.797491924258164e-07,
    6.73276588071543e-07,
    1.635596420162959e-06,
    4.0083228245821336e-06,
    9.900355556807824e-06,
    2.461999841747048e-05,
    6.157136928814802e-05,
    0.00015462408668322764,
    0.0003888930663726489,
    0.0009734729867015447
  ],
  "N_collection_used": 0.224,
  "converged": [
    true,
    true,
    true,
    true,
    true,
    true,
    true,
    true,
    true,
    true,
    true,
    true,
    true,
    true,
    true,
    true,
    true,
    true,
    true,
    true,
    true,
    true
  ],
  "method": [
    "warm<--17.515",
    "warm<--15.569",
    "warm<--13.623",
    "warm<--11.677",
    "warm<--9.730",
    "warm<--7.784",
    "warm<--5.838",
    "warm<--3.892",
    "warm<--1.946",
    "warm<--0.000",
    "warm<-+1.946",
    "warm<-+3.892",
    "warm<-+5.838",
    "warm<-+7.784",
    "warm<-+9.730",
    "warm<-+11.677",
    "warm<-+13.623",
    "warm<-+15.569",
    "warm<-+17.515",
    "warm<-+19.461",
    "warm<-+21.407",
    "warm<-+21.407"
  ],
  "n_converged": 22,
  "n_total": 22,
  "anchor": {
    "v_rhe": 0.55,
    "phi_applied_eta": 21.406959645641663,
    "stern_anchor_f_m2": 0.1,
    "stern_baseline_f_m2": 0.2,
    "ladder_history": [
      [
        1e-12,
        "ok"
      ],
      [
        1e-09,
        "ok"
      ],
      [
        1e-06,
        "ok"
      ],
      [
        0.001,
        "ok"
      ],
      [
        1.0,
        "ok"
      ]
    ]
  },
  "grid_wall_seconds": 402.41150093078613
}