V_RHE,cd_4sp,cd_3sp,pc_4sp,pc_3sp,z_3sp,method_3sp,abs_dcd,abs_dpc,cd_err_pct_of_max,pc_err_pct_of_max,verdict
-0.5000,-1.83904766e-01,-1.84102705e-01,-1.81120087e-01,-1.81308031e-01,1.0000,warm←-0.40,1.97939056e-04,1.87943895e-04,1.07631282e-01,1.03767560e-01,PASS
-0.4000,-1.82829054e-01,-1.83054117e-01,-1.63740918e-01,-1.63910469e-01,1.0000,warm←-0.30,2.25063332e-04,1.69550420e-04,1.22380369e-01,9.36121570e-02,PASS
-0.3000,-1.81332999e-01,-1.81722256e-01,-6.49994715e-02,-6.50390857e-02,1.0000,warm←-0.20,3.89256500e-04,3.96141116e-05,2.11661997e-01,2.18717384e-02,PASS
-0.2000,-1.79678929e-01,-1.80171586e-01,-1.58375816e-03,-1.56784890e-03,1.0000,cold,4.92656327e-04,1.59092598e-05,2.67886656e-01,8.78381858e-03,PASS
-0.1000,-1.77528800e-01,-1.78018794e-01,-1.24828698e-05,2.90584593e-06,1.0000,cold,4.89993134e-04,1.53887157e-05,2.66438519e-01,8.49641581e-03,PASS
0.0000,-1.73296789e-01,-1.73785661e-01,-9.69367796e-08,1.52883017e-05,1.0000,cold,4.88872040e-04,1.53852385e-05,2.65828913e-01,8.49449598e-03,PASS
0.0500,-1.69358737e-01,-1.69853267e-01,-8.62086794e-09,1.53777613e-05,1.0000,cold,4.94530137e-04,1.53863822e-05,2.68905558e-01,8.49512742e-03,PASS
0.1000,-1.62887184e-01,-1.63071603e-01,-7.76180418e-10,1.53876362e-05,1.0000,cold,1.84419253e-04,1.53884124e-05,1.00279757e-01,8.49624834e-03,PASS
