{
  "theta": [
    -1.008699731156705,
    -12.308926782786854,
    0.5770144526758703,
    0.304853786169721
  ],
  "J": 12.195049266570987,
  "v_ocp_rhe": 1.019,
  "l_eff_um": 21.7,
  "n_coll": 0.224,
  "wall_s": 731.9030809402466,
  "n_used": 30,
  "retried_walk": false,
  "grid_mode": "bins",
  "chi2_raw": 365.8514779971296,
  "score_disk": 9.43984317316523,
  "score_ring": 2.7552060934057585,
  "cd_model": {
    "0.13169659": -3.320839968748222,
    "0.14643302": -3.3042868972930153,
    "0.16116944": -3.2875670185704595,
    "0.17590586": -3.270662435396235,
    "0.19064228": -3.253536535738227,
    "0.2053787": -3.23610652487639,
    "0.22011513": -3.218216759837036,
    "0.23485155": -3.1995626328533384,
    "0.24958797": -3.1795776953056896,
    "0.26432439": -3.1572007025894795,
    "0.27906081": -3.1304742974148843,
    "0.29379724": -3.09584080427242,
    "0.30853366": -3.0469398825880614,
    "0.32327008": -2.9728382860067075,
    "0.3380065": -2.855905743014655,
    "0.35274292": -2.6712212710429992,
    "0.36747935": -2.3920642891054,
    "0.38221577": -2.0077155863328926,
    "0.39695219": -1.548410804780343,
    "0.41168861": -1.08733126262912,
    "0.42642503": -0.7002528553606837,
    "0.44116146": -0.4215672298036829,
    "0.45589788": -0.24244841261830358,
    "0.4706343": -0.13560077771589982,
    "0.48537072": -0.07464967359666283,
    "0.50010714": -0.04075633076216044,
    "0.51484357": -0.02216237269593327,
    "0.52957999": -0.012033594384038886,
    "0.54431641": -0.0065329971585094074,
    "0.55905283": -0.003548828264504484
  },
  "pc_model": {
    "0.13169659": -0.734131794242431,
    "0.14643302": -0.7506425715654486,
    "0.16116944": -0.7672830699095037,
    "0.17590586": -0.7840384865189309,
    "0.19064228": -0.8008840722583263,
    "0.2053787": -0.817787460889365,
    "0.22011513": -0.8346887797857273,
    "0.23485155": -0.8514893809849637,
    "0.24958797": -0.8680041007621395,
    "0.26432439": -0.8838968906084855,
    "0.27906081": -0.89854323060981,
    "0.29379724": -0.9107852768471489,
    "0.30853366": -0.9185201120083456,
    "0.32327008": -0.9180348993940641,
    "0.3380065": -0.9031718400793597,
    "0.35274292": -0.8648634732830602,
    "0.36747935": -0.7926722452869143,
    "0.38221577": -0.6807343289145679,
    "0.39695219": -0.5370140568896457,
    "0.41168861": -0.3856161511333446,
    "0.42642503": -0.25386903827176033,
    "0.44116146": -0.15618896506343297,
    "0.45589788": -0.09176942912690497,
    "0.4706343": -0.05242037508770302,
    "0.48537072": -0.029463842135983676,
    "0.50010714": -0.01641882957564248,
    "0.51484357": -0.009109857467297781,
    "0.52957999": -0.00504544675784824,
    "0.54431641": -0.002793099686591559,
    "0.55905283": -0.0015466411566710419
  }
}