{
  "ratio": 1e-24,
  "k0_targets": {
    "0": 0.0012631578947368421,
    "1": 1.263157894736842e-27
  },
  "v_rhe": [
    -0.4,
    -0.3604,
    -0.3208,
    -0.2812,
    -0.2417,
    -0.2021,
    -0.1625,
    -0.1229,
    -0.0833,
    -0.0437,
    -0.0042,
    0.0354,
    0.075,
    0.1146,
    0.1542,
    0.1938,
    0.2333,
    0.2729,
    0.3125,
    0.3521,
    0.3917,
    0.4313,
    0.4708,
    0.5104,
    0.55
  ],
  "phi_applied_hat": [
    -15.568697924103027,
    -14.027396829616826,
    -12.486095735130625,
    -10.944794640644428,
    -9.407385720639253,
    -7.866084626153054,
    -6.324783531666855,
    -4.783482437180655,
    -3.242181342694455,
    -1.7008802482082557,
    -0.16347132820308177,
    1.3778297662831178,
    2.919130860769317,
    4.460431955255516,
    6.001733049741716,
    7.543034144227916,
    9.08044306423309,
    10.621744158719288,
    12.163045253205489,
    13.70434634769169,
    15.245647442177887,
    16.786948536664088,
    18.32435745666926,
    19.86565855115546,
    21.406959645641663
  ],
  "cd_mA_cm2": [
    -0.08986577088006215,
    -0.08986574018825416,
    -0.08986570761601746,
    -0.08986567298488345,
    -0.0898656366497568,
    -0.08986559853743967,
    -0.08986555878231661,
    -0.08986551705770003,
    -0.08986547194532639,
    -0.0898654189971898,
    -0.08986534585167234,
    -0.0898652175714723,
    -0.08986494219653726,
    -0.08986427298619128,
    -0.089862538985352,
    -0.08985768613126477,
    -0.08984488018716386,
    -0.0898102414631593,
    -0.08971656955296739,
    -0.08946372270781279,
    -0.08878444528088118,
    -0.08698089168936428,
    -0.08235165430630137,
    -0.07127954419347597,
    -0.049337390249469974
  ],
  "pc_mA_cm2": [
    -0.08986577088003019,
    -0.08986574018818869,
    -0.08986570761588242,
    -0.08986567298460524,
    -0.08986563664918447,
    -0.08986559853626033,
    -0.08986555877988504,
    -0.08986551705268168,
    -0.08986547193495481,
    -0.08986541897572406,
    -0.08986534580724378,
    -0.08986521747916808,
    -0.08986494200436036,
    -0.08986427258520724,
    -0.08986253814684388,
    -0.08985768437409251,
    -0.08984487650449101,
    -0.08981023371849396,
    -0.08971655325691459,
    -0.08946368848867936,
    -0.08878437406527837,
    -0.0869807474523556,
    -0.0823513836608331,
    -0.0712791256055867,
    -0.04933698675888203
  ],
  "j_ring_mA_cm2": [
    0.02012993267712676,
    0.020129925802154267,
    0.02012991850595766,
    0.020129910748551572,
    0.02012990260941732,
    0.020129894072122314,
    0.02012988516669425,
    0.020129875819800698,
    0.020129865713429878,
    0.02012985385056219,
    0.020129837460822607,
    0.02012980871533365,
    0.020129747008976722,
    0.020129597059086422,
    0.02012920854489303,
    0.020128121299796724,
    0.020125252337005985,
    0.020117492352942648,
    0.020096507929548868,
    0.020039866221464177,
    0.019887699790622354,
    0.019483687429327653,
    0.018446709940026614,
    0.015966524135651423,
    0.011051485033989575
  ],
  "S_H2O2_percent": [
    99.99999999998222,
    99.99999999996358,
    99.99999999992485,
    99.99999999984522,
    99.99999999968156,
    99.99999999934384,
    99.9999999986471,
    99.99999999720785,
    99.99999999422937,
    99.99999998805673,
    99.99999997528047,
    99.99999994864297,
    99.99999989307459,
    99.99999977689464,
    99.99999953344957,
    99.9999990222471,
    99.99999795053823,
    99.9999956883171,
    99.99999091803534,
    99.9999808754102,
    99.99995989408329,
    99.999917086888,
    99.99983567669935,
    99.99970637500347,
    99.99959108879106
  ],
  "n_e_rrde": [
    2.0000000000003557,
    2.0000000000007288,
    2.000000000001503,
    2.0000000000030957,
    2.0000000000063687,
    2.0000000000131233,
    2.000000000027058,
    2.000000000055843,
    2.000000000115412,
    2.0000000002388654,
    2.0000000004943903,
    2.0000000010271406,
    2.000000002138508,
    2.0000000044621076,
    2.000000009331009,
    2.000000019555058,
    2.000000040989235,
    2.0000000862336584,
    2.000000181639293,
    2.000000382491796,
    2.000000802118335,
    2.00000165826224,
    2.000003286466013,
    2.000005872499931,
    2.000008178224179
  ],
  "surface_pH_proxy": [
    14.140058096920546,
    13.751175600701025,
    13.36272952772691,
    12.974589892900397,
    12.587580864684517,
    12.199566777708414,
    11.811337855246089,
    11.42270156522583,
    11.033473967693027,
    10.643490413504152,
    10.253601972576893,
    9.861729506463146,
    9.468786865244844,
    9.07473379485415,
    8.679558088151877,
    8.283273082863094,
    7.886921648662034,
    7.4885740701112935,
    7.089387427709549,
    6.689714425581491,
    6.290424681704744,
    5.893755934469332,
    5.506419678047907,
    5.140562991123206,
    4.828451323536307
  ],
  "c_H_surface_nondim": [
    6.036158804251938e-12,
    1.477893548340172e-11,
    3.614841222769649e-11,
    8.83545381478024e-11,
    2.153961266075088e-10,
    5.263225484487622e-10,
    1.2867106592211977e-09,
    3.1485978077170126e-09,
    7.715157321036188e-09,
    1.8937748315909904e-08,
    4.647471994143376e-08,
    1.1457483684735993e-07,
    2.8315999025306864e-07,
    7.015925344236863e-07,
    1.7428526287133578e-06,
    4.340559072451213e-06,
    1.0811777641797495e-05,
    2.7054822179912563e-05,
    6.783148520098415e-05,
    0.00017025674584582372,
    0.0004269667662730141,
    0.0010642969546708109,
    0.002596564265276141,
    0.006029145473722761,
    0.012369935366224303
  ],
  "N_collection_used": 0.224,
  "converged": [
    true,
    true,
    true,
    true,
    true,
    true,
    true,
    true,
    true,
    true,
    true,
    true,
    true,
    true,
    true,
    true,
    true,
    true,
    true,
    true,
    true,
    true,
    true,
    true,
    true
  ],
  "method": [
    "warm<--14.027",
    "warm<--12.486",
    "warm<--10.945",
    "warm<--9.407",
    "warm<--7.866",
    "warm<--6.325",
    "warm<--4.783",
    "warm<--3.242",
    "warm<--1.701",
    "warm<--0.163",
    "warm<-+1.378",
    "warm<-+2.919",
    "warm<-+4.460",
    "warm<-+6.002",
    "warm<-+7.543",
    "warm<-+9.080",
    "warm<-+10.622",
    "warm<-+12.163",
    "warm<-+13.704",
    "warm<-+15.246",
    "warm<-+16.787",
    "warm<-+18.324",
    "warm<-+19.866",
    "warm<-+21.407",
    "warm<-+21.407"
  ],
  "n_converged": 25,
  "n_total": 25,
  "anchor": {
    "v_rhe": 0.55,
    "phi_applied_eta": 21.406959645641663,
    "converged": true,
    "ladder_history": [
      [
        1e-12,
        "ok"
      ],
      [
        1e-09,
        "ok"
      ],
      [
        1e-06,
        "ok"
      ],
      [
        0.001,
        "ok"
      ],
      [
        1.0,
        "fail"
      ],
      [
        0.03162277660168379,
        "ok"
      ],
      [
        1.0,
        "ok"
      ]
    ],
    "wall_seconds": 57.3132586479187
  },
  "grid_wall_seconds": 360.3098301887512,
  "config": {
    "ratio_K0_R4e_to_K0_R2e": 1e-24,
    "mesh_Ny": 80,
    "exponent_clip": 100.0,
    "u_clamp": 100.0,
    "stern_capacitance_f_m2": 0.1,
    "ic": "debye_boltzmann",
    "formulation": "logc_muh",
    "initial_scales": [
      1e-12,
      1e-09,
      1e-06,
      0.001,
      1.0
    ],
    "max_inserts_per_step": 4,
    "ic_at_target": true,
    "n_substeps_warm": 8,
    "bisect_depth_warm": 5,
    "v_rhe_grid_n": 25,
    "v_rhe_grid_min": -0.4,
    "v_rhe_grid_max": 0.55
  }
}