{
  "sigma_mapping": "stern",
  "deck_target_max_H2O2_pct": 50.95,
  "lambda_target": 1.0,
  "delta_beta_pm2": 0.0,
  "v_anchor": 0.55,
  "v_grid": [
    -0.1,
    -0.06,
    -0.01,
    0.04,
    0.09,
    0.14,
    0.19,
    0.24,
    0.29,
    0.34,
    0.39,
    0.44,
    0.49,
    0.54,
    0.59,
    0.64,
    0.69,
    0.74,
    0.79,
    0.84,
    0.89,
    0.94,
    0.99,
    1.0
  ],
  "v_mask": [
    -0.06,
    1.0
  ],
  "k0_r4e_factor_grid": [
    1e-18
  ],
  "max_H2O2_pct_in_mask_by_k0": [
    39.8748300608049
  ],
  "loss_vs_deck_pp_by_k0": [
    11.075169939195106
  ],
  "best_k0_r4e_factor": 1e-18,
  "best_loss_vs_deck_pp": 11.075169939195106,
  "best_max_H2O2_pct": 39.8748300608049,
  "deck_target_bracket": null,
  "k0_star_log10_interp": null,
  "wall_seconds_total": 1435.2954869270325,
  "per_k0_entries": [
    {
      "k0_r4e_factor": 1e-18,
      "lambda_target": 1.0,
      "sigma_mapping": "stern",
      "eval_json_path": "/Users/jakeweinstein/Desktop/ResearchForwardSolverClone/FireDrakeEnvCG/PNPInverse/StudyResults/phase6b_k0_r4e_sweep_18/eval_k0r4e_1p00eN18_stern.json",
      "wall_seconds": 1435.2932562828064,
      "max_H2O2_pct_in_mask": 39.8748300608049,
      "argmax_V_for_selectivity": 0.54,
      "n_gate_pass": 24,
      "n_gate_fail": 0,
      "eval_error": null,
      "loss_vs_deck_pp": 11.075169939195106,
      "delta_vs_deck_pp": -11.075169939195106
    }
  ]
}