{
  "stack": "phase6b_v9_gate2_4sp_dynamic_k2so4_cathodic",
  "anchor_strategy": "production_anchor_+0p55V_then_warm_walk",
  "v_anchor": 0.55,
  "v_rhe_grid_primary": [
    0.55,
    0.5,
    0.4,
    0.3,
    0.2,
    0.1,
    0.0,
    -0.1,
    -0.2,
    -0.3,
    -0.4
  ],
  "v_rhe_grid_decimal": [
    0.55,
    0.5,
    0.4,
    0.3,
    0.2,
    0.1,
    0.05,
    0.0,
    -0.05,
    -0.1,
    -0.15,
    -0.2,
    -0.25,
    -0.3,
    -0.35,
    -0.4
  ],
  "k0_initial_scales": [
    1e-12,
    1e-09,
    1e-06,
    0.001,
    1.0
  ],
  "kw_eff_ladder": [
    0.0,
    6.944444444444445e-15,
    6.944444444444445e-12,
    6.944444444444446e-10,
    6.944444444444445e-09
  ],
  "c_s_ladder": [
    1.0,
    0.5,
    0.25,
    0.1
  ],
  "mesh_ny": 200,
  "l_eff_m": 1.6e-05,
  "stern_prod_f_m2": 0.1,
  "enable_water_ionization": true,
  "passes": [
    {
      "label": "step1_anchor_kw_warm_walk",
      "v_anchor": 0.55,
      "v_rhe": [
        0.55,
        0.5,
        0.4,
        0.3,
        0.2,
        0.1,
        0.0,
        -0.1,
        -0.2,
        -0.3,
        -0.4
      ],
      "use_kw_ladder": true,
      "use_c_s_ladder": false,
      "anchor_converged": true,
      "anchor_error": null,
      "wall_seconds_anchor": 156.75171279907227,
      "wall_seconds_walk": 3223.5237720012665,
      "phi_applied_hat": [
        21.406959645641663,
        19.460872405128782,
        15.568697924103027,
        11.676523443077269,
        7.784348962051514,
        3.892174481025757,
        0.0,
        -3.892174481025757,
        -7.784348962051514,
        -11.676523443077269,
        -15.568697924103027
      ],
      "cd_mA_cm2": [
        -0.5826766861324797,
        -0.617618724858181,
        -0.9345832025022305,
        -2.551703152026702,
        -5.466536427134136,
        -5.531683314102563,
        -5.531701377545485,
        -5.531701347636425,
        -5.531701146448649,
        -5.5317007795120166,
        -5.531700264703009
      ],
      "pc_mA_cm2": [
        0.2913383434817578,
        0.30880936240500434,
        0.46729160079669846,
        1.275851574432717,
        2.73326821269359,
        2.7658416570143816,
        2.765850688771301,
        2.765850673818158,
        2.7658505732243226,
        2.7658503897560083,
        2.7658501323515043
      ],
      "converged": [
        true,
        true,
        true,
        true,
        true,
        true,
        true,
        true,
        true,
        true,
        true
      ],
      "method": [
        "warm<-+21.407",
        "warm<-+21.407",
        "warm<-+19.461",
        "warm<-+15.569",
        "warm<-+11.677",
        "warm<-+7.784",
        "warm<-+3.892",
        "warm<-+0.000",
        "warm<--3.892",
        "warm<--7.784",
        "warm<--11.677"
      ],
      "z_achieved": [
        1.0,
        1.0,
        1.0,
        1.0,
        1.0,
        1.0,
        1.0,
        1.0,
        1.0,
        1.0,
        1.0
      ],
      "diagnostics": [
        {
          "phase": "warm_walk_anchor",
          "max_phi": 1.1851033714792505,
          "min_phi": -0.0006074054431272608,
          "max_u0": 0.0,
          "min_u0": -0.14035930873057753,
          "max_u1": -9.208442570871801,
          "min_u1": -9.239171235465694,
          "max_u2": -2.4849066497880004,
          "min_u2": -14.71271664580414,
          "max_mu2": -2.4849066497880004,
          "min_mu2": -13.56943789866263,
          "max_u3": 5.117990715430232,
          "min_u3": 3.9016647161915996,
          "electrode_area_nondim": 1.0,
          "u0_surface_mean": -0.13776480544324468,
          "c0_surface_mean": 0.871303593511439,
          "u1_surface_mean": -9.236229257687068,
          "c1_surface_mean": 9.744433581745717e-05,
          "u2_surface_mean": -14.699929394980238,
          "c2_surface_mean": 4.129540971902418e-07,
          "mu2_surface_mean": -13.53683352336357,
          "u3_surface_mean": 3.9266460672512817,
          "c3_surface_mean": 50.736525092680814,
          "phi_surface_mean": 1.1630958716166655,
          "c_kplus_surface_mean": 50.736525092680814,
          "c_counterion0_surface_mean": 831.4338707088598,
          "c_counterion0_z": -2,
          "c_counterion0_steric_mode": "bikerman",
          "surface_counterion_within_steric": false,
          "picard_iters": null,
          "initializer_fallback": false,
          "snes_reason": "4",
          "snes_iters": 1
        },
        {
          "phase": "warm_walk_anchor",
          "max_phi": 1.1077792643828241,
          "min_phi": -0.0005846783720009703,
          "max_u0": 0.0,
          "min_u0": -0.14204794153494893,
          "max_u1": -9.208376930564905,
          "min_u1": -9.233739118562688,
          "max_u2": -2.4849066497880004,
          "min_u2": -15.63175183802622,
          "max_mu2": -2.4849066497880004,
          "min_mu2": -14.56113956581217,
          "max_u3": 5.1180310741391635,
          "min_u3": 3.9843938250236772,
          "electrode_area_nondim": 1.0,
          "u0_surface_mean": -0.14001242498135927,
          "c0_surface_mean": 0.8693474337060421,
          "u1_surface_mean": -9.231358426641924,
          "c1_surface_mean": 9.792012852579645e-05,
          "u2_surface_mean": -15.619675006940637,
          "c2_surface_mean": 1.6461194080725597e-07,
          "mu2_surface_mean": -14.532931846904281,
          "u3_surface_mean": 4.007834852301028,
          "c3_surface_mean": 55.02759861084892,
          "phi_surface_mean": 1.0867431600363544,
          "c_kplus_surface_mean": 55.02759861084892,
          "c_counterion0_surface_mean": 717.1730107138712,
          "c_counterion0_z": -2,
          "c_counterion0_steric_mode": "bikerman",
          "surface_counterion_within_steric": false,
          "picard_iters": null,
          "initializer_fallback": false,
          "snes_reason": "4",
          "snes_iters": 1
        },
        {
          "phase": "warm_walk_anchor",
          "max_phi": 0.9383577963991546,
          "min_phi": -0.0006835998821573124,
          "max_u0": 0.0,
          "min_u0": -0.19899275281993303,
          "max_u1": -9.207794824375643,
          "min_u1": -9.224035032862425,
          "max_u2": -2.4849066497880004,
          "min_u2": -17.375295194444384,
          "max_mu2": -2.4849066497880004,
          "min_mu2": -16.472047991906678,
          "max_u3": 5.118698909722591,
          "min_u3": 4.163480280143666,
          "electrode_area_nondim": 1.0,
          "u0_surface_mean": -0.1981892643336463,
          "c0_surface_mean": 0.8202146010765358,
          "u1_surface_mean": -9.222570518570077,
          "c1_surface_mean": 9.878443376885068e-05,
          "u2_surface_mean": -17.364108582382173,
          "c2_surface_mean": 2.8764939140486344e-08,
          "mu2_surface_mean": -16.444476327415067,
          "u3_surface_mean": 4.183683000497894,
          "c3_surface_mean": 65.60703955602047,
          "phi_surface_mean": 0.919632254967108,
          "c_kplus_surface_mean": 65.60703955602047,
          "c_counterion0_surface_mean": 517.953800553603,
          "c_counterion0_z": -2,
          "c_counterion0_steric_mode": "bikerman",
          "surface_counterion_within_steric": false,
          "picard_iters": null,
          "initializer_fallback": false,
          "snes_reason": "4",
          "snes_iters": 1
        },
        {
          "phase": "warm_walk_anchor",
          "max_phi": 0.7450674553508961,
          "min_phi": -0.0014684999368284304,
          "max_u0": 0.0,
          "min_u0": -0.6261771629651072,
          "max_u1": -9.204841398896448,
          "min_u1": -9.214090291148056,
          "max_u2": -2.4849066497880004,
          "min_u2": -18.870082619515944,
          "max_mu2": -2.4849066497880004,
          "min_mu2": -18.150749900873187,
          "max_u3": 5.122384017120493,
          "min_u3": 4.366689533575177,
          "electrode_area_nondim": 1.0,
          "u0_surface_mean": -0.6238637109025404,