V_RHE,observable,param,adjoint,fd,rel_err,verdict
0.3,cd,log_k0_1,-3.762755036890343e-06,-1.881591662607367e-06,0.9997723797713913,FAIL
0.3,cd,log_k0_2,-5.265029089387085e-13,-1.731921755918867e-05,0.9999999696000753,FAIL
0.3,cd,alpha_1,-0.0001113042734103115,-5.565854309503733e-05,0.9997697967095316,FAIL
0.3,cd,alpha_2,-5.265029026160978e-11,2.8619955086135306e-08,1.001839635670397,FAIL
0.3,pc,log_k0_1,-1.2367081145283256e-12,-1.881591662609061e-06,0.9999993427329962,FAIL
0.3,pc,log_k0_2,5.246744740690605e-13,1.7319217559190364e-05,0.999999969705648,FAIL
0.3,pc,alpha_1,-3.65824765977802e-11,-5.565854309503733e-05,0.9999993427338453,FAIL
0.3,pc,alpha_2,5.246744660117264e-11,-2.8620126728891738e-08,1.0018332359985047,FAIL
