{
  "l_eff_m": 6.6e-05,
  "ratio": 1e-30,
  "k0_targets": {
    "0": 0.0012631578947368421,
    "1": 1.2631578947368422e-33
  },
  "v_rhe": [
    -0.4,
    -0.3208,
    -0.2417,
    -0.1625,
    -0.0833,
    -0.0042,
    0.075,
    0.1542,
    0.2333,
    0.3125,
    0.3917,
    0.4708,
    0.55
  ],
  "phi_applied_hat": [
    -15.568697924103027,
    -12.486095735130625,
    -9.407385720639253,
    -6.324783531666855,
    -3.242181342694455,
    -0.16347132820308177,
    2.919130860769317,
    6.001733049741716,
    9.08044306423309,
    12.163045253205489,
    15.245647442177887,
    18.32435745666926,
    21.406959645641663
  ],
  "cd_mA_cm2": [
    -0.1361606109409242,
    -0.13616047005203621,
    -0.13616029572588026,
    -0.13616009917141442,
    -0.13615989744296308,
    -0.1361596185949491,
    -0.13615880513323123,
    -0.13615407937966933,
    -0.13612109529946204,
    -0.13588029985504324,
    -0.13413360527506502,
    -0.12222579031742213,
    -0.06547052692763933
  ],
  "pc_mA_cm2": [
    -0.13616061094092358,
    -0.13616047005203605,
    -0.13616029572587998,
    -0.13616009917141395,
    -0.13615989744296333,
    -0.13615961859494868,
    -0.1361588051332307,
    -0.13615407937966764,
    -0.1361210952994537,
    -0.13588029985500633,
    -0.1341336052749038,
    -0.12222579031683314,
    -0.06547052692694473
  ],
  "j_ring_mA_cm2": [
    0.030499976850766882,
    0.030499945291656075,
    0.030499906242597116,
    0.030499862214396725,
    0.030499817027223788,
    0.030499754565268506,
    0.030499572349843677,
    0.030498513781045553,
    0.03049112534707763,
    0.030437187167521418,
    0.030045927581578456,
    0.027378577030970627,
    0.014665398031635619
  ],
  "S_H2O2_percent": [
    99.99999999999977,
    99.99999999999994,
    99.9999999999999,
    99.99999999999982,
    100.0000000000001,
    99.99999999999984,
    99.9999999999998,
    99.99999999999937,
    99.99999999999694,
    99.99999999998641,
    99.9999999999399,
    99.99999999975905,
    99.99999999946955
  ],
  "n_e_rrde": [
    2.0000000000000044,
    2.0000000000000013,
    2.000000000000002,
    2.000000000000003,
    1.9999999999999984,
    2.0000000000000027,
    2.0000000000000036,
    2.0000000000000124,
    2.0000000000000613,
    2.000000000000272,
    2.0000000000012017,
    2.000000000004819,
    2.0000000000106097
  ],
  "surface_pH_proxy": [
    14.041499353727573,
    13.265288153535703,
    12.49160530207034,
    11.717144179491953,
    10.941236861805605,
    10.163271274226918,
    9.380096969931172,
    8.592108475941668,
    7.80029618796469,
    7.003298122787981,
    6.205177082064643,
    5.4258635127050105,
    4.774431734599902
  ],
  "c_H_surface_nondim": [
    7.573897096233648e-12,
    4.524083379296216e-11,
    2.6866645930058825e-10,
    1.5983598967467117e-09,
    9.54073629473926e-09,
    5.721995075781243e-08,
    3.473135955268796e-07,
    2.1316224130837304e-06,
    1.3198438891549637e-05,
    8.270287956472776e-05,
    0.0005195671346796574,
    0.003125757207370413,
    0.01400835113704417
  ],
  "N_collection_used": 0.224,
  "converged": [
    true,
    true,
    true,
    true,
    true,
    true,
    true,
    true,
    true,
    true,
    true,
    true,
    true
  ],
  "method": [
    "warm<--12.486",
    "warm<--9.407",
    "warm<--6.325",
    "warm<--3.242",
    "warm<--0.163",
    "warm<-+2.919",
    "warm<-+6.002",
    "warm<-+9.080",
    "warm<-+12.163",
    "warm<-+15.246",
    "warm<-+18.324",
    "warm<-+21.407",
    "warm<-+21.407"
  ],
  "n_converged": 13,
  "n_total": 13,
  "anchor": {
    "v_rhe": 0.55,
    "phi_applied_eta": 21.406959645641663,
    "converged": true,
    "ladder_history": [
      [
        1e-12,
        "ok"
      ],
      [
        1e-09,
        "ok"
      ],
      [
        1e-06,
        "ok"
      ],
      [
        0.001,
        "ok"
      ],
      [
        1.0,
        "fail"
      ],
      [
        0.03162277660168379,
        "ok"
      ],
      [
        1.0,
        "ok"
      ]
    ],
    "wall_seconds": 65.84457111358643
  },
  "grid_wall_seconds": 352.2578589916229,
  "config": {
    "l_eff_m": 6.6e-05,
    "domain_height_hat": 0.66,
    "ratio_K0_R4e_to_K0_R2e": 1e-30,
    "mesh_Nx": 8,
    "mesh_Ny": 80,
    "mesh_beta": 3.0,
    "exponent_clip": 100.0,
    "u_clamp": 100.0,
    "stern_capacitance_f_m2": 0.1,
    "ic": "debye_boltzmann",
    "formulation": "logc_muh",
    "initial_scales": [
      1e-12,
      1e-09,
      1e-06,
      0.001,
      1.0
    ],
    "max_inserts_per_step": 4,
    "ic_at_target": true,
    "n_substeps_warm": 8,
    "bisect_depth_warm": 5,
    "v_rhe_grid_n": 13,
    "v_rhe_grid_min": -0.4,
    "v_rhe_grid_max": 0.55,
    "anchor_v_rhe": 0.55,
    "n_collection": 0.224
  }
}