{
  "ORR_L1": {
    "name": "ORR_L1",
    "L_scale": 1.0,
    "c_O2": 1.0,
    "c_H2O2": 0.0001,
    "c_Hp": 0.2,
    "K01_at_TRUE": 0.0012631578947368421,
    "K02_at_TRUE": 5.2631578947368424e-05,
    "v_grid": [
      -0.1,
      0.0,
      0.1,
      0.15,
      0.2
    ],
    "v_used": [
      true,
      true,
      true,
      true,
      true
    ],
    "n_used": 5,
    "target_cd": [
      -0.17801879356887024,
      -0.17378566090567188,
      -0.16307160282421623,
      -0.14504303334784818,
      -0.07860707039599138
    ],
    "target_pc": [
      2.9058459282223368e-06,
      1.5288301722299997e-05,
      1.5387636197466653e-05,
      1.539375293701858e-05,
      1.541383361486613e-05
    ],
    "sigma_cd": 0.003560375871377405,
    "sigma_pc": 3.0827667229732265e-07,
    "S_cd_raw": [
      [
        -3.139334625590351e-08,
        1.4028778139163478e-08,
        -1.9055319822047778e-06,
        1.4103293533018757e-06
      ],
      [
        -2.619774716605683e-06,
        1.07705511176448e-10,
        -0.00013867389805910513,
        1.8008927682444664e-08
      ],
      [
        -0.0004694726812581873,
        -6.63358257213531e-12,
        -0.018854621701008822,
        6.129680096833567e-09
      ],
      [
        -0.0040113505535288585,
        -4.315992008230296e-12,
        -0.16559023795506556,
        -1.9519108551691033e-09
      ],
      [
        -0.016233798455833615,
        7.262461465540326e-09,
        -0.6065737798083976,
        2.538039223232147e-09
      ]
    ],
    "S_pc_raw": [
      [
        -2.78360982220527e-05,
        2.783609951694945e-05,
        -0.0016901595063666282,
        0.002783648364298047
      ],
      [
        -2.162610142572856e-07,
        2.1626209203047802e-07,
        -1.1447219044657996e-05,
        2.1619328850250563e-05
      ],
      [
        -1.7888821730893158e-09,
        1.7345789670738078e-09,
        -4.4698733866951066e-08,
        1.6666873258039047e-07
      ],
      [
        -1.3125003843906646e-09,
        7.4919098567083e-11,
        -5.153323436518165e-08,
        7.494478873756004e-09
      ],
      [
        -4.843761720521979e-09,
        -7.25098963246754e-09,
        -1.8098610431451184e-07,
        -1.3902818817251947e-09
      ]
    ],
    "S_cd_white": [
      [
        -8.81742472986661e-06,
        3.940251997533102e-06,
        -0.0005352052847913452,
        0.0003961181078210882
      ],
      [
        -0.0007358140857167895,
        3.0251163098344416e-08,
        -0.038949229819787615,
        5.058153502056382e-06
      ],
      [
        -0.13186042660056624,
        -1.8631691742054674e-09,
        -5.295682922857952,
        1.721638478148144e-06
      ],
      [
        -1.1266649079882076,
        -1.212229316271758e-09,
        -46.50920125773225,
        -5.482316827447677e-07
      ],
      [
        -4.559574337737896,
        2.039801899547952e-06,
        -170.36790544637972,
        7.128571013066253e-07
      ]
    ],
    "S_pc_white": [
      [
        -90.29583073741533,
        90.29583493785236,
        -5482.605912965498,
        9029.70809809868
      ],
      [
        -0.7015159877186847,
        0.7015194838417756,
        -37.13293957454404,
        70.12962962503836
      ],
      [
        -0.005802846383926184,
        0.005626695507472144,
        -0.14499551177145384,
        0.5406465930047538
      ],
      [
        -0.004257540392562696,
        0.0002430255199291434,
        -0.16716553341888793,
        0.02431088547150213
      ],
      [
        -0.01571238486657314,
        -0.023521045489534157,
        -0.587089846811233,
        -0.004509851074246428
      ]
    ],
    "status": "ok",
    "elapsed_s": 74.93948721885681
  },
  "ORR_L2": {
    "name": "ORR_L2",
    "L_scale": 2.0,
    "c_O2": 1.0,
    "c_H2O2": 0.0001,
    "c_Hp": 0.2,
    "K01_at_TRUE": 0.0025263157894736842,
    "K02_at_TRUE": 0.00010526315789473685,
    "v_grid": [
      -0.1,
      0.0,
      0.1,
      0.15,
      0.2
    ],
    "v_used": [
      true,
      true,
      true,
      true,
      true
    ],
    "n_used": 5,
    "target_cd": [
      -0.17801880271130427,
      -0.17378702186777384,
      -0.16331787019725544,
      -0.14750645677090696,
      -0.08934980091215532
    ],
    "target_pc": [
      2.9058465413206565e-06,
      1.5288302006856003e-05,
      1.538756319077711e-05,
      1.5393013259099856e-05,
      1.5410592095329678e-05
    ],
    "sigma_cd": 0.0035603760542260855,
    "sigma_pc": 3.082118419065936e-07,
    "S_cd_raw": [
      [
        -2.6974394939927038e-08,
        1.4030124284580836e-08,
        -1.637232849294179e-06,
        1.4104313550422631e-06
      ],
      [
        -1.8642595245310645e-06,
        1.0882961198888097e-10,
        -9.868172418103782e-05,
        1.814243200115584e-08
      ],
      [
        -0.00033830955672997653,
        -4.524158825347513e-12,
        -0.014442789656315957,
        6.341316360902738e-09
      ],
      [
        -0.0031245350060604693,
        -3.497202527569243e-12,
        -0.12889312745817394,
        -1.91624494050302e-09
      ],
      [
        -0.014761419750798643,
        8.073965107602277e-09,
        -0.5504036279652819,
        3.0576929876957593e-09
      ]
    ],
    "S_pc_raw": [
      [
        -2.783609709319368e-05,
        2.7836098006132143e-05,
        -0.0016901594392866395,
        0.0027836482224242298
      ],
      [
        -2.1625980268507477e-07,
        2.162606546765529e-07,
        -1.1447153539822418e-05,
        2.1619174430960437e-05
      ],
      [
        -1.7716383407236167e-09,
        1.7324804361707217e-09,
        -8.433693520499132e-08,
        1.6644487312267265e-07
      ],
      [
        -9.489139651179621e-10,
        7.412289606699343e-11,
        -4.008448698902584e-08,
        7.409793332841148e-09
      ],
      [
        -4.168694466092629e-09,
        -8.062444397340302e-09,
        -1.6416223101958674e-07,
        -1.908200753306241e-09
      ]
    ],
    "S_cd_white": [
      [
        -7.576276923868489e-06,
        3.940629885971567e-06,
        -0.00045984829252820663,
        0.0003961467366257879
      ],
      [
        -0.0005236130948353702,
        3.0566886848849206e-08,
        -0.02771665764460607,
        5.095650494453018e-06
      ],
      [
        -0.09502073701692572,
        -1.2706969029233413e-09,
        -4.056534881806289,
        1.7810804994533482e-06
      ],
      [
        -0.8775856702978656,
        -9.822565016462637e-10,
        -36.20211053413325,
        -5.382141974099845e-07
      ],
      [
        -4.146028263861952,
        2.267728179448534e-06,
        -154.59143067541004,
        8.588118055861956e-07
      ]
    ],
    "S_pc_white": [
      [
        -90.31482022559555,
        90.31482318764418,
        -5483.758926429757,
        9031.606979162856
      ],
      [
        -0.7016596161500319,
        0.7016623804548453,
        -37.14053771915611,
        70.14387992759968
      ],
      [
        -0.005748118987785446,
        0.00562107031791389,
        -0.27363301384944966,
        0.5400339976979707
      ],
      [
        -0.003078771922739877,
        0.0002404933425285361,
        -0.13005498666457405,
        0.024041235038226576
      ],
      [
        -0.013525419530622673,
        -0.02615877555990759,
        -0.5326279159297767,
        -0.006191198694709915
      ]
    ],
    "status": "ok",
    "elapsed_s": 70.60470914840698
  },
  "ORR_L4": {
    "name": "ORR_L4",
    "L_scale": 4.0,
    "c_O2": 1.0,
    "c_H2O2": 0.0001,
    "c_Hp": 0.2,
    "K01_at_TRUE": 0.0050526315789473685,
    "K02_at_TRUE": 0.0002105263157894737,
    "v_grid": [
      -0.1,
      0.0,
      0.1,
      0.15,
      0.2
    ],
    "v_used": [
      true,
      true,
      true,
      true,
      true
    ],
    "n_used": 5,