{
  "label": "yash_match_hydrolysis_on",
  "config": {
    "cation": "Cs+",
    "anion": "SO4(2-)",
    "pH_bulk": 4.0,
    "v_anchor": 0.55,
    "v_rhe_grid": [
      -0.4,
      -0.36,
      -0.32,
      -0.28,
      -0.24,
      -0.2,
      -0.16,
      -0.12,
      -0.08,
      -0.04,
      -0.0,
      0.04,
      0.08,
      0.12,
      0.15,
      0.19,
      0.23,
      0.27,
      0.31,
      0.35,
      0.39,
      0.43,
      0.47,
      0.51,
      0.55
    ],
    "k0_r4e_factor": 1e-17,
    "lambda_target": 1.0,
    "delta_beta_pm2": 0.0,
    "sigma_mapping": "stern",
    "stern_anchor_f_m2": 0.1,
    "stern_baseline_f_m2": 0.2,
    "l_eff_m": 6e-06,
    "enable_water_ionization": true,
    "enable_cation_hydrolysis": true,
    "i_scale_mA_cm2": 0.4399731180239999
  },
  "per_v_records": [
    {
      "v_rhe": -0.4,
      "snes_converged": true,
      "picard_status": "converged",
      "R_2e_current_nondim": 0.9632710468048682,
      "R_4e_current_nondim": 15.703443138813617,
      "cd_mA_cm2": -14.241999048957766,
      "pc_gross_mA_cm2": -0.4238133659649802,
      "gross_h2o2_pct": 5.779609802369226,
      "theta": 0.922582778520591,
      "gamma_final": 0.04336139059046778,
      "sigma_S_C_per_m2": -0.036859681299037654,
      "pka_shift_avg": -1.592755531224066e-05,
      "mass_balance_residual_rel": 1.033452283560651e-15
    },
    {
      "v_rhe": -0.36,
      "snes_converged": true,
      "picard_status": "converged",
      "R_2e_current_nondim": 2.778336097878975,
      "R_4e_current_nondim": 13.888235234055372,
      "cd_mA_cm2": -13.443293515458677,
      "pc_gross_mA_cm2": -1.2223931959024457,
      "gross_h2o2_pct": 16.670111941713433,
      "theta": 0.9137764050735365,
      "gamma_final": 0.042947491038456215,
      "sigma_S_C_per_m2": -0.033166181962856235,
      "pka_shift_avg": -1.4331545447275019e-05,
      "mass_balance_residual_rel": 7.381802025433221e-16
    },
    {
      "v_rhe": -0.32,
      "snes_converged": true,
      "picard_status": "converged",
      "R_2e_current_nondim": 6.083329152397872,
      "R_4e_current_nondim": 10.581559461482653,
      "cd_mA_cm2": -11.98770471479657,
      "pc_gross_mA_cm2": -2.6765012951467884,
      "gross_h2o2_pct": 36.50386926277409,
      "theta": 0.9038394023637994,
      "gamma_final": 0.042480451911098574,
      "sigma_S_C_per_m2": -0.029479001261650727,
      "pka_shift_avg": -1.2738265947969898e-05,
      "mass_balance_residual_rel": 8.858162430519866e-16
    },
    {
      "v_rhe": -0.28,
      "snes_converged": true,
      "picard_status": "converged",
      "R_2e_current_nondim": 9.979464873269466,
      "R_4e_current_nondim": 6.671216549554977,
      "cd_mA_cm2": -10.261008169145382,
      "pc_gross_mA_cm2": -4.390696276503348,
      "gross_h2o2_pct": 59.9342730777961,
      "theta": 0.892684438657812,
      "gamma_final": 0.041956168616917165,
      "sigma_S_C_per_m2": -0.025796803699820844,
      "pka_shift_avg": -1.1147139729030658e-05,
      "mass_balance_residual_rel": 5.905441620346577e-16
    },
    {
      "v_rhe": -0.24,
      "snes_converged": true,
      "picard_status": "converged",
      "R_2e_current_nondim": 13.15241638220324,
      "R_4e_current_nondim": 3.401990247121283,
      "cd_mA_cm2": -8.780278158254266,
      "pc_gross_mA_cm2": -5.786709645227896,
      "gross_h2o2_pct": 79.44963946279421,
      "theta": 0.8802505440054051,
      "gamma_final": 0.04137177556825404,
      "sigma_S_C_per_m2": -0.022117844724994756,
      "pka_shift_avg": -9.557412946326853e-06,
      "mass_balance_residual_rel": 1.033452283560651e-15
    },
    {
      "v_rhe": -0.2,
      "snes_converged": true,
      "picard_status": "converged",
      "R_2e_current_nondim": 14.57421489012354,
      "R_4e_current_nondim": 1.4068969492363235,
      "cd_mA_cm2": -7.650256442947371,
      "pc_gross_mA_cm2": -6.4122627679594615,
      "gross_h2o2_pct": 91.19650144884613,
      "theta": 0.8665062381895458,
      "gamma_final": 0.04072579319490865,
      "sigma_S_C_per_m2": -0.01844021112392512,
      "pka_shift_avg": -7.968258875135228e-06,
      "mass_balance_residual_rel": 2.9527208101732886e-16
    },
    {
      "v_rhe": -0.16,
      "snes_converged": true,
      "picard_status": "converged",
      "R_2e_current_nondim": 13.189319468739322,
      "R_4e_current_nondim": 0.560540412991328,
      "cd_mA_cm2": -6.296191437840415,
      "pc_gross_mA_cm2": -5.8029460112758855,
      "gross_h2o2_pct": 95.92330090769788,
      "theta": 0.8514489766527811,
      "gamma_final": 0.04001810190268071,
      "sigma_S_C_per_m2": -0.014762045361020753,
      "pka_shift_avg": -6.378874849783424e-06,
      "mass_balance_residual_rel": 1.4763604050866443e-16
    },
    {
      "v_rhe": -0.12,
      "snes_converged": true,
      "picard_status": "converged",
      "R_2e_current_nondim": 9.743879849148211,
      "R_4e_current_nondim": 0.27749384761726,
      "cd_mA_cm2": -4.53122486561824,
      "pc_gross_mA_cm2": -4.287045198880961,
      "gross_h2o2_pct": 97.23097994333028,
      "theta": 0.8351277207796649,
      "gamma_final": 0.03925100287664425,
      "sigma_S_C_per_m2": -0.011081232860250282,
      "pka_shift_avg": -4.788347134028617e-06,
      "mass_balance_residual_rel": 1.033452283560651e-15
    },
    {
      "v_rhe": -0.08,
      "snes_converged": true,
      "picard_status": "converged",
      "R_2e_current_nondim": 6.684382513473192,
      "R_4e_current_nondim": 0.1834890826698105,
      "cd_mA_cm2": -3.102409144169101,
      "pc_gross_mA_cm2": -2.940948616517902,
      "gross_h2o2_pct": 97.32829771056207,
      "theta": 0.8176638573147011,
      "gamma_final": 0.038430201293790954,
      "sigma_S_C_per_m2": -0.007395239689651081,
      "pka_shift_avg": -3.195580782389193e-06,
      "mass_balance_residual_rel": 4.429081215259933e-16
    },
    {
      "v_rhe": -0.04,
      "snes_converged": true,
      "picard_status": "converged",
      "R_2e_current_nondim": 4.785655009569088,
      "R_4e_current_nondim": 0.163076339857443,
      "cd_mA_cm2": -2.249057967793325,
      "pc_gross_mA_cm2": -2.105559556347287,
      "gross_h2o2_pct": 96.70468392113587,
      "theta": 0.799217160475991,
      "gamma_final": 0.03756320654237158,
      "sigma_S_C_per_m2": -0.0037018845749794203,
      "pka_shift_avg": -1.5996332374434998e-06,
      "mass_balance_residual_rel": 1.4763604050866443e-16
    },
    {
      "v_rhe": -0.0,
      "snes_converged": true,
      "picard_status": "converged",
      "R_2e_current_nondim": 3.7544350870434022,
      "R_4e_current_nondim": 0.19225392304705205,
      "cd_mA_cm2": -1.8210236276159055,
      "pc_gross_mA_cm2": -1.6518505116651931,
      "gross_h2o2_pct": 95.12872885207021,
      "theta": 0.7799711610016975,
      "gamma_final": 0.03665864456707978,
      "sigma_S_C_per_m2": 5.547504697378736e-07,
      "pka_shift_avg": 0.0,
      "mass_balance_residual_rel": 1.4763604050866443e-16
    },
    {
      "v_rhe": 0.04,
      "snes_converged": true,
      "picard_status": "converged",
      "R_2e_current_nondim": 3.1626506621157553,
      "R_4e_current_nondim": 0.27334996794181987,
      "cd_mA_cm2": -1.6320145484459805,
      "pc_gross_mA_cm2": -1.3914812730317367,
      "gross_h2o2_pct": 92.04453091333573,
      "theta": 0.7601246583053872,
      "gamma_final": 0.0357258589403532,
      "sigma_S_C_per_m2": 0.003713410414023955,
      "pka_shift_avg": 0.0,
      "mass_balance_residual_rel": 2.9527208101732886e-16
    },
    {
      "v_rhe": 0.08,
      "snes_converged": true,
      "picard_status": "converged",
      "R_2e_current_nondim": 2.7133215870055136,
      "R_4e_current_nondim": 0.41071377277680093,
      "cd_mA_cm2": -1.555194597284662,
      "pc_gross_mA_cm2": -1.1937885588366435,
      "gross_h2o2_pct": 86.85310102234503,
      "theta": 0.7398741390782673,
      "gamma_final": 0.03477408453667856,
      "sigma_S_C_per_m2": 0.007437634258736512,
      "pka_shift_avg": 0.0,