{
  "ratio": 1e-12,
  "k0_targets": {
    "0": 0.0012631578947368421,
    "1": 1.2631578947368421e-15
  },
  "v_rhe": [
    0.1,
    0.2,
    0.3,
    0.4,
    0.5,
    0.6,
    0.7,
    0.8
  ],
  "phi_applied_hat": [
    3.892174481025757,
    7.784348962051514,
    11.676523443077269,
    15.568697924103027,
    19.460872405128782,
    23.353046886154537,
    27.245221367180292,
    31.137395848206054
  ],
  "cd_mA_cm2": [
    -0.08992705324852585,
    -0.08992700469992874,
    -0.08992243278324127,
    -0.08988620550993794,
    -0.08960978673527145,
    -0.08752749168353258,
    -0.07269061938761436,
    -0.01082163114504069
  ],
  "pc_mA_cm2": [
    -0.0016220119260489478,
    -0.000642220013062544,
    -0.0002515985411241432,
    -9.778851048094725e-05,
    -3.772813868183704e-05,
    -1.4348168551363178e-05,
    -5.022788396668365e-06,
    -3.7518958847902376e-07
  ],
  "converged": [
    true,
    true,
    true,
    true,
    true,
    true,
    true,
    true
  ],
  "method": [
    "warm<-+7.784",
    "warm<-+11.677",
    "warm<-+15.569",
    "warm<-+19.461",
    "warm<-+21.407",
    "warm<-+21.407",
    "warm<-+23.353",
    "warm<-+27.245"
  ],
  "n_converged": 8,
  "n_total": 8,
  "anchor": {
    "v_rhe": 0.55,
    "phi_applied_eta": 21.406959645641663,
    "converged": true,
    "ladder_history": [
      [
        1e-12,
        "ok"
      ],
      [
        1e-09,
        "ok"
      ],
      [
        1e-06,
        "ok"
      ],
      [
        0.001,
        "ok"
      ],
      [
        1.0,
        "ok"
      ]
    ],
    "wall_seconds": 21.02743101119995
  },
  "grid_wall_seconds": 215.55972504615784,
  "config": {
    "ratio_K0_R4e_to_K0_R2e": 1e-12,
    "mesh_Ny": 80,
    "exponent_clip": 100.0,
    "u_clamp": 100.0,
    "stern_capacitance_f_m2": 0.1,
    "ic": "debye_boltzmann",
    "formulation": "logc_muh",
    "initial_scales": [
      1e-12,
      1e-09,
      1e-06,
      0.001,
      1.0
    ],
    "max_inserts_per_step": 4,
    "ic_at_target": true,
    "n_substeps_warm": 8,
    "bisect_depth_warm": 5
  }
}