{
 "theta_L": {
  "f2w": 0.09801674336236157,
  "f4w": 4.909906447302814e-13,
  "a2w": 0.5770144526758703,
  "a4w": 0.304853786169721,
  "l_eff_um": 21.7
 },
 "convention": "water-only frozen; V_OCP=0.664+0.059\u00b7pH",
 "by_pH": {
  "1.65": {
   "onset": 0.5314733493696073,
   "max_ring": 0.3563272663085358,
   "peak_sel": 57.34421583291051,
   "curve": {
    "v_rhe": [
     -0.1,
     -0.020833,
     0.058333,
     0.1375,
     0.216667,
     0.295833,
     0.375,
     0.454167,
     0.533333,
     0.6125,
     0.691667,
     0.770833,
     0.85
    ],
    "jr": [
     0.19279695954215456,
     0.2217553318751626,
     0.2531053124413752,
     0.28650512545865126,
     0.32144298973197055,
     0.35604525895801264,
     0.3563272663085358,
     0.11889837499331762,
     0.007380384232906572,
     0.0003529693992843492,
     1.6794344541036064e-05,
     7.774716340986587e-07,
     3.396987813619413e-08
    ],
    "cd": [
     -3.5731667193664367,
     -3.5007674629915875,
     -3.4223881051774745,
     -3.3388637901366334,
     -3.250935014579356,
     -3.148731298996527,
     -2.778133210882599,
     -0.8243438272379061,
     -0.04590064075806338,
     -0.0019860064367093868,
     -8.615904778671209e-05,
     -3.661727308205611e-06,
     -1.477980859357932e-07
    ],
    "pc": [
     -0.48199239885538636,
     -0.5543883296879065,
     -0.6327632811034379,
     -0.7162628136466281,
     -0.8036074743299263,
     -0.8901131473950316,
     -0.8908181657713395,
     -0.29724593748329403,
     -0.01845096058226643,
     -0.0008824234982108729,
     -4.198586135259016e-05,
     -1.9436790852466466e-06,
     -8.492469534048532e-08
    ]
   },
   "n_converged": 13,
   "n_total": 13,
   "exp_info": {
    "onset": 0.251,
    "max_ring": 0.0791,
    "peak_sel": 19.9
   }
  },
  "2.0": {
   "onset": 0.5303448419390727,
   "max_ring": 0.3574363644202471,
   "peak_sel": 57.57506324276842,
   "curve": {
    "v_rhe": [
     -0.1,
     -0.020833,
     0.058333,
     0.1375,
     0.216667,
     0.295833,
     0.375,
     0.454167,
     0.533333,
     0.6125,
     0.691667,
     0.770833,
     0.85
    ],
    "jr": [
     0.19374988778959076,
     0.22284310448167727,
     0.25433228898245025,
     0.28787192755751323,
     0.3229391814176035,
     0.3574363644202471,
     0.3521229405606179,
     0.10555862311807704,
     0.0062516098816533345,
     0.00029800365177553624,
     1.4299656968721711e-05,
     6.745596489286503e-07,
     3.018265524953739e-08
    ],
    "cd": [
     -3.5707550343579664,
     -3.498018598346971,
     -3.419291061545149,
     -3.3354140634582845,
     -3.247071794771378,
     -3.142573361883081,
     -2.729333591011545,
     -0.7276287054276187,
     -0.03866192635651142,
     -0.0016679084971547064,
     -7.3021105358105e-05,
     -3.16508961832943e-06,
     -1.309448469031912e-07
    ],
    "pc": [
     -0.48437471947397687,
     -0.5571077612041931,
     -0.6358307224561256,
     -0.7196798188937831,
     -0.8073479535440088,
     -0.8935909110506178,
     -0.8803073514015446,
     -0.2638965577951926,
     -0.015629024704133337,
     -0.0007450091294388406,
     -3.5749142421804276e-05,
     -1.6863991223216257e-06,
     -7.545663812384348e-08
    ]
   },
   "n_converged": 13,
   "n_total": 13,
   "exp_info": null
  },
  "2.35": {
   "onset": 0.5292920175797275,
   "max_ring": 0.3585060005662545,
   "peak_sel": 57.772367664792846,
   "curve": {
    "v_rhe": [
     -0.1,
     -0.020833,
     0.058333,
     0.1375,
     0.216667,
     0.295833,
     0.375,
     0.454167,
     0.533333,
     0.6125,
     0.691667,
     0.770833,
     0.85
    ],
    "jr": [
     0.19445282006439316,
     0.2236532915723561,
     0.2552569040463285,
     0.28891627156340255,
     0.3241001772551384,
     0.3585060005662545,
     0.348074532671745,
     0.09518637253889535,
     0.005417816261924662,
     0.00025621376506942755,
     1.2311019959583766e-05,
     5.878391676360117e-07,
     2.6828467236305328e-08
    ],
    "cd": [
     -3.5690088878175135,
     -3.4960042751190734,
     -3.416990539294981,
     -3.3328114722273434,
     -3.2440965427421644,
     -3.137477201809274,
     -2.685275576063395,
     -0.6529974890552436,
     -0.033344798322603515,
     -0.0014273205067282682,
     -6.259679785909096e-05,
     -2.7481957755642123e-06,
     -1.1606297750012014e-07
    ],
    "pc": [
     -0.48613205016098293,
     -0.5591332289308902,
     -0.6381422601158212,
     -0.7222906789085064,
     -0.810250443137846,
     -0.896265001415636,
     -0.8701863316793625,
     -0.23796593134723837,
     -0.013544540654811655,
     -0.0006405344126735689,
     -3.0777549898959416e-05,
     -1.4695979190900295e-06,
     -6.707116809076332e-08
    ]
   },
   "n_converged": 13,
   "n_total": 13,
   "exp_info": {
    "onset": 0.363,
    "max_ring": 0.416,
    "peak_sel": 47.6
   }
  },
  "3.42": {
   "onset": 0.5260418964504052,
   "max_ring": 0.36094578421599677,
   "peak_sel": 58.28511385974392,
   "curve": {
    "v_rhe": [
     -0.1,
     -0.020833,
     0.058333,
     0.1375,
     0.216667,
     0.295833,
     0.375,
     0.454167,
     0.533333,
     0.6125,
     0.691667,
     0.770833,
     0.85
    ],
    "jr": [
     0.19604942988987722,
     0.22550977902023858,
     0.25739834403024525,
     0.2913653167687099,
     0.3268577952542812,
     0.36094578421599677,
     0.33518859196740364,
     0.07195299499794526,
     0.0037153898781721703,
     0.0001697770795903509,
     8.015997481921814e-06,
     3.868283110047691e-07,
     1.8409966234942882e-08
    ],
    "cd": [
     -3.564992453879515,
     -3.4913403558565177,
     -3.4116163655272813,
     -3.3266627932400334,
     -3.2369363166384857,
     -3.1239186611271963,
     -2.5560878111110665,
     -0.48769236745293254,
     -0.022584070729399715,
     -0.0009339765595867903,
     -4.026579154440814e-05,
     -1.7888299087959094e-06,
     -7.893255912168319e-08
    ],
    "pc": [
     -0.49012357472469303,
     -0.5637744475505964,
     -0.6434958600756131,
     -0.7284132919217748,
     -0.8171444881357031,
     -0.9023644605399919,
     -0.8379714799185091,
     -0.17988248749486316,
     -0.009288474695430425,
     -0.00042444269897587726,
     -2.0039993704804534e-05,
     -9.670707775119228e-07,
     -4.60249155873572e-08
    ]
   },
   "n_converged": 13,
   "n_total": 13,
   "exp_info": {
    "onset": 0.417,
    "max_ring": 0.406,
    "peak_sel": 72.1
   }
  },
  "4.0": {
   "onset": 0.5240911953338567,
   "max_ring": 0.3620206089392079,
   "peak_sel": 54.12030990124141,
   "curve": {
    "v_rhe": [
     -0.1,
     -0.020833,
     0.058333,
     0.1375,
     0.216667,
     0.295833,
     0.375,
     0.454167,
     0.533333,
     0.6125,
     0.691667,
     0.770833,
     0.85
    ],
    "jr": [
     0.19681140357827223,
     0.22639512779084894,
     0.25841924235629316,
     0.2925328371801354,
     0.3281704379825964,
     0.3620206089392079,
     0.3274042978762954,
     0.06232936438561787,
     0.0030836849584574538,
     0.00013812712402272372,
     6.417501718446591e-06,
     3.078604454451714e-07,
     1.48188662375643e-08
    ],
    "cd": [
     -3.5630241884924936,
     -3.489064179008372,
     -3.4090017324090414,
     -3.3236775374710117,
     -3.23344347870275,
     -3.116664100794088,
     -2.482963518576361,
     -0.42001738244009806,
     -0.018631285201106802,
     -0.0007551543661083907,
     -3.203649345937772e-05,
     -1.4153190728750195e-06,
     -6.32128446869993e-08
    ],
    "pc": [
     -0.49202850894568056,
     -0.5659878194771224,
     -0.6460481058907329,
     -0.7313320929503383,
     -0.8204260949564909,
     -0.9050515223480198,
     -0.8185107446907385,
     -0.15582341096404467,
     -0.0077092123961436335,
     -0.00034531781005680927,
     -1.6043754296116475e-05,
     -7.696511136129285e-07,
     -3.7047165593910754e-08
    ]
   },
   "n_converged": 13,
   "n_total": 13,
   "exp_info": null
  },
  "4.21": {
   "onset": 0.5233392335362974,