{
  "metadata": {
    "n_test": 524,
    "timestamp": "2026-03-17T23:04:43.267620+00:00",
    "model_names": [
      "nn_ensemble",
      "rbf_baseline",
      "pod_rbf_log",
      "pod_rbf_nolog",
      "gp_fixed",
      "pce"
    ],
    "threshold_mean_nrmse": 0.2
  },
  "models": {
    "nn_ensemble": {
      "cd_max_nrmse": 0.21449738099195867,
      "cd_mean_nrmse": 0.028891465452261622,
      "cd_median_nrmse": 0.012059184224162835,
      "cd_95th_nrmse": 0.1603266145710838,
      "pc_max_nrmse": 1.7328176089047758,
      "pc_mean_nrmse": 0.07978693767512471,
      "pc_median_nrmse": 0.027998395850050477,
      "pc_95th_nrmse": 0.2984319308373531
    },
    "rbf_baseline": {
      "cd_max_nrmse": 0.296674023760233,
      "cd_mean_nrmse": 0.03404876342668818,
      "cd_median_nrmse": 0.012464993498988356,
      "cd_95th_nrmse": 0.1811010011468382,
      "pc_max_nrmse": 2.1502551191828565,
      "pc_mean_nrmse": 0.07893158738687908,
      "pc_median_nrmse": 0.022095017208303556,
      "pc_95th_nrmse": 0.2644987234364877
    },
    "pod_rbf_log": {
      "cd_max_nrmse": 0.22925111717976102,
      "cd_mean_nrmse": 0.0300360222570426,
      "cd_median_nrmse": 0.011533576329634239,
      "cd_95th_nrmse": 0.15044847072313555,
      "pc_max_nrmse": 2.0365941615948646,
      "pc_mean_nrmse": 0.09855827923942452,
      "pc_median_nrmse": 0.03394805517624625,
      "pc_95th_nrmse": 0.3803006595279759
    },
    "pod_rbf_nolog": {
      "cd_max_nrmse": 0.22962080296938367,
      "cd_mean_nrmse": 0.030095002543227396,
      "cd_median_nrmse": 0.011571183863451427,
      "cd_95th_nrmse": 0.1514302798410317,
      "pc_max_nrmse": 2.0488399093117886,
      "pc_mean_nrmse": 0.10390516890292095,
      "pc_median_nrmse": 0.03575845916263395,
      "pc_95th_nrmse": 0.40870834566325465
    },
    "gp_fixed": {
      "cd_max_nrmse": 0.21337105799831024,
      "cd_mean_nrmse": 0.028118453339871577,
      "cd_median_nrmse": 0.010318321591785622,
      "cd_95th_nrmse": 0.15274690804786184,
      "pc_max_nrmse": 1.9199727347429814,
      "pc_mean_nrmse": 0.08176131648204699,
      "pc_median_nrmse": 0.02237318836790969,
      "pc_95th_nrmse": 0.32899916428264375
    },
    "pce": {
      "cd_max_nrmse": 0.23238024235481772,
      "cd_mean_nrmse": 0.047472360712146736,
      "cd_median_nrmse": 0.03436432264014424,
      "cd_95th_nrmse": 0.155376164810425,
      "pc_max_nrmse": 4.260342500766679,
      "pc_mean_nrmse": 0.4773279124765853,
      "pc_median_nrmse": 0.1583574955304599,
      "pc_95th_nrmse": 2.4252647637022475
    }
  }
}