{
  "theta": [
    -1.2101,
    -12.9852,
    0.6127,
    0.3202
  ],
  "J": 17.781745674589367,
  "v_ocp_rhe": 1.019,
  "l_eff_um": 21.7,
  "n_coll": 0.224,
  "wall_s": 997.5997500419617,
  "n_used": 30,
  "retried_walk": false,
  "grid_mode": "bins",
  "chi2_raw": 533.4523702376807,
  "score_disk": 16.45235220920973,
  "score_ring": 1.3293934653796287,
  "cd_model": {
    "0.13169659": -3.3220022421081286,
    "0.14643302": -3.308009380765366,
    "0.16116944": -3.2939036755792954,
    "0.17590586": -3.2796758231610155,
    "0.19064228": -3.2653064467206967,
    "0.2053787": -3.250747054839828,
    "0.22011513": -3.23590423897049,
    "0.23485155": -3.2205862985512814,
    "0.24958797": -3.204424206323267,
    "0.26432439": -3.1866981011632785,
    "0.27906081": -3.1660252000773856,
    "0.29379724": -3.139778941817885,
    "0.30853366": -3.1030222267350065,
    "0.32327008": -3.046739692998632,
    "0.3380065": -2.955207805505801,
    "0.35274292": -2.8035341838398518,
    "0.36747935": -2.5592842240108924,
    "0.38221577": -2.19696497227362,
    "0.39695219": -1.7293045806978828,
    "0.41168861": -1.2277645979569216,
    "0.42642503": -0.7882838417749519,
    "0.44116146": -0.46688063807554536,
    "0.45589788": -0.26172082131810637,
    "0.4706343": -0.14193081823521048,
    "0.48537072": -0.07556511717923498,
    "0.50010714": -0.039855304394408826,
    "0.51484357": -0.02092771569003585,
    "0.52957999": -0.010971411543334595,
    "0.54431641": -0.005750898319300692,
    "0.55905283": -0.0030162876248724674
  },
  "pc_model": {
    "0.13169659": -0.7329967154937461,
    "0.14643302": -0.746969816152807,
    "0.16116944": -0.7610372377092856,
    "0.17590586": -0.775190720286602,
    "0.19064228": -0.7894154646936884,
    "0.2053787": -0.803693472877991,
    "0.22011513": -0.8179891446238389,
    "0.23485155": -0.8322438653863576,
    "0.24958797": -0.8463424864025844,
    "0.26432439": -0.8600698366435594,
    "0.27906081": -0.8730104831409802,
    "0.29379724": -0.8843611707459531,
    "0.30853366": -0.8925946131836883,
    "0.32327008": -0.8948584798445207,
    "0.3380065": -0.8860690324783205,
    "0.35274292": -0.8579351445955143,
    "0.36747935": -0.7991795281504614,
    "0.38221577": -0.6998970602927524,
    "0.39695219": -0.5619193770761834,
    "0.41168861": -0.4068329577620011,
    "0.42642503": -0.26631000235247,
    "0.44116146": -0.16077541318551583,
    "0.45589788": -0.09184712794477408,
    "0.4706343": -0.05074812656628293,
    "0.48537072": -0.027522209096428985,
    "0.50010714": -0.01478316342307555,
    "0.51484357": -0.00790357216699639,
    "0.52957999": -0.004217778441960001,
    "0.54431641": -0.002249965512306763,
    "0.55905283": -0.0012006905035490153
  }
}