phi_applied,target_observable,simulated_observable
0,0.1473729091093624,0.1658256042771407
0.02,0.1754453343498586,0.1841114767009478
0.04,0.2433474018816893,0.2441403025102275
