{
  "x0": [
    -3.68327646668887,
    -13.537374774885187,
    0.5499855248013807,
    0.2854405505612447
  ],
  "J0": 1483.8459256290712,
  "grad_adjoint": [
    -660.8715835594169,
    344.31445305704955,
    -8863.135910485322,
    23832.42950623492
  ],
  "info": {
    "n_used": 30,
    "retried_walk": false,
    "grid_mode": "bins",
    "chi2_raw": 44515.37776887213,
    "score_disk": 763.9474876788408,
    "score_ring": 719.8984379502303
  },
  "fd": [
    {
      "component": 3,
      "h": 0.001,
      "g_fd": 23707.380132738763,
      "g_adj": 23832.42950623492,
      "abs_err": 125.04937349615648,
      "tol": 1185.3690066369381,
      "pass": true
    },
    {
      "component": 3,
      "h": 0.0005,
      "g_fd": 23801.161206380584,
      "g_adj": 23832.42950623492,
      "abs_err": 31.268299854335055,
      "tol": 1190.0580603190292,
      "pass": true
    }
  ]
}