{
  "config": {
    "delta_beta_pm2": 0.0,
    "sigma_mapping": "stern",
    "v_grid": [
      0.55,
      0.4,
      0.2,
      0.1,
      -0.1
    ],
    "v_anchor": 0.55,
    "mode": "production",
    "topology": "warm_walk_at_lambda_1",
    "lambda_ladder_at_anchor": [
      0.0,
      0.25,
      0.5,
      0.75,
      1.0
    ],
    "k_hyd_baseline": 0.001,
    "n_collection": 0.224,
    "observable_mask": [
      -0.06,
      1.0
    ],
    "v_kin_excluded_from_observables": -0.1,
    "k0_r4e_factor": 1e-14,
    "anchor_cache": {
      "status": "miss",
      "config_hash": "fcae57e2",
      "path": "/Users/jakeweinstein/Desktop/ResearchForwardSolverClone/FireDrakeEnvCG/PNPInverse/StudyResults/phase6b_step10_phase_D/anchor_cache_stern_fcae57e2.pkl"
    }
  },
  "anchor_lambda_ramp_rungs": [
    {
      "rung_label": "lambda=2.500e-01",
      "scale": 0.25,
      "lambda_hydrolysis": 0.25,
      "snes_converged": true,
      "gamma_picard_iters": 2,
      "gamma_picard_history": [
        0.005641299299551015,
        0.0056413389177578585
      ],
      "gamma_final": 0.0056413389177578585,
      "cd_observable": 1.1886846909544655,
      "wall_seconds": 2.8576672077178955,
      "gamma": 0.0056413389177578585,
      "gamma_max": 0.047,
      "theta": 0.12002848761186934,
      "k_hyd": 0.001,
      "k_prot": 0.001,
      "k_des": 1.0,
      "delta_ohp_hat": 4e-06,
      "c_H_boundary_avg": 0.0009741511137886279,
      "c_K_boundary_avg": 27.204556455605676,
      "sigma_S_C_per_m2": 0.10114626017238684,
      "sigma_S_counts_per_pm2": 6.313053007137218e-07,
      "R_2e_current_nondim": 0.0014604333203838567,
      "R_4e_current_nondim": 0.5936121288170401,
      "manufactured_run": false,
      "F0_avg": 0.02720455660384009,
      "forward_avg_no_k_hyd": 27.20455660384009,
      "c_H_avg": 0.0009741511137886279,
      "pka_shift_avg": 0.0,
      "R_forward_capped": 0.02393923481852967,
      "denominator_constant": 0.75,
      "denominator_kdes": 0.25,
      "denominator_kprot": 0.06088444461178924,
      "denominator_cap": 0.14470508831829834,
      "denominator_total": 1.2055895329300876,
      "numerator": 0.006801139150960023,
      "denominator_cap_to_total_ratio": 0.12002848761186932,
      "F0_decomposition": {
        "c_K_avg": 27.204556455605676,
        "pka_factor_avg": 0.9999999999999999,
        "c_K_pka_product_avg": 27.20455660384009,
        "F0_total": 0.02720455660384009,
        "c_K_bulk": 166.58333333333334,
        "F0_counterfactual_c_K_bulk": 0.1665833333333333,
        "F0_counterfactual_no_singh": 0.027204556455605676,
        "amplification_from_c_K": 0.1633089941201006,
        "amplification_from_singh": 1.0000000054488818
      },
      "R_4e_decomposition_log": {
        "log_k0": -38.91033172971727,
        "alpha_R4e": 0.5,
        "n_electrons_R4e": 4.0,
        "E_eq_R4e_nondim": 47.8737461166168,
        "bv_exp_scale": 1.0,
        "exponent_clip": 100.0,
        "eta_scaled_raw_avg": -28.189801481909004,
        "eta_scaled_clipped_avg": -28.189801481909004,
        "exponent_clip_active_fraction": 0.0,
        "log_bv_clipped_avg": 56.37960296381801,
        "ln_c_H_avg": -6.933988844862995,
        "ln_c_H_ratio_avg": -4.449082195074995,
        "n_e_log_c_H_factor_avg": -17.79632878029998,
        "c_H_ref_nondim": 0.08333333333333334,
        "log_R4e_predicted": -0.3270575461992422,
        "log_R4e_measured": -0.5215291546944484,
        "_note": "Scalar approximation: averages of nonlinear terms over boundary; small/moderate discrepancies vs measured can come from Jensen/covariance, not necessarily a missing Stern/diffuse term.  Order-of-magnitude discrepancies indicate a missing residual term."
      }
    },
    {
      "rung_label": "lambda=5.000e-01",
      "scale": 0.5,
      "lambda_hydrolysis": 0.5,
      "snes_converged": true,
      "gamma_picard_iters": 2,
      "gamma_picard_history": [
        0.009638396616319874,
        0.009638556495650902
      ],
      "gamma_final": 0.009638556495650902,
      "cd_observable": 1.1906435570632237,
      "wall_seconds": 2.7335479259490967,
      "gamma": 0.009638556495650902,
      "gamma_max": 0.047,
      "theta": 0.20507567012023195,
      "k_hyd": 0.001,
      "k_prot": 0.001,
      "k_des": 1.0,
      "delta_ohp_hat": 4e-06,
      "c_H_boundary_avg": 0.0009745946505202819,
      "c_K_boundary_avg": 27.204519298821207,
      "sigma_S_C_per_m2": 0.10114626418947391,
      "sigma_S_counts_per_pm2": 6.313053257864071e-07,
      "R_2e_current_nondim": 0.0014615112608322677,
      "R_4e_current_nondim": 0.5945910229011948,
      "manufactured_run": false,
      "F0_avg": 0.027204519447055268,
      "forward_avg_no_k_hyd": 27.20451944705527,
      "c_H_avg": 0.0009745946505202819,
      "pka_shift_avg": 0.0,
      "R_forward_capped": 0.021625534391151526,
      "denominator_constant": 0.5,
      "denominator_kdes": 0.5,
      "denominator_kprot": 0.12182433131503526,
      "denominator_cap": 0.2894097813516518,
      "denominator_total": 1.4112341126666872,
      "numerator": 0.013602259723527634,
      "denominator_cap_to_total_ratio": 0.20507567012023195,
      "F0_decomposition": {
        "c_K_avg": 27.204519298821207,
        "pka_factor_avg": 0.9999999999999999,
        "c_K_pka_product_avg": 27.20451944705527,
        "F0_total": 0.027204519447055268,
        "c_K_bulk": 166.58333333333334,
        "F0_counterfactual_c_K_bulk": 0.1665833333333333,
        "F0_counterfactual_no_singh": 0.027204519298821207,
        "amplification_from_c_K": 0.16330877106786557,
        "amplification_from_singh": 1.0000000054488762
      },
      "R_4e_decomposition_log": {
        "log_k0": -38.91033172971727,
        "alpha_R4e": 0.5,
        "n_electrons_R4e": 4.0,
        "E_eq_R4e_nondim": 47.8737461166168,
        "bv_exp_scale": 1.0,
        "exponent_clip": 100.0,
        "eta_scaled_raw_avg": -28.189800700148822,
        "eta_scaled_clipped_avg": -28.189800700148822,
        "exponent_clip_active_fraction": 0.0,
        "log_bv_clipped_avg": 56.379601400297645,
        "ln_c_H_avg": -6.933533716013567,
        "ln_c_H_ratio_avg": -4.448627066225567,
        "n_e_log_c_H_factor_avg": -17.79450826490227,
        "c_H_ref_nondim": 0.08333333333333334,
        "log_R4e_predicted": -0.3252385943218954,
        "log_R4e_measured": -0.5198814662428499,
        "_note": "Scalar approximation: averages of nonlinear terms over boundary; small/moderate discrepancies vs measured can come from Jensen/covariance, not necessarily a missing Stern/diffuse term.  Order-of-magnitude discrepancies indicate a missing residual term."
      }
    },
    {
      "rung_label": "lambda=7.500e-01",
      "scale": 0.75,
      "lambda_hydrolysis": 0.75,
      "snes_converged": true,
      "gamma_picard_iters": 2,
      "gamma_picard_history": [
        0.012618416543620527,
        0.012618720287119191
      ],
      "gamma_final": 0.012618720287119191,
      "cd_observable": 1.1921040756482342,
      "wall_seconds": 2.72902774810791,
      "gamma": 0.012618720287119191,
      "gamma_max": 0.047,
      "theta": 0.2684834103642381,
      "k_hyd": 0.001,
      "k_prot": 0.001,
      "k_des": 1.0,
      "delta_ohp_hat": 4e-06,
      "c_H_boundary_avg": 0.000974925053362164,
      "c_K_boundary_avg": 27.20449159139304,
      "sigma_S_C_per_m2": 0.10114626718443512,
      "sigma_S_counts_per_pm2": 6.313053444794847e-07,
      "R_2e_current_nondim": 0.0014623141768755241,
      "R_4e_current_nondim": 0.5953208807356809,
      "manufactured_run": false,
      "F0_avg": 0.02720449173962682,
      "forward_avg_no_k_hyd": 27.204491739626818,
      "c_H_avg": 0.000974925053362164,
      "pka_shift_avg": 0.0,
      "R_forward_capped": 0.019900537020146065,
      "denominator_constant": 0.25,
      "denominator_kdes": 0.75,
      "denominator_kprot": 0.18279844750540578,
      "denominator_cap": 0.434114229887662,
      "denominator_total": 1.616912677393068,