{
  "config": {
    "delta_beta_pm2": 0.0,
    "sigma_mapping": "stern",
    "v_grid": [
      0.55,
      0.4,
      0.2,
      0.1,
      -0.1
    ],
    "v_anchor": 0.55,
    "mode": "a2_reproduction",
    "lambda_ladder": [
      0.0,
      0.25,
      0.5,
      0.75,
      1.0
    ],
    "k_hyd_baseline": 0.001,
    "n_collection": 0.224,
    "observable_mask": [
      -0.06,
      1.0
    ],
    "v_kin_excluded_from_observables": -0.1
  },
  "warm_walk_records": [
    {
      "v_rhe": 0.55,
      "phi_applied_eta": 21.406959645641663,
      "lambda_zero_converged": true,
      "cd_mA_cm2": -0.5217730171372018,
      "pc_mA_cm2": 0.25992368679275607,
      "c_H_surface_nondim": 0.0009735243928168938,
      "c_K_surface_nondim": 27.2046088880758,
      "gamma_at_lambda_zero": 0.0,
      "lambda_zero_sigma_S_C_per_m2": 0.10114625450283274,
      "lambda_zero_sigma_S_counts_per_pm2": 6.313052653271483e-07,
      "lambda_zero_R_2e_current_nondim": 0.0014589100051824845,
      "lambda_zero_R_4e_current_nondim": 0.5922306552429849
    },
    {
      "v_rhe": 0.4,
      "phi_applied_eta": 15.568697924103027,
      "lambda_zero_converged": true,
      "cd_mA_cm2": -0.5603833554294911,
      "pc_mA_cm2": 0.2760504829652275,
      "c_H_surface_nondim": 6.15770305839033e-05,
      "c_K_surface_nondim": 38.39258008363208,
      "gamma_at_lambda_zero": 0.0,
      "lambda_zero_sigma_S_C_per_m2": 0.07269783273939108,
      "lambda_zero_sigma_S_counts_per_pm2": 4.5374418273654016e-07,
      "lambda_zero_R_2e_current_nondim": 0.00627492086807022,
      "lambda_zero_R_4e_current_nondim": 0.6337007149825402
    },
    {
      "v_rhe": 0.2,
      "phi_applied_eta": 7.784348962051514,
      "lambda_zero_converged": true,
      "cd_mA_cm2": -0.5689179209311929,
      "pc_mA_cm2": 0.2582059130359634,
      "c_H_surface_nondim": 1.641249923417679e-06,
      "c_K_surface_nondim": 69.47100873626644,
      "gamma_at_lambda_zero": 0.0,
      "lambda_zero_sigma_S_C_per_m2": 0.03555967967478677,
      "lambda_zero_sigma_S_counts_per_pm2": 2.2194606337509958e-07,
      "lambda_zero_R_2e_current_nondim": 0.03977977495161574,
      "lambda_zero_R_4e_current_nondim": 0.6266472503910572
    },
    {
      "v_rhe": 0.1,
      "phi_applied_eta": 3.892174481025757,
      "lambda_zero_converged": true,
      "cd_mA_cm2": -0.6192540880583642,
      "pc_mA_cm2": 0.24445533404594566,
      "c_H_surface_nondim": 2.877685880561721e-07,
      "c_K_surface_nondim": 103.05898128039851,
      "gamma_at_lambda_zero": 0.0,
      "lambda_zero_sigma_S_C_per_m2": 0.017539607809177366,
      "lambda_zero_sigma_S_counts_per_pm2": 1.0947362130346339e-07,
      "lambda_zero_R_2e_current_nondim": 0.09875104836091603,
      "lambda_zero_R_4e_current_nondim": 0.654365298485652
    },
    {
      "v_rhe": -0.1,
      "phi_applied_eta": -3.892174481025757,
      "lambda_zero_converged": true,
      "cd_mA_cm2": -3.1169367532398344,
      "pc_mA_cm2": 1.0404152161045084,
      "c_H_surface_nondim": 1.8052660867537316e-08,
      "c_K_surface_nondim": 291.1261505683604,
      "gamma_at_lambda_zero": 0.0,
      "lambda_zero_sigma_S_C_per_m2": -0.01714899342583135,
      "lambda_zero_sigma_S_counts_per_pm2": -1.0703559808519434e-07,
      "lambda_zero_R_2e_current_nondim": 0.7849769895671228,
      "lambda_zero_R_4e_current_nondim": 3.149701499958119
    }
  ],
  "per_v_records": [
    {
      "v_rhe": 0.55,
      "snes_converged": false,
      "picard_status": "lambda_ramp_not_run",
      "lambda_ramp_skipped": true,
      "skip_reason": "warm_walk_only_in_a2_mode"
    },
    {
      "v_rhe": 0.4,
      "snes_converged": false,
      "picard_status": "lambda_ramp_not_run",
      "lambda_ramp_skipped": true,
      "skip_reason": "warm_walk_only_in_a2_mode"
    },
    {
      "v_rhe": 0.2,
      "snes_converged": false,
      "picard_status": "lambda_ramp_not_run",
      "lambda_ramp_skipped": true,
      "skip_reason": "warm_walk_only_in_a2_mode"
    },
    {
      "v_rhe": 0.1,
      "snes_converged": false,
      "picard_status": "lambda_ramp_not_run",
      "lambda_ramp_skipped": true,
      "skip_reason": "warm_walk_only_in_a2_mode"
    },
    {
      "v_rhe": -0.1,
      "snes_converged": true,
      "picard_status": "converged",
      "cd_mA_cm2": -3.122717400943125,
      "pc_mA_cm2": 1.043467252050807,
      "R_2e_current_nondim": 0.7847319562714833,
      "R_4e_current_nondim": 3.1563933358057703,
      "gross_h2o2_current_mA_cm2": 1.043467252050807,
      "ring_current_ring_basis_mA_cm2": 0.2337366644593808,
      "theta": 0.8609978054837286,
      "gamma_final": 0.040466896857735246,
      "sigma_S_C_per_m2": -0.017148927103272066,
      "sigma_local_clamped_counts_pm2": 1.0703518413233872e-07,
      "pka_shift_avg": -4.8816816115655255e-06,
      "mass_balance_residual_rel": 4.429081215259933e-16,
      "analytic_gamma_rel": 0.0
    }
  ],
  "per_v_lam1_diagnostics": [
    {
      "v_rhe": 0.55,
      "lambda1_rung": null
    },
    {
      "v_rhe": 0.4,
      "lambda1_rung": null
    },
    {
      "v_rhe": 0.2,
      "lambda1_rung": null
    },
    {
      "v_rhe": 0.1,
      "lambda1_rung": null
    },
    {
      "v_rhe": -0.1,
      "ladder_converged": true,
      "exception_phase": null,
      "lambda1_rung": {
        "rung_label": "lambda=1.000e+00",
        "scale": 1.0,
        "lambda_hydrolysis": 1.0,
        "snes_converged": true,
        "gamma_picard_iters": 2,
        "gamma_picard_history": [
          0.040466875924561815,
          0.040466896857735246
        ],
        "gamma_final": 0.040466896857735246,
        "cd_observable": 7.097518627883045,
        "wall_seconds": 8.744615077972412,
        "gamma": 0.040466896857735246,
        "gamma_max": 0.047,
        "theta": 0.8609978054837286,
        "k_hyd": 0.001,
        "k_prot": 0.001,
        "k_des": 1.0,
        "delta_ohp_hat": 4e-06,
        "c_H_boundary_avg": 1.8074774656851107e-08,
        "c_K_boundary_avg": 291.12220131486885,
        "sigma_S_C_per_m2": -0.017148927103272066,
        "sigma_S_counts_per_pm2": -1.0703518413233873e-07,
        "R_2e_current_nondim": 0.7847319562714833,
        "R_4e_current_nondim": 3.1563933358057703,
        "manufactured_run": false,
        "F0_avg": 0.2911254736378184,
        "forward_avg_no_k_hyd": 291.12547363781835,
        "c_H_avg": 1.8074774656851107e-08,
        "pka_shift_avg": -4.8816816115655255e-06,
        "R_forward_capped": 0.040467079715245664,
        "denominator_constant": 0.0,
        "denominator_kdes": 1.0,
        "denominator_kprot": 4.518693664212777e-06,
        "denominator_cap": 6.194159013570604,
        "denominator_total": 7.194163532264268,
        "numerator": 0.2911254736378184,
        "denominator_cap_to_total_ratio": 0.8609978054837286,
        "F0_decomposition": {
          "c_K_avg": 291.12220131486885,
          "pka_factor_avg": 1.0000112405504824,
          "c_K_pka_product_avg": 291.12547363781835,
          "F0_total": 0.2911254736378184,
          "c_K_bulk": 166.58333333333334,
          "F0_counterfactual_c_K_bulk": 0.1665852058217012,
          "F0_counterfactual_no_singh": 0.2911222013148689,
          "amplification_from_c_K": 1.747607011089656,
          "amplification_from_singh": 1.0000112403758104
        },
        "R_4e_decomposition_log": {
          "log_k0": -38.91033172971727,
          "alpha_R4e": 0.5,
          "n_electrons_R4e": 4.0,
          "E_eq_R4e_nondim": 47.8737461166168,
          "bv_exp_scale": 1.0,
          "exponent_clip": 100.0,
          "eta_scaled_raw_avg": -51.21107693903312,
          "eta_scaled_clipped_avg": -51.21107693903312,
          "exponent_clip_active_fraction": 0.0,
          "log_bv_clipped_avg": 102.42215387806624,
          "ln_c_H_avg": -17.8287781743181,
          "ln_c_H_ratio_avg": -15.3438715245301,
          "n_e_log_c_H_factor_avg": -61.3754860981204,
          "c_H_ref_nondim": 0.08333333333333334,
          "log_R4e_predicted": 2.1363360502285715,