{
  "factor": 1e-06,
  "k0_targets": {
    "0": 0.0012631578947368421,
    "1": 1.263157894736842e-09
  },
  "v_rhe": [
    -0.4,
    -0.3604,
    -0.3208,
    -0.2812,
    -0.2417,
    -0.2021,
    -0.1625,
    -0.1229,
    -0.0833,
    -0.0437,
    -0.0042,
    0.0354,
    0.075,
    0.1146,
    0.1542,
    0.1938,
    0.2333,
    0.2729,
    0.3125,
    0.3521,
    0.3917,
    0.4313,
    0.4708,
    0.5104,
    0.55
  ],
  "phi_applied_hat": [
    -15.568697924103027,
    -14.027396829616826,
    -12.486095735130625,
    -10.944794640644428,
    -9.407385720639253,
    -7.866084626153054,
    -6.324783531666855,
    -4.783482437180655,
    -3.242181342694455,
    -1.7008802482082557,
    -0.16347132820308177,
    1.3778297662831178,
    2.919130860769317,
    4.460431955255516,
    6.001733049741716,
    7.543034144227916,
    9.08044306423309,
    10.621744158719288,
    12.163045253205489,
    13.70434634769169,
    15.245647442177887,
    16.786948536664088,
    18.32435745666926,
    19.86565855115546,
    21.406959645641663
  ],
  "cd_mA_cm2": [
    -0.08984589072221247,
    -0.0898458587541408,
    -0.08984582182092754,
    -0.08984577924219661,
    -0.08984573050684723,
    -0.08984567493645736,
    -0.08984561269589997,
    -0.08984554664815715,
    -0.08984547338320997,
    -0.08984539690231547,
    -0.08984531930884165,
    -0.08984524250360391,
    -0.08984516734912358,
    -0.08984509349192649,
    -0.0898450187157657,
    -0.08984493768519665,
    -0.0898448393781869,
    -0.08984469927365085,
    -0.0898444662332521,
    -0.08984402720088938,
    -0.08984312944517764,
    -0.08984119770402185,
    -0.08983692194092947,
    -0.08982683733781417,
    -0.08980429178222721
  ],
  "pc_mA_cm2": [
    -0.0001271517984027413,
    -9.004836922340286e-05,
    -6.389385023342816e-05,
    -4.542536603100146e-05,
    -3.238472802046843e-05,
    -2.3106835642516577e-05,
    -1.6507097792108144e-05,
    -1.1798156747009635e-05,
    -8.42856907524606e-06,
    -6.012128021693389e-06,
    -4.281420224185055e-06,
    -3.0364852760352963e-06,
    -2.1457177697846558e-06,
    -1.5105650070680678e-06,
    -1.0595150597358053e-06,
    -7.405630222934206e-07,
    -5.164297846881219e-07,
    -3.5873756836091075e-07,
    -2.4852182533142383e-07,
    -1.7174211889466794e-07,
    -1.1841399751203243e-07,
    -8.147171916165244e-08,
    -5.598708810450394e-08,
    -3.832692192218993e-08,
    -2.606532250352593e-08
  ],
  "converged": [
    true,
    true,
    true,
    true,
    true,
    true,
    true,
    true,
    true,
    true,
    true,
    true,
    true,
    true,
    true,
    true,
    true,
    true,
    true,
    true,
    true,
    true,
    true,
    true,
    true
  ],
  "method": [
    "warm<--14.027",
    "warm<--12.486",
    "warm<--10.945",
    "warm<--9.407",
    "warm<--7.866",
    "warm<--6.325",
    "warm<--4.783",
    "warm<--3.242",
    "warm<--1.701",
    "warm<--0.163",
    "warm<-+1.378",
    "warm<-+2.919",
    "warm<-+4.460",
    "warm<-+6.002",
    "warm<-+7.543",
    "warm<-+9.080",
    "warm<-+10.622",
    "warm<-+12.163",
    "warm<-+13.704",
    "warm<-+15.246",
    "warm<-+16.787",
    "warm<-+18.324",
    "warm<-+19.866",
    "warm<-+21.407",
    "warm<-+21.407"
  ],
  "n_converged": 25,
  "n_total": 25,
  "anchor": {
    "v_rhe": 0.55,
    "phi_applied_eta": 21.406959645641663,
    "stern_anchor_f_m2": 0.1,
    "stern_baseline_f_m2": 0.2,
    "converged": true,
    "wall_seconds": 20.631428718566895,
    "ladder_history": [
      [
        1e-12,
        "ok"
      ],
      [
        1e-09,
        "ok"
      ],
      [
        1e-06,
        "ok"
      ],
      [
        0.001,
        "ok"
      ],
      [
        1.0,
        "ok"
      ]
    ]
  },
  "grid_wall_seconds": 361.4321029186249,
  "config": {
    "K0_R4e_factor": 1e-06,
    "K0_R2e_basis_m_s": 2.4e-08,
    "alpha_R2e": 0.627,
    "alpha_R4e": 0.5,
    "E_eq_R2e_V": 0.695,
    "E_eq_R4e_V": 1.23,
    "n_electrons_R2e": 2,
    "n_electrons_R4e": 4,
    "stern_anchor_f_m2": 0.1,
    "stern_baseline_f_m2": 0.2,
    "l_eff_m": 0.0001,
    "mesh_Nx": 8,
    "mesh_Ny": 80,
    "mesh_beta": 3.0,
    "exponent_clip": 100.0,
    "u_clamp": 100.0,
    "n_substeps_warm": 8,
    "bisect_depth_warm": 5,
    "initializer": "debye_boltzmann",
    "formulation": "logc_muh",
    "v_rhe_grid_n": 25,
    "v_rhe_grid_min": -0.4,
    "v_rhe_grid_max": 0.55,
    "anchor_v_rhe": 0.55,
    "counterions": [
      "Cs+",
      "SO4(2-)"
    ],
    "a_vals_hat_dynamic": {
      "O2_r_A": 1.7,
      "H2O2_r_A": 2.0,
      "Hp_r_A_H3Op_Stokes": 2.8,
      "O2_a_nondim": 1.487193648106637e-05,
      "H2O2_a_nondim": 2.4216464858239555e-05,
      "Hp_a_nondim": 6.644997957100934e-05
    },
    "enable_water_ionization": false,
    "enable_cation_hydrolysis": false,
    "lambda_hydrolysis": 0.0
  }
}