V_RHE,observable,param,adjoint,fd,rel_err,verdict
0.3,cd,log_k0_1,-3.762783215528972e-06,-1.881591662609061e-06,0.999787355728078,FAIL
0.3,cd,log_k0_2,-9.404868086408577e-13,-1.7319217559190364e-05,0.9999999456969229,FAIL
0.3,cd,alpha_1,-0.0001113051069492657,-5.565854309503733e-05,0.999784772648675,FAIL
0.3,cd,alpha_2,-9.404868015650118e-11,2.8619955153897942e-08,1.0032861225550764,FAIL
0.3,pc,log_k0_1,-8.033100175177583e-13,-1.881591662607367e-06,0.9999995730688898,FAIL
0.3,pc,log_k0_2,9.387109690313053e-13,1.731921755918867e-05,0.9999999457994586,FAIL
0.3,pc,alpha_1,-2.37623329115053e-11,-5.565854309505427e-05,0.999999573069441,FAIL
0.3,pc,alpha_2,9.387109602207359e-11,-2.8620126796654374e-08,1.003279897978406,FAIL
