phi_applied,flux_noisy
-1,-0.002471174173561082
-2,-0.04050207519264529
-3,-0.09800462749206122
-4,-0.1325785096387847
-5,-0.1573109338782918
-6.5,-0.1728606401049697
-8,-0.1773066029381672
-10,-0.1848407517819124
-11.5,-0.1777108221167215
-13,-0.1839499769556081
