{
  "factor": 1e-17,
  "k0_targets": {
    "0": 0.0012631578947368421,
    "1": 1.2631578947368423e-20
  },
  "v_rhe": [
    -0.4,
    -0.3604,
    -0.3208,
    -0.2812,
    -0.2417,
    -0.2021,
    -0.1625,
    -0.1229,
    -0.0833,
    -0.0437,
    -0.0042,
    0.0354,
    0.075,
    0.1146,
    0.1542,
    0.1938,
    0.2333,
    0.2729,
    0.3125,
    0.3521,
    0.3917,
    0.4313,
    0.4708,
    0.5104,
    0.55
  ],
  "phi_applied_hat": [
    -15.568697924103027,
    -14.027396829616826,
    -12.486095735130625,
    -10.944794640644428,
    -9.407385720639253,
    -7.866084626153054,
    -6.324783531666855,
    -4.783482437180655,
    -3.242181342694455,
    -1.7008802482082557,
    -0.16347132820308177,
    1.3778297662831178,
    2.919130860769317,
    4.460431955255516,
    6.001733049741716,
    7.543034144227916,
    9.08044306423309,
    10.621744158719288,
    12.163045253205489,
    13.70434634769169,
    15.245647442177887,
    16.786948536664088,
    18.32435745666926,
    19.86565855115546,
    21.406959645641663
  ],
  "cd_mA_cm2": [
    -0.0898457009738919,
    -0.08984566936780015,
    -0.08984563285801198,
    -0.08984559066976378,
    -0.08984554075881965,
    -0.08984548532498117,
    -0.08984542291826401,
    -0.08984535337158571,
    -0.08984527604876316,
    -0.08984518750238253,
    -0.08984507549618999,
    -0.08984490173375013,
    -0.08984456229911476,
    -0.08984377903163289,
    -0.08984181448669909,
    -0.08983675152601904,
    -0.0898238449928521,
    -0.08979151954590395,
    -0.08971273198132676,
    -0.08952483994876839,
    -0.08908429950620546,
    -0.08806574231181688,
    -0.08575281766675666,
    -0.08057954783222684,
    -0.06947979819931402
  ],
  "pc_mA_cm2": [
    -0.08984519549447749,
    -0.08984466109999598,
    -0.0898436296546492,
    -0.0898416268728432,
    -0.08983774164217298,
    -0.08983016716952749,
    -0.08981541590791216,
    -0.08978665003516438,
    -0.0897304009390933,
    -0.08961999128869766,
    -0.08940327543616038,
    -0.08897544994393793,
    -0.08813800380030731,
    -0.08653226464728674,
    -0.08358730600993712,
    -0.07859734871347487,
    -0.0711057561791427,
    -0.061326508919926484,
    -0.05034308400459922,
    -0.039505530117520435,
    -0.02984276837465467,
    -0.02183915651929734,
    -0.01554348606174523,
    -0.010698781912114898,
    -0.006988628826725588
  ],
  "converged": [
    true,
    true,
    true,
    true,
    true,
    true,
    true,
    true,
    true,
    true,
    true,
    true,
    true,
    true,
    true,
    true,
    true,
    true,
    true,
    true,
    true,
    true,
    true,
    true,
    true
  ],
  "method": [
    "warm<--14.027",
    "warm<--12.486",
    "warm<--10.945",
    "warm<--9.407",
    "warm<--7.866",
    "warm<--6.325",
    "warm<--4.783",
    "warm<--3.242",
    "warm<--1.701",
    "warm<--0.163",
    "warm<-+1.378",
    "warm<-+2.919",
    "warm<-+4.460",
    "warm<-+6.002",
    "warm<-+7.543",
    "warm<-+9.080",
    "warm<-+10.622",
    "warm<-+12.163",
    "warm<-+13.704",
    "warm<-+15.246",
    "warm<-+16.787",
    "warm<-+18.324",
    "warm<-+19.866",
    "warm<-+21.407",
    "warm<-+21.407"
  ],
  "n_converged": 25,
  "n_total": 25,
  "anchor": {
    "v_rhe": 0.55,
    "phi_applied_eta": 21.406959645641663,
    "stern_mode": "two_stage",
    "stern_anchor_f_m2": 0.1,
    "stern_baseline_f_m2": 0.2,
    "converged": true,
    "wall_seconds": 19.52116107940674,
    "ladder_history": [
      [
        1e-12,
        "ok"
      ],
      [
        1e-09,
        "ok"
      ],
      [
        1e-06,
        "ok"
      ],
      [
        0.001,
        "ok"
      ],
      [
        1.0,
        "fail"
      ],
      [
        0.03162277660168379,
        "ok"
      ],
      [
        1.0,
        "ok"
      ]
    ]
  },
  "grid_wall_seconds": 564.7584578990936,
  "config": {
    "K0_R4e_factor": 1e-17,
    "K0_R2e_basis_m_s": 2.4e-08,
    "alpha_R2e": 0.627,
    "alpha_R4e": 0.5,
    "E_eq_R2e_V": 0.695,
    "E_eq_R4e_V": 1.23,
    "n_electrons_R2e": 2,
    "n_electrons_R4e": 4,
    "stern_mode": "two_stage",
    "stern_anchor_f_m2": 0.1,
    "stern_baseline_f_m2": 0.2,
    "l_eff_m": 0.0001,
    "mesh_Nx": 8,
    "mesh_Ny": 80,
    "mesh_beta": 3.0,
    "exponent_clip": 100.0,
    "u_clamp": 100.0,
    "n_substeps_warm": 8,
    "bisect_depth_warm": 5,
    "initializer": "debye_boltzmann",
    "formulation": "logc_muh",
    "v_rhe_grid_n": 25,
    "v_rhe_grid_min": -0.4,
    "v_rhe_grid_max": 0.55,
    "anchor_v_rhe": 0.55,
    "counterions": [
      "Cs+",
      "SO4(2-)"
    ],
    "a_vals_hat_dynamic": {
      "O2_r_A": 1.7,
      "H2O2_r_A": 2.0,
      "Hp_r_A_H3Op_Stokes": 2.8,
      "O2_a_nondim": 1.487193648106637e-05,
      "H2O2_a_nondim": 2.4216464858239555e-05,
      "Hp_a_nondim": 6.644997957100934e-05
    },
    "enable_water_ionization": false,
    "enable_cation_hydrolysis": false,
    "lambda_hydrolysis": 0.0
  }
}