{
 "n": 19,
 "x": [
  -3.367909370567218,
  -14.106434056267199,
  0.5770144526758703,
  0.304853786169721
 ],
 "J": 42.35031907833107,
 "grad": [
  12.10043374623375,
  6.576812596150913,
  -2921.885383519981,
  6587.850772028795
 ],
 "wall_seconds": 784.8908839225769,
 "info": {
  "n_used": 11,
  "n_converged": 13
 },
 "pc_model": {
  "-0.2417": -0.16813906960253144,
  "-0.1625": -0.20097626260000168,
  "-0.0833": -0.23952834581123378,
  "-0.0042": -0.28444657123109646,
  "0.075": -0.3365115612957478,
  "0.1542": -0.39540826773724685,
  "0.2333": -0.432307168642509,
  "0.3125": -0.1685380645689921,
  "0.3917": -0.009658804899318406,
  "0.4708": -0.0004069732117883553,
  "0.55": -1.748629982936495e-05
 }
}