{
 "n": 20,
 "x": [
  -3.3678915680066237,
  -14.106478088965712,
  0.5770144526758703,
  0.304853786169721
 ],
 "J": 42.35026233969018,
 "grad": [
  12.674066246318228,
  6.0166677616319,
  -2911.7255741208965,
  6547.61932500935
 ],
 "wall_seconds": 753.3041620254517,
 "info": {
  "n_used": 11,
  "n_converged": 13
 },
 "pc_model": {
  "-0.2417": -0.1681616018920676,
  "-0.1625": -0.20100286643561252,
  "-0.0833": -0.23955959260339493,
  "-0.0042": -0.2844830407120441,
  "0.075": -0.3365538302425479,
  "0.1542": -0.3954566798586416,
  "0.2333": -0.43235638669092596,
  "0.3125": -0.16854888526927075,
  "0.3917": -0.00965921135393522,
  "0.4708": -0.0004069899099155006,
  "0.55": -1.7487016663569356e-05
 }
}