{
 "n": 4,
 "x": [
  -3.584590625003555,
  -13.71484295122676,
  0.5770144526758703,
  0.304853786169721
 ],
 "J": 640.2652242741887,
 "grad": [
  -1003.0150861204155,
  995.4591845094732,
  -18881.862721082758,
  73594.96712438573
 ],
 "wall_seconds": 573.904107093811,
 "info": {
  "n_used": 11,
  "n_converged": 13
 },
 "pc_model": {
  "-0.2417": -0.043360743264750395,
  "-0.1625": -0.05230302560512815,
  "-0.0833": -0.06301261778607897,
  "-0.0042": -0.07578783413024781,
  "0.075": -0.09101569135301023,
  "0.1542": -0.10896972603320482,
  "0.2333": -0.12608482869001822,
  "0.3125": -0.07598434809090837,
  "0.3917": -0.005770091888767723,
  "0.4708": -0.00024696675765687115,
  "0.55": -1.061715132132853e-05
 }
}