{
 "n": 25,
 "x": [
  -3.3683453826889127,
  -14.108220567711253,
  0.5770144526758703,
  0.304853786169721
 ],
 "J": 42.34137767044405,
 "grad": [
  24.503677596914986,
  -5.510714076739261,
  -2701.375791224105,
  5717.8060757381845
 ],
 "wall_seconds": 749.6962690353394,
 "info": {
  "n_used": 11,
  "n_converged": 13
 },
 "pc_model": {
  "-0.2417": -0.16863182590790793,
  "-0.1625": -0.20155803931920496,
  "-0.0833": -0.2402116280353708,
  "-0.0042": -0.28524402079847605,
  "0.075": -0.3374357247839358,
  "0.1542": -0.39646490454984734,
  "0.2333": -0.43332619380641174,
  "0.3125": -0.16855384048840233,
  "0.3917": -0.00964962515593253,
  "0.4708": -0.0004065656025016586,
  "0.55": -1.7468754382772514e-05
 }
}