{
 "n": 16,
 "x": [
  -3.368539173429527,
  -14.10529385414052,
  0.5770144526758703,
  0.304853786169721
 ],
 "J": 42.36448541923187,
 "grad": [
  -4.265209007614107,
  22.561284353062607,
  -3211.560624944384,
  7735.5106091533235
 ],
 "wall_seconds": 702.5982420444489,
 "info": {
  "n_used": 11,
  "n_converged": 13
 },
 "pc_model": {
  "-0.2417": -0.16749529238407723,
  "-0.1625": -0.20021611916340262,
  "-0.0833": -0.23863548983533248,
  "-0.0042": -0.283404411246713,
  "0.075": -0.33530357459253435,
  "0.1542": -0.39402433427180433,
  "0.2333": -0.43089194912235457,
  "0.3125": -0.16819642248377267,
  "0.3917": -0.009644548518750897,
  "0.4708": -0.0004063830867650214,
  "0.55": -1.746095947239517e-05
 }
}