{
 "n": 22,
 "x": [
  -3.3678592872495905,
  -14.106647593197435,
  0.5770144526758703,
  0.304853786169721
 ],
 "J": 42.34983626738455,
 "grad": [
  14.542070165888758,
  4.193329306981837,
  -2878.6148621389243,
  6416.602823792951
 ],
 "wall_seconds": 749.0142939090729,
 "info": {
  "n_used": 11,
  "n_converged": 13
 },
 "pc_model": {
  "-0.2417": -0.16823515047598261,
  "-0.1625": -0.20108970451849612,
  "-0.0833": -0.2396615850136329,
  "-0.0042": -0.2846020792806187,
  "0.075": -0.33669179558010304,
  "0.1542": -0.39561463915188455,
  "0.2333": -0.4325152550744273,
  "0.3125": -0.16857730186392925,
  "0.3917": -0.0096599725392438,
  "0.4708": -0.00040702022552853694,
  "0.55": -1.7488316603866973e-05
 }
}