{
 "n": 10,
 "x": [
  -3.4442846839694456,
  -13.96840032448571,
  0.5770144526758703,
  0.304853786169721
 ],
 "J": 186.97253687218742,
 "grad": [
  -1101.0641890186382,
  1094.7926140559555,
  -22044.59739896163,
  83549.8072933863
 ],
 "wall_seconds": 592.4250361919403,
 "info": {
  "n_used": 11,
  "n_converged": 13
 },
 "pc_model": {
  "-0.2417": -0.10503507828565335,
  "-0.1625": -0.12612629396023564,
  "-0.0833": -0.15113739627041103,
  "-0.0042": -0.18062386799325592,
  "0.075": -0.2152801160521114,
  "0.1542": -0.25527867347980815,
  "0.2333": -0.28610637696873714,
  "0.3125": -0.1302776531928653,
  "0.3917": -0.008069037794801939,
  "0.4708": -0.00034129613618916926,
  "0.55": -1.4666299718620158e-05
 }
}