{
 "n": 21,
 "x": [
  -3.3678759469453405,
  -14.106532250917498,
  0.5770144526758703,
  0.304853786169721
 ],
 "J": 42.35015659478024,
 "grad": [
  13.320750926879407,
  5.385316949615345,
  -2900.26744282339,
  6502.263539937615
 ],
 "wall_seconds": 755.8678002357483,
 "info": {
  "n_used": 11,
  "n_converged": 13
 },
 "pc_model": {
  "-0.2417": -0.16818703368222682,
  "-0.1625": -0.2010328936023747,
  "-0.0833": -0.23959486002943733,
  "-0.0042": -0.28452420264488265,
  "0.075": -0.33660153732186726,
  "0.1542": -0.39551131055093924,
  "0.2333": -0.4324116290537763,
  "0.3125": -0.16855990323017964,
  "0.3917": -0.009659572194848361,
  "0.4708": -0.0004070045686316869,
  "0.55": -1.748764569172064e-05
 }
}