{
 "n": 7,
 "x": [
  -3.5461128402442808,
  -13.784379037585449,
  0.5770144526758703,
  0.304853786169721
 ],
 "J": 525.2569182114447,
 "grad": [
  -1132.5066426123876,
  1123.6766125668119,
  -21491.71124456219,
  83420.84476142855
 ],
 "wall_seconds": 584.2171907424927,
 "info": {
  "n_used": 11,
  "n_converged": 13
 },
 "pc_model": {
  "-0.2417": -0.05536730093377658,
  "-0.1625": -0.06672697237904121,
  "-0.0833": -0.08030545330972552,
  "-0.0042": -0.0964655588466039,
  "0.075": -0.11567466446950454,
  "0.1542": -0.13822457872507252,
  "0.2333": -0.1587951420257817,
  "0.3125": -0.08888438723068207,
  "0.3917": -0.006330939791403547,
  "0.4708": -0.00026988585802232315,
  "0.55": -1.1600803191389961e-05
 }
}