{
 "n": 14,
 "x": [
  -3.387678909760205,
  -14.070697847707892,
  0.5770144526758703,
  0.304853786169721
 ],
 "J": 55.141522874685556,
 "grad": [
  -433.18728691242563,
  441.64767779875166,
  -10748.378856836214,
  37713.439971205946
 ],
 "wall_seconds": 848.4290051460266,
 "info": {
  "n_used": 11,
  "n_converged": 13
 },
 "pc_model": {
  "-0.2417": -0.14901854101442777,
  "-0.1625": -0.1783692540944827,
  "-0.0833": -0.2129324392136806,
  "-0.0042": -0.25334599701828836,
  "0.075": -0.3003848776655015,
  "0.1542": -0.35391301074791437,
  "0.2333": -0.3896365118077065,
  "0.3125": -0.1580270301638246,
  "0.3917": -0.009220799864675208,
  "0.4708": -0.0003888509771442568,
  "0.55": -1.6708133296207317e-05
 }
}