{
 "n": 2,
 "x": [
  -3.611498322823467,
  -13.66621603543562,
  0.5770144526758703,
  0.304853786169721
 ],
 "J": 711.908391142368,
 "grad": [
  -902.5602999053535,
  895.9735807637315,
  -16919.382444046576,
  66095.47881728991
 ],
 "wall_seconds": 571.5108740329742,
 "info": {
  "n_used": 11,
  "n_converged": 13
 },
 "pc_model": {
  "-0.2417": -0.036527136041089286,
  "-0.1625": -0.044082203863471066,
  "-0.0833": -0.053140390092074705,
  "-0.0042": -0.06395993300163355,
  "0.075": -0.07687720790312869,
  "0.1542": -0.0921456061228271,
  "0.2333": -0.10708696156526122,
  "0.3125": -0.06781358708573389,
  "0.3917": -0.005405309744093211,
  "0.4708": -0.0002321021449221109,
  "0.55": -9.979263062613068e-06
 }
}