{
 "n": 8,
 "x": [
  -3.5366301655291936,
  -13.801515889200607,
  0.5770144526758703,
  0.304853786169721
 ],
 "J": 494.90560475676045,
 "grad": [
  -1158.9007653085346,
  1149.822336335016,
  -22047.39524895654,
  85471.79790805311
 ],
 "wall_seconds": 624.3859121799469,
 "info": {
  "n_used": 11,
  "n_converged": 13
 },
 "pc_model": {
  "-0.2417": -0.058795107197101404,
  "-0.1625": -0.0708402765732663,
  "-0.0833": -0.08523021892510362,
  "-0.0042": -0.1023448152356633,
  "0.075": -0.1226724337540956,
  "0.1542": -0.14650633160908047,
  "0.2333": -0.16798437568653943,
  "0.3125": -0.092288991764251,
  "0.3917": -0.006476667488513442,
  "0.4708": -0.00027585248376204284,
  "0.55": -1.1856902079400545e-05
 }
}