{
 "n": 33,
 "x": [
  -3.943592672187639,
  -14.747250502195902,
  0.5770144526758703,
  0.304853786169721
 ],
 "J": 35.61890459660106,
 "grad": [
  469.23597069661935,
  -420.3625275733746,
  6468.804861038619,
  -26842.935964743767
 ],
 "wall_seconds": 760.4449427127838,
 "info": {
  "n_used": 11,
  "n_converged": 13
 },
 "pc_model": {
  "-0.2417": -0.19350224360501944,
  "-0.1625": -0.23086755729862188,
  "-0.0833": -0.2745607194072313,
  "-0.0042": -0.3252295592793699,
  "0.075": -0.3835508326142726,
  "0.1542": -0.44576473285594626,
  "0.2333": -0.39956572665147577,
  "0.3125": -0.05878836502434451,
  "0.3917": -0.0025966148801001136,
  "0.4708": -0.00010816099632486772,
  "0.55": -4.645384733414838e-06
 }
}