{
 "n": 3,
 "x": [
  -1.3057491614117336,
  -17.83310801771781,
  0.5770144526758703,
  0.304853786169721
 ],
 "J": 85372.02822016494,
 "grad": [
  5910.378420123739,
  -7.064911102121503,
  48806.9859491248,
  -577.1625847283751
 ],
 "wall_seconds": 620.7646450996399,
 "info": {
  "n_used": 11,
  "n_converged": 13
 },
 "pc_model": {
  "-0.2417": -2.8568730276901437,
  "-0.1625": -2.8568866322016517,
  "-0.0833": -2.8568979150935383,
  "-0.0042": -2.856906702987739,
  "0.075": -2.8568986494253163,
  "0.1542": -2.856488427835202,
  "0.2333": -2.845686503511978,
  "0.3125": -2.59434868753026,
  "0.3917": -0.8104121450136128,
  "0.4708": -0.046224335703829666,
  "0.55": -0.002016322894843109
 }
}