{
 "n": 29,
 "x": [
  -3.4109793615414126,
  -14.160636370854357,
  0.5770144526758703,
  0.304853786169721
 ],
 "J": 41.90285245663221,
 "grad": [
  108.16084030685903,
  -85.67915899471426,
  -1169.4309779238026,
  -154.5414962192557
 ],
 "wall_seconds": 723.6730787754059,
 "info": {
  "n_used": 11,
  "n_converged": 13
 },
 "pc_model": {
  "-0.2417": -0.17224152169495352,
  "-0.1625": -0.20581858950067478,
  "-0.0833": -0.24521378922942783,
  "-0.0042": -0.29107952678187216,
  "0.075": -0.34419273787673715,
  "0.1542": -0.4040926660810586,
  "0.2333": -0.43779884914979633,
  "0.3125": -0.15819965750759388,
  "0.3917": -0.008762136833507746,
  "0.4708": -0.0003685729443028031,
  "0.55": -1.5835397119553604e-05
 }
}