{
 "n": 15,
 "x": [
  -3.363851690661254,
  -14.113765898431712,
  0.5770144526758703,
  0.304853786169721
 ],
 "J": 42.95650922363413,
 "grad": [
  121.08411450977087,
  -99.85830623052749,
  -989.605363487325,
  -1060.6103299837607
 ],
 "wall_seconds": 708.5329790115356,
 "info": {
  "n_used": 11,
  "n_converged": 13
 },
 "pc_model": {
  "-0.2417": -0.17233739318016114,
  "-0.1625": -0.20593171298278465,
  "-0.0833": -0.24534656046695197,
  "-0.0042": -0.29123444760918127,
  "0.075": -0.3443751226940979,
  "0.1542": -0.4044111904826066,
  "0.2333": -0.4415010021309226,
  "0.3125": -0.17074809436216928,
  "0.3917": -0.009751137485321705,
  "0.4708": -0.0004107958192303706,
  "0.55": -1.7650446115676032e-05
 }
}