{
 "n": 0,
 "x": [
  -3.683,
  -13.537,
  0.5770144526758703,
  0.304853786169721
 ],
 "J": 866.0034195039566,
 "grad": [
  -645.7088586963284,
  641.3914320878126,
  -12010.55574161224,
  47124.89699538331
 ],
 "wall_seconds": 717.2401340007782,
 "info": {
  "n_used": 11,
  "n_converged": 13
 },
 "pc_model": {
  "-0.2417": -0.023118395240011885,
  "-0.1625": -0.0279275351728172,
  "-0.0833": -0.03370597191099478,
  "-0.0042": -0.04062595517518713,
  "0.075": -0.0489136403056538,
  "0.1542": -0.058760285873422746,
  "0.2333": -0.06894335103644454,
  "0.3125": -0.04930871758366818,
  "0.3917": -0.004534696190330133,
  "0.4708": -0.00019679158840555625,
  "0.55": -8.464293097877275e-06
 }
}