{
 "n": 30,
 "x": [
  -3.496216678268511,
  -14.256142002512338,
  0.5770144526758703,
  0.304853786169721
 ],
 "J": 41.02315300015467,
 "grad": [
  188.3467966574649,
  -160.39472433214644,
  367.8988364911499,
  -5788.641684058687
 ],
 "wall_seconds": 801.6996448040009,
 "info": {
  "n_used": 11,
  "n_converged": 13
 },
 "pc_model": {
  "-0.2417": -0.1761084607274968,
  "-0.1625": -0.21038029211546433,
  "-0.0833": -0.25056611198848905,
  "-0.0042": -0.2973187953611481,
  "0.075": -0.3514072465524127,
  "0.1542": -0.41208929805116046,
  "0.2333": -0.4383527267220261,
  "0.3125": -0.13765161178046942,
  "0.3917": -0.007219880233780783,
  "0.4708": -0.00030292027042310506,
  "0.55": -1.3013473357052632e-05
 }
}