{
 "n": 27,
 "x": [
  -3.3730777007703168,
  -14.115366473281956,
  0.5770144526758703,
  0.304853786169721
 ],
 "J": 42.2883834725995,
 "grad": [
  46.06839713475602,
  -26.404071984570965,
  -2313.847575223012,
  4204.522806716521
 ],
 "wall_seconds": 652.474760055542,
 "info": {
  "n_used": 11,
  "n_converged": 13
 },
 "pc_model": {
  "-0.2417": -0.16951584412890233,
  "-0.1625": -0.20260165853499518,
  "-0.0833": -0.24143718896903454,
  "-0.0042": -0.28667415427380205,
  "0.075": -0.33909260523245827,
  "0.1542": -0.3983502558563361,
  "0.2333": -0.434874346475083,
  "0.3125": -0.16752333306103673,
  "0.3917": -0.009547277183660864,
  "0.4708": -0.0004021628864776373,
  "0.55": -1.7279443718907776e-05
 }
}