{
 "n": 24,
 "x": [
  -3.3679639178850356,
  -14.107292183705367,
  0.5770144526758703,
  0.304853786169721
 ],
 "J": 42.34691276379875,
 "grad": [
  19.511740644084128,
  -0.6519436283811152,
  -2790.334008869206,
  6068.009168555247
 ],
 "wall_seconds": 769.7202129364014,
 "info": {
  "n_used": 11,
  "n_converged": 13
 },
 "pc_model": {
  "-0.2417": -0.16843210874779602,
  "-0.1625": -0.2013222466407358,
  "-0.0833": -0.23993470233875488,
  "-0.0042": -0.2849208342654176,
  "0.075": -0.33706120893395164,
  "0.1542": -0.39603716252656124,
  "0.2333": -0.4329274409870566,
  "0.3125": -0.1686022784001865,
  "0.3917": -0.00965782674254418,
  "0.4708": -0.0004069224483330926,
  "0.55": -1.7484104231173826e-05
 }
}