{
 "n": 31,
 "x": [
  -3.8859777566852114,
  -14.684284930652229,
  0.5770144526758703,
  0.304853786169721
 ],
 "J": 36.26578718615932,
 "grad": [
  441.1014323013221,
  -392.28332358090114,
  5772.554379103086,
  -24438.595685446715
 ],
 "wall_seconds": 720.9293687343597,
 "info": {
  "n_used": 11,
  "n_converged": 13
 },
 "pc_model": {
  "-0.2417": -0.19129148851697805,
  "-0.1625": -0.22826648593658508,
  "-0.0833": -0.27151828918677556,
  "-0.0042": -0.3216960532377633,
  "0.075": -0.379495186291255,
  "0.1542": -0.44176285203203086,
  "0.2333": -0.40859447323202797,
  "0.3125": -0.06614905844741524,
  "0.3917": -0.0029633063201459663,
  "0.4708": -0.00012350276012254927,
  "0.55": -5.3044000071378895e-06
 }
}