{
 "n": 28,
 "x": [
  -3.382991668993695,
  -14.127880003205432,
  0.5770144526758703,
  0.304853786169721
 ],
 "J": 42.185834930790456,
 "grad": [
  68.54648601758993,
  -48.01378247204557,
  -1904.3746545418437,
  2626.657491910511
 ],
 "wall_seconds": 712.9262509346008,
 "info": {
  "n_used": 11,
  "n_converged": 13
 },
 "pc_model": {
  "-0.2417": -0.1704728351350746,
  "-0.1625": -0.2037312744110501,
  "-0.0833": -0.24276353092134356,
  "-0.0042": -0.2882215996894241,
  "0.075": -0.3408847114239786,
  "0.1542": -0.4003777702276414,
  "0.2333": -0.43619150366564224,
  "0.3125": -0.16512941158189248,
  "0.3917": -0.009335654600197833,
  "0.4708": -0.00039309230877757143,
  "0.55": -1.688947043745265e-05
 }
}