{
 "n": 5,
 "x": [
  -3.5555306896366514,
  -13.767359336665603,
  0.5770144526758703,
  0.304853786169721
 ],
 "J": 554.6727701273064,
 "grad": [
  -1103.5932192492862,
  1095.0444294598067,
  -20896.034664152216,
  81200.7994128244
 ],
 "wall_seconds": 580.8952629566193,
 "info": {
  "n_used": 11,
  "n_converged": 13
 },
 "pc_model": {
  "-0.2417": -0.052157066519574455,
  "-0.1625": -0.06287287728620657,
  "-0.0833": -0.07568835079603317,
  "-0.0042": -0.09094978163072825,
  "0.075": -0.10910411023333871,
  "0.1542": -0.1304403064074798,
  "0.2333": -0.15013003798233437,
  "0.3125": -0.08559208881639895,
  "0.3917": -0.006189213399689419,
  "0.4708": -0.00026408738902651725,
  "0.55": -1.135192965465435e-05
 }
}