{
 "n": 12,
 "x": [
  -3.3909134777781587,
  -14.06485142805113,
  0.5770144526758703,
  0.304853786169721
 ],
 "J": 59.397537839665034,
 "grad": [
  -493.6074970720425,
  500.7073700894073,
  -11799.552595071093,
  41916.84604951004
 ],
 "wall_seconds": 790.8798031806946,
 "info": {
  "n_used": 11,
  "n_converged": 13
 },
 "pc_model": {
  "-0.2417": -0.14609263448701437,
  "-0.1625": -0.17490428271880124,
  "-0.0833": -0.20884839990118692,
  "-0.0042": -0.24855970400426816,
  "0.075": -0.2948108157552941,
  "0.1542": -0.3474909009999133,
  "0.2333": -0.38298784858814755,
  "0.3125": -0.15634793442256495,
  "0.3917": -0.009150970602154963,
  "0.4708": -0.0003859635985982184,
  "0.55": -1.6584152576145727e-05
 }
}