{
 "n": 6,
 "x": [
  -2.4306399255241926,
  -15.800233677191706,
  0.5770144526758703,
  0.304853786169721
 ],
 "J": 78398.08899903762,
 "grad": [
  11520.70478628218,
  -9258.944672550597,
  239574.3629688888,
  -756290.2875819653
 ],
 "wall_seconds": 650.5126368999481,
 "info": {
  "n_used": 11,
  "n_converged": 13
 },
 "pc_model": {
  "-0.2417": -2.753960158585971,
  "-0.1625": -2.771303959293189,
  "-0.0833": -2.7857622903457115,
  "-0.0042": -2.7977713220171267,
  "0.075": -2.8075660215805547,
  "0.1542": -2.8104736854147716,
  "0.2333": -2.6833381345262635,
  "0.3125": -1.2114175301280532,
  "0.3917": -0.08243626985156699,
  "0.4708": -0.003519991739360931,
  "0.55": -0.00015133991434527284
 }
}