{
 "n": 9,
 "x": [
  -2.9836350455266927,
  -14.800874783196157,
  0.5770144526758703,
  0.304853786169721
 ],
 "J": 21158.243877936548,
 "grad": [
  51406.696137039246,
  -49455.690793597634,
  1044751.5750222995,
  -3827474.1568239643
 ],
 "wall_seconds": 632.4782600402832,
 "info": {
  "n_used": 11,
  "n_converged": 13
 },
 "pc_model": {
  "-0.2417": -1.2240216843014733,
  "-0.1625": -1.358856256761278,
  "-0.0833": -1.4945346751840092,
  "-0.0042": -1.628375703831184,
  "0.075": -1.7580706172509952,
  "0.1542": -1.8732927545149058,
  "0.2333": -1.7657830441697944,
  "0.3125": -0.4627870947170075,
  "0.3917": -0.02351278184128833,
  "0.4708": -0.0009860510009561641,
  "0.55": -4.236173598484193e-05
 }
}