{
 "n": 11,
 "x": [
  -3.331106552451056,
  -14.172933001624324,
  0.5770144526758703,
  0.304853786169721
 ],
 "J": 100.69990251053808,
 "grad": [
  1260.750101218978,
  -1211.913749740934,
  19472.35103066116,
  -81493.5551212982
 ],
 "wall_seconds": 680.6379849910736,
 "info": {
  "n_used": 11,
  "n_converged": 13
 },
 "pc_model": {
  "-0.2417": -0.20997157570010735,
  "-0.1625": -0.2502182913525816,
  "-0.0833": -0.29715934324274706,
  "-0.0042": -0.3514337454120008,
  "0.075": -0.41378280146928287,
  "0.1542": -0.48342778995640584,
  "0.2333": -0.5212673795705569,
  "0.3125": -0.1892470705292434,
  "0.3917": -0.010527928672038814,
  "0.4708": -0.00044298538123974096,
  "0.55": -1.9032745692384035e-05
 }
}