{
 "n": 26,
 "x": [
  -3.369556376916437,
  -14.110335596332037,
  0.5770144526758703,
  0.304853786169721
 ],
 "J": 42.326797478003755,
 "grad": [
  32.66689194121241,
  -13.43824970425083,
  -2555.296101300751,
  5145.0353619657535
 ],
 "wall_seconds": 682.5171902179718,
 "info": {
  "n_used": 11,
  "n_converged": 13
 },
 "pc_model": {
  "-0.2417": -0.16896243679709375,
  "-0.1625": -0.20194835447053303,
  "-0.0833": -0.2406700112734743,
  "-0.0042": -0.28577894845147334,
  "0.075": -0.3380555385957889,
  "0.1542": -0.39717148928944024,
  "0.2333": -0.4339454259842941,
  "0.3125": -0.16831825008844162,
  "0.3917": -0.009623409909659757,
  "0.4708": -0.0004054345028569073,
  "0.55": -1.7420113639448792e-05
 }
}