{
 "n": 18,
 "x": [
  -3.3679118967846424,
  -14.106428734942243,
  0.5770144526758703,
  0.304853786169721
 ],
 "J": 42.35032378863752,
 "grad": [
  12.02759332101394,
  6.647948008383069,
  -2923.175219620878,
  6592.959349715127
 ],
 "wall_seconds": 757.6982369422913,
 "info": {
  "n_used": 11,
  "n_converged": 13
 },
 "pc_model": {
  "-0.2417": -0.168136210221313,
  "-0.1625": -0.20097288652729556,
  "-0.0833": -0.23952438053073943,
  "-0.0042": -0.28444194316881927,
  "0.075": -0.3365061972364512,
  "0.1542": -0.3954021234985243,
  "0.2333": -0.43230090434656365,
  "0.3125": -0.16853662005622416,
  "0.3917": -0.009658747473512252,
  "0.4708": -0.00040697084271715717,
  "0.55": -1.748619811216959e-05
 }
}