{
 "n": 13,
 "x": [
  -2.3857703463966637,
  -15.881628360411762,
  0.5770144526758703,
  0.304853786169721
 ],
 "J": 79522.0155565628,
 "grad": [
  9207.80330925466,
  -7071.64933430161,
  188199.48844647847,
  -577948.2325831391
 ],
 "wall_seconds": 714.320060968399,
 "info": {
  "n_used": 11,
  "n_converged": 13
 },
 "pc_model": {
  "-0.2417": -2.779235585415004,
  "-0.1625": -2.7924227132826482,
  "-0.0833": -2.8033848241299366,
  "-0.0042": -2.8124673869552854,
  "0.075": -2.8198304489909054,
  "0.1542": -2.8211882071434027,
  "0.2333": -2.7041836814486913,
  "0.3125": -1.2848812402081706,
  "0.3917": -0.09112563099165566,
  "0.4708": -0.0039025949491562,
  "0.55": -0.00016781105905030566
 }
}