{
 "n": 17,
 "x": [
  -3.367930229201427,
  -14.106395005896674,
  0.5770144526758703,
  0.304853786169721
 ],
 "J": 42.35033991833585,
 "grad": [
  11.544121122571992,
  7.120148385272674,
  -2931.734830847811,
  6626.866801933796
 ],
 "wall_seconds": 756.7978591918945,
 "info": {
  "n_used": 11,
  "n_converged": 13
 },
 "pc_model": {
  "-0.2417": -0.16811724192531982,
  "-0.1625": -0.20095049061619863,
  "-0.0833": -0.23949807593297792,
  "-0.0042": -0.2844112417868552,
  "0.075": -0.3364706132571876,
  "0.1542": -0.3953613604995132,
  "0.2333": -0.4322592401324309,
  "0.3125": -0.16852661705494465,
  "0.3917": -0.009658332067822186,
  "0.4708": -0.0004069536530504028,
  "0.55": -1.748545998502558e-05
 }
}