{
 "n": 23,
 "x": [
  -3.3678662493397056,
  -14.106857246911533,
  0.5770144526758703,
  0.304853786169721
 ],
 "J": 42.34904059692099,
 "grad": [
  16.412497409853362,
  2.3687689819555477,
  -2845.4215836499116,
  6285.409006870428
 ],
 "wall_seconds": 750.5927848815918,
 "info": {
  "n_used": 11,
  "n_converged": 13
 },
 "pc_model": {
  "-0.2417": -0.1683090598841948,
  "-0.1625": -0.20117696769150323,
  "-0.0833": -0.23976407540987643,
  "-0.0042": -0.28472169724628216,
  "0.075": -0.33683042777825456,
  "0.1542": -0.39577327436695803,
  "0.2333": -0.43267217352394777,
  "0.3125": -0.16859532031991228,
  "0.3917": -0.009659874622942257,
  "0.4708": -0.0004070137851996203,
  "0.55": -1.748803638483352e-05
 }
}