{
 "n": 1,
 "x": [
  1.0,
  -22.0,
  0.5770144526758703,
  0.304853786169721
 ],
 "J": 122565.65551355854,
 "grad": [
  21735.1864453597,
  -2.664776544765865e-06,
  120855.01322747835,
  -0.00020883182552597945
 ],
 "wall_seconds": 606.8732559680939,
 "info": {
  "n_used": 11,
  "n_converged": 13
 },
 "pc_model": {
  "-0.2417": -2.856947321548763,
  "-0.1625": -2.856948047217976,
  "-0.0833": -2.856948744463101,
  "-0.0042": -2.8569494113798353,
  "0.075": -2.856949974516675,
  "0.1542": -2.8569484824125926,
  "0.2333": -2.856895152469443,
  "0.3125": -2.855521573418342,
  "0.3917": -2.821671286633644,
  "0.4708": -2.195807220818927,
  "0.55": -0.35688962928297185
 }
}