{
 "n": 32,
 "x": [
  -8.0,
  -19.180373480548422,
  0.5770144526758703,
  0.304853786169721
 ],
 "J": 917.6414172749787,
 "grad": [
  3312.7849735688255,
  -3233.133031749562,
  80909.02194858255,
  -274601.6949709959
 ],
 "wall_seconds": 671.7071530818939,
 "info": {
  "n_used": 11,
  "n_converged": 13
 },
 "pc_model": {
  "-0.2417": -0.4212834656706215,
  "-0.1625": -0.4943515937720649,
  "-0.0833": -0.5726527997689698,
  "-0.0042": -0.5379249433990854,
  "0.075": -0.0898653808645949,
  "0.1542": -0.003804449793153289,
  "0.2333": -0.0001465111298242736,
  "0.3125": -5.7161082363415915e-06,
  "0.3917": -2.2888411607169715e-07,
  "0.4708": -9.49996688949254e-09,
  "0.55": -4.079590611957099e-10
 }
}