{
  "config": {
    "V_START": 1.0,
    "V_DOWN": [
      0.95,
      0.9,
      0.85,
      0.8,
      0.75,
      0.72,
      0.7,
      0.69,
      0.685,
      0.68,
      0.66,
      0.64,
      0.62
    ],
    "EXPONENT_CLIP": 100.0,
    "MESH_NY": 200,
    "IC_TRIES": [
      [
        -40.0,
        -14.0
      ],
      [
        -40.0,
        -10.0
      ],
      [
        -35.0,
        -14.0
      ],
      [
        -40.0,
        -20.0
      ],
      [
        -30.0,
        -14.0
      ],
      [
        -45.0,
        -14.0
      ]
    ],
    "k0_hat_r1": 0.0012631578947368421,
    "k0_hat_r2": 5.2631578947368424e-05,
    "alpha_r1": 0.627,
    "alpha_r2": 0.5,
    "E_eq_r1": 0.68,
    "E_eq_r2": 1.78,
    "V_T": 0.02569257891379157,
    "I_SCALE": 0.18332213250999999
  },
  "rows": [
    {
      "v_rhe": 1.0,
      "method": "anodic-cold-failed",
      "newton_converged": false,
      "newton_iters": 1,
      "ic_tries": [
        [
          -40.0,
          -14.0
        ],
        [
          -40.0,
          -10.0
        ],
        [
          -35.0,
          -14.0
        ],
        [
          -40.0,
          -20.0
        ],
        [
          -30.0,
          -14.0
        ],
        [
          -45.0,
          -14.0
        ]
      ],
      "snes_error": "Nonlinear solve failed to converge after 1 nonlinear iterations.\nReason:\n   DIVERGED_DTOL"
    }
  ]
}