{
  "v_rhe": [
    -0.5,
    -0.3,
    -0.1,
    0.0,
    0.1,
    0.3,
    0.5,
    0.55,
    0.6,
    0.65,
    0.66,
    0.68,
    0.7,
    0.75,
    1.0
  ],
  "passes": [
    "4sp_no_stern_clip50",
    "4sp_stern_0p10_clip50"
  ],
  "cs_f_m2": [
    null,
    0.1
  ],
  "mesh_Ny": 200,
  "exponent_clip": 50.0,
  "u_clamp": 100.0,
  "initializer": "debye_boltzmann",
  "steric_cap": 100.0,
  "reports": [
    {
      "label": "4sp_no_stern_clip50",
      "cs_f_m2": null,
      "wall_seconds": 2491.923411130905,
      "v_rhe": [
        -0.5,
        -0.3,
        -0.1,
        0.0,
        0.1,
        0.3,
        0.5,
        0.55,
        0.6,
        0.65,
        0.66,
        0.68,
        0.7,
        0.75,
        1.0
      ],
      "phi_applied_hat": [
        -19.460872405128782,
        -11.676523443077269,
        -3.892174481025757,
        0.0,
        3.892174481025757,
        11.676523443077269,
        19.460872405128782,
        21.406959645641663,
        23.353046886154537,
        25.29913412666742,
        25.688351574769992,
        26.466786470975144,
        27.245221367180292,
        29.191308607693173,
        38.921744810257564
      ],
      "cd_mA_cm2": [
        -0.18432216814991956,
        -0.18251849028600814,
        -0.17912920873991703,
        -0.17487134796106119,
        -0.1636907661494998,
        null,
        null,
        null,
        null,
        null,
        null,
        null,
        null,
        null,
        null
      ],
      "pc_mA_cm2": [
        -0.1815521372906315,
        -0.06542875484902348,
        2.9086560848526485e-06,
        1.5406823541157047e-05,
        1.549942522732082e-05,
        null,
        null,
        null,
        null,
        null,
        null,
        null,
        null,
        null,
        null
      ],
      "converged": [
        true,
        true,
        true,
        true,
        true,
        false,
        false,
        false,
        false,
        false,
        false,
        false,
        false,
        false,
        false
      ],
      "method": [
        "warm<--11.677",
        "warm<--3.892",
        "cold",
        "cold",
        "cold",
        "cold-failed",
        "cold-failed",
        "cold-failed",
        "cold-failed",
        "cold-failed",
        "cold-failed",
        "cold-failed",
        "cold-failed",
        "cold-failed",
        "cold-failed"
      ],
      "z_achieved": [
        1.0,
        1.0,
        1.0,
        1.0,
        1.0,
        0.8500000000000001,
        0.5,
        0.45,
        0.4,
        0.35000000000000003,
        0.4,
        0.4,
        0.35000000000000003,
        0.35000000000000003,
        0.25
      ],
      "n_converged": 5,
      "n_total": 15
    },
    {
      "label": "4sp_stern_0p10_clip50",
      "cs_f_m2": 0.1,
      "wall_seconds": 2896.2938141822815,
      "v_rhe": [
        -0.5,
        -0.3,
        -0.1,
        0.0,
        0.1,
        0.3,
        0.5,
        0.55,
        0.6,
        0.65,
        0.66,
        0.68,
        0.7,
        0.75,
        1.0
      ],
      "phi_applied_hat": [
        -19.460872405128782,
        -11.676523443077269,
        -3.892174481025757,
        0.0,
        3.892174481025757,
        11.676523443077269,
        19.460872405128782,
        21.406959645641663,
        23.353046886154537,
        25.29913412666742,
        25.688351574769992,
        26.466786470975144,
        27.245221367180292,
        29.191308607693173,
        38.921744810257564
      ],
      "cd_mA_cm2": [
        -0.18491863153416344,
        -0.18272713719154818,
        -0.17914115562880184,
        -0.17518499538056873,
        -0.16813791261949132,
        -0.11654949096279946,
        -1.552963000244957e-05,
        null,
        null,
        null,
        null,
        null,
        null,
        null,
        null
      ],
      "pc_mA_cm2": [
        1.5409602293587387e-05,
        1.5409425677190214e-05,
        1.5412596526254304e-05,
        1.5428766645141127e-05,
        1.547217791094214e-05,
        1.548147007441785e-05,
        1.543331563131262e-05,
        null,
        null,
        null,
        null,
        null,
        null,
        null,
        null
      ],
      "converged": [
        true,
        true,
        true,
        true,
        true,
        true,
        true,
        false,
        false,
        false,
        false,
        false,
        false,
        false,
        false
      ],
      "method": [
        "cold",
        "cold",
        "cold",
        "cold",
        "cold",
        "cold",
        "cold",
        "cold-failed",
        "cold-failed",
        "cold-failed",
        "cold-failed",
        "cold-failed",
        "cold-failed",
        "cold-failed",
        "cold-failed"
      ],
      "z_achieved": [
        1.0,
        1.0,
        1.0,
        1.0,
        1.0,
        1.0,
        1.0,
        0.8500000000000001,
        0.75,
        0.7000000000000001,
        0.65,
        0.65,
        0.55,
        0.55,
        0.35000000000000003
      ],
      "n_converged": 7,
      "n_total": 15
    }
  ]
}