{
  "v_rhe": [
    0.1,
    0.2,
    0.3,
    0.4,
    0.5,
    0.6,
    0.7,
    0.8
  ],
  "phi_applied_hat": [
    3.892174481025757,
    7.784348962051514,
    11.676523443077269,
    15.568697924103027,
    19.460872405128782,
    23.353046886154537,
    27.245221367180292,
    31.137395848206054
  ],
  "cd_mA_cm2": [
    -0.08992829055295706,
    -0.08992819578541227,
    -0.0899281003775179,
    -0.08992797112800262,
    -0.08992758233453249,
    -0.08992524247193202,
    -0.08990934507847453,
    -0.08979004137657214
  ],
  "pc_mA_cm2": [
    -1.638452138129362e-09,
    -6.447355078119716e-10,
    -2.516373746372666e-10,
    -9.23269183884023e-11,
    5.12227200307872e-11,
    1.4318081829417824e-09,
    2.3688387244919012e-08,
    3.87337216447486e-07
  ],
  "converged": [
    true,
    true,
    true,
    true,
    true,
    true,
    true,
    true
  ],
  "method": [
    "warm<-+7.784",
    "warm<-+11.677",
    "warm<-+15.569",
    "warm<-+19.461",
    "warm<-+21.407",
    "warm<-+21.407",
    "warm<-+23.353",
    "warm<-+27.245"
  ],
  "n_converged": 8,
  "n_total": 8,
  "anchor": {
    "v_rhe": 0.55,
    "phi_applied_eta": 21.406959645641663,
    "k0_targets": {
      "0": 0.0012631578947368421,
      "1": 0.0012631578947368421
    },
    "converged": true,
    "ladder_history": [
      [
        1e-12,
        "ok"
      ],
      [
        1e-09,
        "ok"
      ],
      [
        1e-06,
        "ok"
      ],
      [
        0.001,
        "ok"
      ],
      [
        1.0,
        "ok"
      ]
    ],
    "wall_seconds": 24.515300989151
  },
  "grid_wall_seconds": 125.48585200309753,
  "config": {
    "mesh_Ny": 80,
    "exponent_clip": 100.0,
    "u_clamp": 100.0,
    "stern_capacitance_f_m2": 0.1,
    "ic": "debye_boltzmann",
    "formulation": "logc_muh",
    "initial_scales": [
      1e-12,
      1e-09,
      1e-06,
      0.001,
      1.0
    ],
    "max_inserts_per_step": 4,
    "ic_at_target": true,
    "n_substeps_warm": 8,
    "bisect_depth_warm": 5
  }
}