{
  "formulation": "logc_muh",
  "v_rhe": [
    0.6,
    0.66,
    0.68,
    0.7,
    0.75,
    0.8,
    1.0
  ],
  "cs_list": [
    null,
    0.05,
    0.1,
    0.2,
    0.4,
    1.0
  ],
  "mesh_Ny": 200,
  "exponent_clip": 100.0,
  "initializer": "debye_boltzmann",
  "n_substeps_warm": 8,
  "bisect_depth_warm": 5,
  "steric_cap": 100.0,
  "reports": [
    {
      "cs_label": "None",
      "cs_f_m2": null,
      "wall_seconds": 619.1735391616821,
      "v_rhe": [
        0.6,
        0.66,
        0.68,
        0.7,
        0.75,
        0.8,
        1.0
      ],
      "phi_applied_hat": [
        23.353046886154537,
        25.688351574769992,
        26.466786470975144,
        27.245221367180292,
        29.191308607693173,
        31.137395848206054,
        38.921744810257564
      ],
      "cd_mA_cm2": [
        1.8240168917004169e-09,
        1.2921910113425817e-08,
        null,
        null,
        null,
        null,
        null
      ],
      "pc_mA_cm2": [
        2.7044059736317594e-09,
        1.292263736486746e-08,
        null,
        null,
        null,
        null,
        null
      ],
      "converged": [
        true,
        true,
        false,
        false,
        false,
        false,
        false
      ],
      "method": [
        "cold",
        "cold",
        "cold-failed",
        "cold-failed",
        "cold-failed",
        "cold-failed",
        "cold-failed"
      ],
      "z_achieved": [
        1.0,
        1.0,
        0.35000000000000003,
        0.25,
        0.05,
        0.0,
        0.0
      ],
      "failure_reason": [
        null,
        null,
        null,
        null,
        null,
        null,
        null
      ],
      "n_converged": 2,
      "n_total": 7
    },
    {
      "cs_label": "0.05",
      "cs_f_m2": 0.05,
      "wall_seconds": 31.64776873588562,
      "v_rhe": [
        0.6,
        0.66,
        0.68,
        0.7,
        0.75,
        0.8,
        1.0
      ],
      "phi_applied_hat": [
        23.353046886154537,
        25.688351574769992,
        26.466786470975144,
        27.245221367180292,
        29.191308607693173,
        31.137395848206054,
        38.921744810257564
      ],
      "cd_mA_cm2": [
        -0.00012678492819449111,
        -2.0429304705802657e-05,
        -1.7328777054133137e-05,
        -1.6186527737367736e-05,
        -1.5493993376472276e-05,
        -1.5449203501492263e-05,
        -1.543753675543043e-05
      ],
      "pc_mA_cm2": [
        1.5437733561635956e-05,
        1.544375801543235e-05,
        1.555258902541476e-05,
        1.555259177235652e-05,
        1.5445395987207955e-05,
        1.544544306411199e-05,
        1.5437541056133247e-05
      ],
      "converged": [
        true,
        true,
        true,
        true,
        true,
        true,
        true
      ],
      "method": [
        "cold",
        "cold",
        "cold",
        "cold",
        "warm<-+27.245",
        "warm<-+29.191",
        "warm<-+31.137"
      ],
      "z_achieved": [
        1.0,
        1.0,
        1.0,
        1.0,
        1.0,
        1.0,
        1.0
      ],
      "failure_reason": [
        null,
        null,
        null,
        null,
        null,
        null,
        null
      ],
      "n_converged": 7,
      "n_total": 7
    },
    {
      "cs_label": "0.1",
      "cs_f_m2": 0.1,
      "wall_seconds": 11.996197938919067,
      "v_rhe": [
        0.6,
        0.66,
        0.68,
        0.7,
        0.75,
        0.8,
        1.0
      ],
      "phi_applied_hat": [
        23.353046886154537,
        25.688351574769992,
        26.466786470975144,
        27.245221367180292,
        29.191308607693173,
        31.137395848206054,
        38.921744810257564
      ],
      "cd_mA_cm2": [
        -6.0194401995035235e-05,
        -1.7528650895177718e-05,
        -1.6254070685597018e-05,
        -1.5802122168716806e-05,
        -1.546442322924696e-05,
        -1.5446905852488568e-05,
        -1.543713331133069e-05
      ],
      "pc_mA_cm2": [
        1.544351034243753e-05,
        1.5552588389173477e-05,
        1.5552591419444162e-05,
        1.5552592593950635e-05,
        1.5445435910862814e-05,
        1.544544594641487e-05,
        1.5437139429698694e-05
      ],
      "converged": [
        true,
        true,
        true,
        true,
        true,
        true,
        true
      ],
      "method": [
        "cold",
        "cold",
        "cold",
        "cold",
        "warm<-+27.245",
        "warm<-+29.191",
        "warm<-+31.137"
      ],
      "z_achieved": [
        1.0,
        1.0,
        1.0,
        1.0,
        1.0,
        1.0,
        1.0
      ],
      "failure_reason": [
        null,
        null,
        null,
        null,
        null,
        null,
        null
      ],
      "n_converged": 7,
      "n_total": 7
    },
    {
      "cs_label": "0.2",
      "cs_f_m2": 0.2,
      "wall_seconds": 11.271126985549927,
      "v_rhe": [
        0.6,
        0.66,
        0.68,
        0.7,
        0.75,
        0.8,
        1.0
      ],
      "phi_applied_hat": [
        23.353046886154537,
        25.688351574769992,
        26.466786470975144,
        27.245221367180292,
        29.191308607693173,
        31.137395848206054,
        38.921744810257564
      ],
      "cd_mA_cm2": [
        -3.3582091472873816e-05,
        -1.634211939307899e-05,
        -1.5831762173957734e-05,
        -1.5651535805915888e-05,
        -1.5452919421896233e-05,
        -1.5446017092415537e-05,
        -1.5435858310298846e-05
      ],
      "pc_mA_cm2": [
        1.544362034078569e-05,
        1.555259110103241e-05,
        1.5552592422186092e-05,
        1.5552592905844527e-05,
        1.5445451513558298e-05,
        1.5445446846029273e-05,
        1.54358668476894e-05
      ],
      "converged": [
        true,
        true,
        true,
        true,
        true,
        true,
        true
      ],
      "method": [
        "cold",
        "cold",
        "cold",
        "cold",
        "warm<-+27.245",
        "warm<-+29.191",
        "warm<-+31.137"
      ],
      "z_achieved": [
        1.0,
        1.0,
        1.0,
        1.0,
        1.0,
        1.0,
        1.0
      ],
      "failure_reason": [
        null,
        null,
        null,
        null,
        null,
        null,
        null
      ],
      "n_converged": 7,
      "n_total": 7
    },
    {
      "cs_label": "0.4",
      "cs_f_m2": 0.4,
      "wall_seconds": 10.974487066268921,
      "v_rhe": [
        0.6,
        0.66,
        0.68,
        0.7,
        0.75,
        0.8,
        1.0
      ],
      "phi_applied_hat": [
        23.353046886154537,
        25.688351574769992,
        26.466786470975144,
        27.245221367180292,
        29.191308607693173,
        31.137395848206054,
        38.921744810257564
      ],
      "cd_mA_cm2": [
        -2.2878561038653256e-05,
        -1.587116961127614e-05,
        -1.56647456610101e-05,
        -1.5592180962163026e-05,
        -1.5448418949307244e-05,
        -1.5445670969861762e-05,
        -1.543130342186581e-05
      ],
      "pc_mA_cm2": [
        1.5443722703692634e-05,
        1.5552592269112365e-05,
        1.555259282232267e-05,
        1.5552593016741144e-05,
        1.5445457554846197e-05,
        1.544544653007747e-05,
        1.54313152500431e-05
      ],
      "converged": [
        true,
        true,
        true,
        true,
        true,
        true,
        true
      ],
      "method": [
        "cold",
        "cold",
        "cold",
        "cold",
        "warm<-+27.245",
        "warm<-+29.191",
        "warm<-+31.137"
      ],
      "z_achieved": [
        1.0,
        1.0,
        1.0,
        1.0,
        1.0,
        1.0,
        1.0
      ],
      "failure_reason": [
        null,
        null,
        null,
        null,
        null,
        null,
        null
      ],
      "n_converged": 7,
      "n_total": 7
    },
    {
      "cs_label": "1",
      "cs_f_m2": 1.0,