evaluation,objective,grad_norm,k0_0,k0_1,alpha_0,alpha_1
1,1.864708321318552e-07,5.8977650088259816e-05,0.0012272380213514704,5.0159872694911424e-05,0.6384406343234023,0.5141092695276166
2,1.828410344441818e-07,5.508084306782275e-05,0.001227190842780074,5.0159232795993215e-05,0.6384501507454315,0.5140537866184156
