evaluation,objective,grad_norm,k0_0,k0_1,alpha_0,alpha_1
1,5.444042476904802e-05,0.0005637997437120615,0.0013501419108818441,4.628802243235325e-05,0.6047527531581895,0.48280360967051617
2,5.4159358609996076e-05,0.0004307639282468187,0.0013498169288717905,4.629590930337658e-05,0.6043214603134172,0.48314339125972555
3,5.3740597556083686e-05,3.917895898694885e-05,0.0013489577161572603,4.631596226082539e-05,0.6028418746971943,0.4841787658470229
4,5.3734024603911354e-05,3.5583420349543044e-05,0.001349044805337815,4.631122571249827e-05,0.602659250504611,0.4841358225534961
