{
  "l_eff_m": 2.1e-05,
  "ratio": 1e-18,
  "k0_targets": {
    "0": 0.0012631578947368421,
    "1": 1.2631578947368422e-21
  },
  "v_rhe": [
    -0.4,
    -0.3208,
    -0.2417,
    -0.1625,
    -0.0833,
    -0.0042,
    0.075,
    0.1542,
    0.2333,
    0.3125,
    0.3917,
    0.4708,
    0.55
  ],
  "phi_applied_hat": [
    -15.568697924103027,
    -12.486095735130625,
    -9.407385720639253,
    -6.324783531666855,
    -3.242181342694455,
    -0.16347132820308177,
    2.919130860769317,
    6.001733049741716,
    9.08044306423309,
    12.163045253205489,
    15.245647442177887,
    18.32435745666926,
    21.406959645641663
  ],
  "cd_mA_cm2": [
    -3.5413078433154426,
    -2.6153964991910357,
    -2.169230457547356,
    -1.9644783234564205,
    -1.1341720897557743,
    -0.5910019075674824,
    -0.4540120543424126,
    -0.43160687593991726,
    -0.4283161322487796,
    -0.42687485667332603,
    -0.42104472619884015,
    -0.39125644902552514,
    -0.25916451646847727
  ],
  "pc_mA_cm2": [
    -0.6653448109645831,
    -1.5801327047686866,
    -2.0148080356914733,
    -1.950351125851922,
    -1.1313011972346618,
    -0.5888879442507715,
    -0.4491735152612658,
    -0.414071753347671,
    -0.3684502069475175,
    -0.2789688345159513,
    -0.17350269490794168,
    -0.0914672342260308,
    -0.0378167145225608
  ],
  "j_ring_mA_cm2": [
    0.1490372376560666,
    0.3539497258681858,
    0.45131699999489,
    0.4368786521908305,
    0.25341146818056426,
    0.13191089951217283,
    0.10061486741852355,
    0.0927520727498783,
    0.08253284635624393,
    0.06248901893157309,
    0.03886460365937894,
    0.0204886604666309,
    0.00847094405305362
  ],
  "S_H2O2_percent": [
    31.63298069250539,
    75.3245956804383,
    96.30924949410908,
    99.6391363203065,
    99.87327625809588,
    99.82083384195117,
    99.46428073654123,
    97.92650281265614,
    92.48638874959889,
    79.04549916594597,
    58.36462786600172,
    37.89631103654203,
    25.467410446353753
  ],
  "n_e_rrde": [
    3.367340386149892,
    2.4935080863912336,
    2.0738150101178183,
    2.00721727359387,
    2.0025344748380824,
    2.0035833231609765,
    2.010714385269176,
    2.0414699437468773,
    2.150272225008022,
    2.4190900166810803,
    2.8327074426799657,
    3.2420737792691594,
    3.490651791072925
  ],
  "surface_pH_proxy": [
    10.585449147084308,
    10.5335991833685,
    10.539904933017988,
    10.59239275900705,
    10.35973400365904,
    9.822913405812198,
    9.119650180813423,
    8.354907567063435,
    7.5931162804188865,
    6.863105918487821,
    6.17243312764873,
    5.514509096327818,
    4.908785313761393
  ],
  "c_H_surface_nondim": [
    2.1645598914998327e-08,
    2.439043638266688e-08,
    2.4038857384943045e-08,
    2.1302275395866376e-08,
    3.639860591700044e-08,
    1.2528680901491604e-07,
    6.326573722108378e-07,
    3.68053699058157e-06,
    2.126681599761766e-05,
    0.0001142122889672979,
    0.0005602548519231816,
    0.002548646823283268,
    0.010280954572830061
  ],
  "N_collection_used": 0.224,
  "converged": [
    true,
    true,
    true,
    true,
    true,
    true,
    true,
    true,
    true,
    true,
    true,
    true,
    true
  ],
  "method": [
    "warm<--12.486",
    "warm<--9.407",
    "warm<--6.325",
    "warm<--3.242",
    "warm<--0.163",
    "warm<-+2.919",
    "warm<-+6.002",
    "warm<-+9.080",
    "warm<-+12.163",
    "warm<-+15.246",
    "warm<-+18.324",
    "warm<-+21.407",
    "warm<-+21.407"
  ],
  "n_converged": 13,
  "n_total": 13,
  "anchor": {
    "v_rhe": 0.55,
    "phi_applied_eta": 21.406959645641663,
    "converged": true,
    "ladder_history": [
      [
        1e-12,
        "ok"
      ],
      [
        1e-09,
        "ok"
      ],
      [
        1e-06,
        "ok"
      ],
      [
        0.001,
        "ok"
      ],
      [
        1.0,
        "fail"
      ],
      [
        0.03162277660168379,
        "ok"
      ],
      [
        1.0,
        "ok"
      ]
    ],
    "wall_seconds": 13.228130102157593
  },
  "grid_wall_seconds": 321.6363582611084,
  "config": {
    "l_eff_m": 2.1e-05,
    "domain_height_hat": 0.20999999999999996,
    "ratio_K0_R4e_to_K0_R2e": 1e-18,
    "mesh_Nx": 8,
    "mesh_Ny": 80,
    "mesh_beta": 3.0,
    "exponent_clip": 100.0,
    "u_clamp": 100.0,
    "stern_capacitance_f_m2": 0.1,
    "ic": "debye_boltzmann",
    "formulation": "logc_muh",
    "initial_scales": [
      1e-12,
      1e-09,
      1e-06,
      0.001,
      1.0
    ],
    "max_inserts_per_step": 4,
    "ic_at_target": true,
    "n_substeps_warm": 8,
    "bisect_depth_warm": 5,
    "v_rhe_grid_n": 13,
    "v_rhe_grid_min": -0.4,
    "v_rhe_grid_max": 0.55,
    "anchor_v_rhe": 0.55,
    "n_collection": 0.224,
    "enable_water_ionization": false,
    "kw_eff_hat_target": 0.0
  }
}