{
  "exponent_clip": 50.0,
  "v_rhe": [
    -0.5,
    -0.4,
    -0.3,
    -0.2,
    -0.1,
    0.0,
    0.05,
    0.1,
    0.2,
    0.3,
    0.4,
    0.5,
    0.6
  ],
  "cd_mA_cm2": [
    -0.1841027049115712,
    -0.18305411697878235,
    -0.18172225585484408,
    -0.18017201548302839,
    -0.17801898046902095,
    -0.1737856893686258,
    -0.16985327069447861,
    -0.1630716084516767,
    -0.07860704102760831,
    -1.9200798317160464e-05,
    -1.54357258460849e-05,
    -1.1823821747447937e-05,
    1.8178079877876034e-09
  ],
  "pc_mA_cm2": [
    -0.18130803074852705,
    -0.1639104687710057,
    -0.06503908565477808,
    -0.001567352615653619,
    2.9076480858575884e-06,
    1.5288310662969376e-05,
    1.5377762250680132e-05,
    1.538763686359551e-05,
    1.541383340958297e-05,
    1.5437622862994927e-05,
    1.543571396080601e-05,
    1.1823878464086948e-05,
    2.695199073538569e-09
  ],
  "z_factor": [
    1.0,
    1.0,
    1.0,
    1.0,
    1.0,
    1.0,
    1.0,
    1.0,
    1.0,
    1.0,
    1.0,
    1.0,
    1.0
  ],
  "method_at_v": [
    "warm<--15.569",
    "warm<--11.677",
    "warm<--7.784",
    "cold",
    "cold",
    "cold",
    "cold",
    "cold",
    "cold",
    "cold",
    "cold",
    "cold",
    "cold"
  ],
  "surface_fields": [
    {
      "electrode_area_nondim": 1.0,
      "u0_surface_mean": -5.737077067467378,
      "c0_surface_mean": 0.0032241785722153297,
      "u1_surface_mean": 0.1607993716506528,
      "c1_surface_mean": 1.1744493173475483,
      "u2_surface_mean": -24.202161149179087,
      "c2_surface_mean": 3.08414624074676e-11,
      "phi_surface_mean": -19.460872405128782
    },
    {
      "electrode_area_nondim": 1.0,
      "u0_surface_mean": -2.9336935441415455,
      "c0_surface_mean": 0.05320017760812369,
      "u1_surface_mean": 0.05959153267987251,
      "c1_surface_mean": 1.0614029095860713,
      "u2_surface_mean": -23.18935908950403,
      "c2_surface_mean": 8.491595702018188e-11,
      "phi_surface_mean": -15.568697924103024
    },
    {
      "electrode_area_nondim": 1.0,
      "u0_surface_mean": -1.1272822444598105,
      "c0_surface_mean": 0.3239123759193896,
      "u1_surface_mean": -0.8664798261561941,
      "c1_surface_mean": 0.4204289303266427,
      "u2_surface_mean": -21.822572151369013,
      "c2_surface_mean": 3.331020716752255e-10,
      "phi_surface_mean": -11.67652344307727
    },
    {
      "electrode_area_nondim": 1.0,
      "u0_surface_mean": -0.6935531972870578,
      "c0_surface_mean": 0.4997970328432624,
      "u1_surface_mean": -4.58197499042941,
      "c1_surface_mean": 0.010234662961262483,
      "u2_surface_mean": -19.751969216564504,
      "c2_surface_mean": 2.6413670903535296e-09,
      "phi_surface_mean": -7.784348962051512
    },
    {
      "electrode_area_nondim": 1.0,
      "u0_surface_mean": -0.6742680498069566,
      "c0_surface_mean": 0.5095292341717377,
      "u1_surface_mean": -9.426044524224492,
      "c1_surface_mean": 8.059737121158247e-05,
      "u2_surface_mean": -17.331575109598433,
      "c2_surface_mean": 2.971615173201935e-08,
      "phi_surface_mean": -3.892174481025756
    },
    {
      "electrode_area_nondim": 1.0,
      "u0_surface_mean": -0.6521926004459881,
      "c0_surface_mean": 0.5209023929081044,
      "u1_surface_mean": -14.284612572730147,
      "c1_surface_mean": 6.255637631602378e-07,
      "u2_surface_mean": -14.914308725164846,
      "c2_surface_mean": 3.332713795806274e-07,
      "phi_surface_mean": 0.0
    },
    {
      "electrode_area_nondim": 1.0,
      "u0_surface_mean": -0.6317849432235622,
      "c0_surface_mean": 0.5316420028008741,
      "u1_surface_mean": -16.704593184159766,
      "c1_surface_mean": 5.562722016600659e-08,
      "u2_surface_mean": -13.715771751497243,
      "c2_surface_mean": 1.104882292274258e-06,
      "phi_surface_mean": 1.946087240512878
    },
    {
      "electrode_area_nondim": 1.0,
      "u0_surface_mean": -0.5974110488039508,
      "c0_surface_mean": 0.5502343234751462,
      "u1_surface_mean": -19.110605043051955,
      "c1_surface_mean": 5.016140402633172e-09,
      "u2_surface_mean": -12.533131681494217,
      "c2_surface_mean": 3.605205872046169e-06,
      "phi_surface_mean": 3.892174481025756
    },
    {
      "electrode_area_nondim": 1.0,
      "u0_surface_mean": -0.245895093016334,
      "c0_surface_mean": 0.7820042583304189,
      "u1_surface_mean": -23.63967245547229,
      "c1_surface_mean": 5.412784023700016e-11,
      "u2_surface_mean": -10.633373364464786,
      "c2_surface_mean": 2.4098201074512406e-05,
      "phi_surface_mean": 7.784348962051512
    },
    {
      "electrode_area_nondim": 1.0,
      "u0_surface_mean": -0.0020556027582785026,
      "c0_surface_mean": 0.9979465085461559,
      "u1_surface_mean": -26.057337645987246,
      "c1_surface_mean": 4.824385986172469e-12,
      "u2_surface_mean": -13.28827692638615,
      "c2_surface_mean": 1.6942389307283986e-06,
      "phi_surface_mean": 11.67652344307727
    },
    {
      "electrode_area_nondim": 1.0,
      "u0_surface_mean": -0.0020439085879128778,
      "c0_surface_mean": 0.9979581787708793,
      "u1_surface_mean": -18.38787420054972,
      "c1_surface_mean": 1.0333506114100915e-08,
      "u2_surface_mean": -17.180566633382835,
      "c2_surface_mean": 3.456007809282228e-08,
      "phi_surface_mean": 15.568697924103024
    },
    {
      "electrode_area_nondim": 1.0,
      "u0_surface_mean": -0.0020436827614409084,
      "c0_surface_mean": 0.9979584041362795,
      "u1_surface_mean": -10.689037309258696,
      "c1_surface_mean": 2.2793450791387302e-05,
      "u2_surface_mean": -21.07317955804349,
      "c2_surface_mean": 7.047488920569389e-10,
      "phi_surface_mean": 19.460872405128782
    },
    {
      "electrode_area_nondim": 1.0,
      "u0_surface_mean": -0.0020428843489206133,
      "c0_surface_mean": 0.9979592009190821,
      "u1_surface_mean": -9.215948789544134,
      "c1_surface_mean": 9.944072802455154e-05,
      "u2_surface_mean": -24.964548377709285,
      "c2_surface_mean": 1.4389125363816245e-11,
      "phi_surface_mean": 23.35304688615454
    }
  ],
  "n_converged": 13,
  "n_total": 13,
  "wall_seconds": 133.97891473770142,
  "config": {
    "mesh_Nx": 8,
    "mesh_Ny": 200,
    "mesh_beta": 3.0,
    "k0_hat_r1": 0.0012631578947368421,
    "k0_hat_r2": 5.2631578947368424e-05,
    "alpha_r1": 0.627,
    "alpha_r2": 0.5,
    "E_eq_r1": 0.68,
    "E_eq_r2": 1.78,
    "V_T": 0.02569257891379157,
    "I_SCALE": 0.18332213250999999
  }
}