{
  "50": {
    "fim": {
      "n_residuals": 12,
      "n_params": 4,
      "singular_values": [
        10549.412904655144,
        216.22060242326768,
        62.0356769587366,
        0.7033497474527649
      ],
      "fim_eigenvalues": [
        0.49470085230086625,
        3848.425215742351,
        46751.348912280046,
        111290112.63290448
      ],
      "fim_diagonal": [
        8186.664461871209,
        13774.762456674429,
        30029321.203963656,
        81289430.27085115
      ],
      "condition_number": 224964465.1212775,
      "weak_eigvec": {
        "log_k0_1": 0.9995114800864368,
        "log_k0_2": 0.008558918615613153,
        "alpha_1": -0.029048633942119113,
        "alpha_2": -0.007728062735839469
      },
      "weak_eigvec_canonical_ridge_cos": 0.008721371651448652,
      "ridge_breaking_score": 0.9912786283485513
    },
    "sigma_cd": 0.0035603758708275058,
    "sigma_pc": 3.0875246647367565e-07,
    "dPC_dalpha2_per_v": [
      0.002783648366689649,
      2.1619330207044878e-05,
      1.6666789144279253e-07,
      -1.3907576262503496e-09,
      -2.8620126796654374e-08,
      3.3173714372291413e-07
    ],
    "dR2_dalpha2_per_v": [
      0.007588385532997233,
      5.891629212273486e-05,
      4.378589157916224e-07,
      -1.0717121634584714e-08,
      -1.5611885258680607e-07,
      1.8095862705020576e-06
    ],
    "S_cd_raw": [
      [
        -3.138991844231498e-08,
        1.4029180595009905e-08,
        -1.9053339461727603e-06,
        1.4103314349700469e-06
      ],
      [
        -2.619734984499189e-06,
        1.0762224444960111e-10,
        -0.00013867179279869468,
        1.8008788904566586e-08
      ],
      [
        -0.00046947256399088033,
        -6.536438057480609e-12,
        -0.018854616424118786,
        6.12870865168702e-09
      ],
      [
        -0.016233798455771165,
        7.2624545266464224e-09,
        -0.6065737798045118,
        2.5383861679273423e-09
      ],
      [
        -1.881591662609061e-06,
        -1.7319217559190364e-05,
        -5.565854309503733e-05,
        2.8619955153897942e-08
      ],
      [
        -5.942649326730505e-12,
        -1.5436034849732386e-05,
        -1.2952712632931934e-10,
        -3.3173728449978996e-07
      ]
    ],
    "S_pc_raw": [
      [
        -2.783609825441571e-05,
        2.7836099515655816e-05,
        -0.0016901595076572586,
        0.002783648366689649
      ],
      [
        -2.1626083751539083e-07,
        2.1626217063005332e-07,
        -1.144721869949207e-05,
        2.1619330207044878e-05
      ],
      [
        -1.7888325572873974e-09,
        1.7346704584905726e-09,
        -4.4698696123162936e-08,
        1.6666789144279253e-07
      ],
      [
        -4.84377554748781e-09,
        -7.250984150470306e-09,
        -1.8098627707535176e-07,
        -1.3907576262503496e-09
      ],
      [
        -1.881591662607367e-06,
        1.731921755918867e-05,
        -5.565854309505427e-05,
        -2.8620126796654374e-08
      ],
      [
        -5.942649326730505e-12,
        1.543603484973408e-05,
        -1.2952712632931934e-10,
        3.3173714372291413e-07
      ]
    ],
    "S_r2_raw": [
      [
        -7.583565561630756e-05,
        7.588301009775478e-05,
        -0.004604610889524796,
        0.007588385532997233
      ],
      [
        6.555329751245509e-06,
        5.895479937567671e-07,
        0.0003469973081093869,
        5.891629212273486e-05
      ],
      [
        0.0012804530713783624,
        4.749006743409723e-09,
        0.051424701063285116,
        4.378589157916224e-07
      ],
      [
        0.04427668768000603,
        -3.958441907592203e-08,
        1.6543927089243682,
        -1.0717121634584714e-08
      ],
      [
        0.0,
        9.447423135471614e-05,
        0.0,
        -1.5611885258680607e-07
      ],
      [
        0.0,
        8.420169806225183e-05,
        0.0,
        1.8095862705020576e-06
      ]
    ],
    "v_used": [
      true,
      true,
      true,
      true,
      true,
      true
    ],
    "n_used": 6
  }
}