{
  "v_rhe": [
    -0.5,
    -0.3,
    -0.1,
    0.0,
    0.1,
    0.3,
    0.5,
    0.55,
    0.6,
    0.65,
    0.66,
    0.68,
    0.7,
    0.75,
    1.0
  ],
  "passes": [
    "3sp_bikerman_muh_no_stern_clip50",
    "3sp_bikerman_muh_stern_0p10_clip50"
  ],
  "cs_f_m2": [
    null,
    0.1
  ],
  "mesh_Ny": 200,
  "exponent_clip": 50.0,
  "u_clamp": 100.0,
  "initializer": "debye_boltzmann",
  "formulation": "logc_muh",
  "steric_cap": 100.0,
  "reports": [
    {
      "label": "3sp_bikerman_muh_no_stern_clip50",
      "cs_f_m2": null,
      "wall_seconds": 1285.6371278762817,
      "v_rhe": [
        -0.5,
        -0.3,
        -0.1,
        0.0,
        0.1,
        0.3,
        0.5,
        0.55,
        0.6,
        0.65,
        0.66,
        0.68,
        0.7,
        0.75,
        1.0
      ],
      "phi_applied_hat": [
        -19.460872405128782,
        -11.676523443077269,
        -3.892174481025757,
        0.0,
        3.892174481025757,
        11.676523443077269,
        19.460872405128782,
        21.406959645641663,
        23.353046886154537,
        25.29913412666742,
        25.688351574769992,
        26.466786470975144,
        27.245221367180292,
        29.191308607693173,
        38.921744810257564
      ],
      "cd_mA_cm2": [
        -0.1843221481979574,
        -0.18251848823672173,
        -0.17912920211905994,
        -0.17487134343497082,
        null,
        -1.1142819238367792e-05,
        2.6224200051540743e-16,
        1.6449412147771087e-16,
        1.0319295675902464e-16,
        1.2336603093219118e-16,
        1.704175114392633e-16,
        2.613295971810687e-16,
        5.490939833336216e-16,
        2.007839411691717e-15,
        1.095737669426411e-12
      ],
      "pc_mA_cm2": [
        -0.18155217500344284,
        -0.06542883935385452,
        2.9086748151614373e-06,
        1.5406823242846666e-05,
        null,
        1.1142818822458448e-05,
        2.6224355670226046e-16,
        1.6449412149286435e-16,
        1.0319295675902479e-16,
        1.2336603093219118e-16,
        1.704175114392633e-16,
        2.613295971810687e-16,
        5.490939833336216e-16,
        2.007839411691717e-15,
        1.095737669426411e-12
      ],
      "converged": [
        true,
        true,
        true,
        true,
        false,
        true,
        true,
        true,
        true,
        true,
        true,
        true,
        true,
        true,
        true
      ],
      "method": [
        "warm<--11.677",
        "warm<--3.892",
        "cold",
        "cold",
        "cold-failed",
        "cold",
        "warm<-+11.677",
        "warm<-+19.461",
        "warm<-+21.407",
        "warm<-+23.353",
        "warm<-+25.299",
        "warm<-+25.688",
        "warm<-+26.467",
        "warm<-+27.245",
        "warm<-+29.191"
      ],
      "z_achieved": [
        1.0,
        1.0,
        1.0,
        1.0,
        0.0,
        1.0,
        1.0,
        1.0,
        1.0,
        1.0,
        1.0,
        1.0,
        1.0,
        1.0,
        1.0
      ],
      "n_converged": 14,
      "n_total": 15
    },
    {
      "label": "3sp_bikerman_muh_stern_0p10_clip50",
      "cs_f_m2": 0.1,
      "wall_seconds": 2274.7951381206512,
      "v_rhe": [
        -0.5,
        -0.3,
        -0.1,
        0.0,
        0.1,
        0.3,
        0.5,
        0.55,
        0.6,
        0.65,
        0.66,
        0.68,
        0.7,
        0.75,
        1.0
      ],
      "phi_applied_hat": [
        -19.460872405128782,
        -11.676523443077269,
        -3.892174481025757,
        0.0,
        3.892174481025757,
        11.676523443077269,
        19.460872405128782,
        21.406959645641663,
        23.353046886154537,
        25.29913412666742,
        25.688351574769992,
        26.466786470975144,
        27.245221367180292,
        29.191308607693173,
        38.921744810257564
      ],
      "cd_mA_cm2": [
        -0.18491863079906776,
        -0.1827271360948014,
        -0.17914114904030343,
        -0.17518499054195244,
        -0.16813824951005138,
        -0.11643089637699344,
        -1.5604941351124263e-05,
        -1.5509391951539662e-05,
        -1.3207130604036784e-05,
        -7.788116004628395e-07,
        -3.18152853662574e-07,
        -4.807558454717785e-08,
        -6.920340035025188e-09,
        -4.809668969149541e-11,
        1.1686168665125748e-16
      ],
      "pc_mA_cm2": [
        1.5409602338244076e-05,
        1.5409425736083717e-05,
        1.5412596300063598e-05,
        1.5428766365966237e-05,
        1.5472178989357363e-05,
        1.54814237230389e-05,
        1.554774664113562e-05,
        1.5509167938044086e-05,
        1.3207129878814696e-05,
        7.788116017905172e-07,
        3.1815285643639737e-07,
        4.807558765231538e-08,
        6.9203428886140775e-09,
        4.80988087125158e-11,
        1.168618919515077e-16
      ],
      "converged": [
        true,
        true,
        true,
        true,
        true,
        true,
        true,
        true,
        true,
        true,
        true,
        true,
        true,
        true,
        true
      ],
      "method": [
        "warm<--11.677",
        "warm<--3.892",
        "cold",
        "cold",
        "cold",
        "cold",
        "cold",
        "cold",
        "cold",
        "warm<-+23.353",
        "warm<-+25.299",
        "warm<-+25.688",
        "warm<-+26.467",
        "warm<-+27.245",
        "warm<-+29.191"
      ],
      "z_achieved": [
        1.0,
        1.0,
        1.0,
        1.0,
        1.0,
        1.0,
        1.0,
        1.0,
        1.0,
        1.0,
        1.0,
        1.0,
        1.0,
        1.0,
        1.0
      ],
      "n_converged": 15,
      "n_total": 15
    }
  ]
}