{
  "label": "yash_match_hydrolysis_on",
  "config": {
    "cation": "Cs+",
    "anion": "SO4(2-)",
    "pH_bulk": 4.0,
    "v_anchor": 0.55,
    "v_rhe_grid": [
      -0.4,
      -0.36,
      -0.32,
      -0.28,
      -0.24,
      -0.2,
      -0.16,
      -0.12,
      -0.08,
      -0.04,
      -0.0,
      0.04,
      0.08,
      0.12,
      0.15,
      0.19,
      0.23,
      0.27,
      0.31,
      0.35,
      0.39,
      0.43,
      0.47,
      0.51,
      0.55
    ],
    "k0_r4e_factor": 3e-18,
    "lambda_target": 1.0,
    "delta_beta_pm2": 0.0,
    "sigma_mapping": "stern",
    "stern_anchor_f_m2": 0.1,
    "stern_baseline_f_m2": 0.2,
    "l_eff_m": 6e-06,
    "enable_water_ionization": true,
    "enable_cation_hydrolysis": true,
    "i_scale_mA_cm2": 0.4399731180239999
  },
  "per_v_records": [
    {
      "v_rhe": -0.4,
      "snes_converged": true,
      "picard_status": "converged",
      "R_2e_current_nondim": 2.566180676866283,
      "R_4e_current_nondim": 14.100509003167618,
      "cd_mA_cm2": -13.53674033751205,
      "pc_gross_mA_cm2": -1.1290505138137972,
      "gross_h2o2_pct": 15.397062800902065,
      "theta": 0.9225768892051762,
      "gamma_final": 0.043361113792643284,
      "sigma_S_C_per_m2": -0.03685989142763783,
      "pka_shift_avg": -1.5927646111585195e-05,
      "mass_balance_residual_rel": 1.4763604050866443e-16
    },
    {
      "v_rhe": -0.36,
      "snes_converged": true,
      "picard_status": "converged",
      "R_2e_current_nondim": 5.7579697343372676,
      "R_4e_current_nondim": 10.908495946420024,
      "cd_mA_cm2": -12.132241846501296,
      "pc_gross_mA_cm2": -2.53335189750419,
      "gross_h2o2_pct": 34.548235028529675,
      "theta": 0.9137633910516384,
      "gamma_final": 0.042946879379427004,
      "sigma_S_C_per_m2": -0.033166599958741244,
      "pka_shift_avg": -1.4331726068819865e-05,
      "mass_balance_residual_rel": 5.905441620346577e-16
    },
    {
      "v_rhe": -0.32,
      "snes_converged": true,
      "picard_status": "converged",
      "R_2e_current_nondim": 9.661412501508131,
      "R_4e_current_nondim": 7.003164557786561,
      "cd_mA_cm2": -10.413170075853593,
      "pc_gross_mA_cm2": -4.250761782804585,
      "gross_h2o2_pct": 57.97574380154739,
      "theta": 0.9038208633832485,
      "gamma_final": 0.04247958057901268,
      "sigma_S_C_per_m2": -0.029479540941729353,
      "pka_shift_avg": -1.2738499150862603e-05,
      "mass_balance_residual_rel": 8.858162430519866e-16
    },
    {
      "v_rhe": -0.28,
      "snes_converged": true,
      "picard_status": "converged",
      "R_2e_current_nondim": 13.020296000634012,
      "R_4e_current_nondim": 3.6314088867232033,
      "cd_mA_cm2": -8.924024810417698,
      "pc_gross_mA_cm2": -5.728580228994362,
      "gross_h2o2_pct": 78.19196946325691,
      "theta": 0.8926658718448879,
      "gamma_final": 0.04195529597670973,
      "sigma_S_C_per_m2": -0.025797293408470288,
      "pka_shift_avg": -1.114735133860855e-05,
      "mass_balance_residual_rel": 2.9527208101732886e-16
    },
    {
      "v_rhe": -0.24,
      "snes_converged": true,
      "picard_status": "converged",
      "R_2e_current_nondim": 15.075983438245787,
      "R_4e_current_nondim": 1.4900240051577365,
      "cd_mA_cm2": -7.944168455562889,
      "pc_gross_mA_cm2": -6.633027440603182,
      "gross_h2o2_pct": 91.00553340780337,
      "theta": 0.880236960626197,
      "gamma_final": 0.04137113714943126,
      "sigma_S_C_per_m2": -0.022118170757582302,
      "pka_shift_avg": -9.557553829315765e-06,
      "mass_balance_residual_rel": 5.905441620346577e-16
    },
    {
      "v_rhe": -0.2,
      "snes_converged": true,
      "picard_status": "converged",
      "R_2e_current_nondim": 15.512138866509636,
      "R_4e_current_nondim": 0.5112458722530658,
      "cd_mA_cm2": -7.2747929853036775,
      "pc_gross_mA_cm2": -6.82492410431952,
      "gross_h2o2_pct": 96.80937654192192,
      "theta": 0.8664991601969851,
      "gamma_final": 0.0407254605292583,
      "sigma_S_C_per_m2": -0.0184403651325858,
      "pka_shift_avg": -7.968325424312408e-06,
      "mass_balance_residual_rel": 1.4763604050866443e-16
    },
    {
      "v_rhe": -0.16,
      "snes_converged": true,
      "picard_status": "converged",
      "R_2e_current_nondim": 13.635462394500378,
      "R_4e_current_nondim": 0.18438089903794233,
      "cd_mA_cm2": -6.161482183514894,
      "pc_gross_mA_cm2": -5.999236905407327,
      "gross_h2o2_pct": 98.66582496543828,
      "theta": 0.8514460563514773,
      "gamma_final": 0.040017964648519436,
      "sigma_S_C_per_m2": -0.014762103301928944,
      "pka_shift_avg": -6.37889988681542e-06,
      "mass_balance_residual_rel": 1.1810883240693154e-15
    },
    {
      "v_rhe": -0.12,
      "snes_converged": true,
      "picard_status": "converged",
      "R_2e_current_nondim": 9.99975027484293,
      "R_4e_current_nondim": 0.08860836030280694,
      "cd_mA_cm2": -4.477591901014836,
      "pc_gross_mA_cm2": -4.399621307883994,
      "gross_h2o2_pct": 99.12167713790315,
      "theta": 0.8351263849862329,
      "gamma_final": 0.03925094009435295,
      "sigma_S_C_per_m2": -0.011081256716645201,
      "pka_shift_avg": -4.788357442692073e-06,
      "mass_balance_residual_rel": 4.429081215259933e-16
    },
    {
      "v_rhe": -0.08,
      "snes_converged": true,
      "picard_status": "converged",
      "R_2e_current_nondim": 6.872260855146927,
      "R_4e_current_nondim": 0.058523342931841436,
      "cd_mA_cm2": -3.0751074316470906,
      "pc_gross_mA_cm2": -3.0236100363132734,
      "gross_h2o2_pct": 99.15560286889233,
      "theta": 0.8176630662239114,
      "gamma_final": 0.03843016411252383,
      "sigma_S_C_per_m2": -0.007395252150284363,
      "pka_shift_avg": -3.1955861667934746e-06,
      "mass_balance_residual_rel": 4.429081215259933e-16
    },
    {
      "v_rhe": -0.04,
      "snes_converged": true,
      "picard_status": "converged",
      "R_2e_current_nondim": 4.969066641148619,
      "R_4e_current_nondim": 0.05308955895400344,
      "cd_mA_cm2": -2.2329717013502193,
      "pc_gross_mA_cm2": -2.1862557437752024,
      "gross_h2o2_pct": 98.9428931152536,
      "theta": 0.7992165630214647,
      "gamma_final": 0.037563178462008844,
      "sigma_S_C_per_m2": -0.0037018920386376023,
      "pka_shift_avg": -1.5996364625888167e-06,
      "mass_balance_residual_rel": 2.9527208101732886e-16
    },
    {
      "v_rhe": -0.0,
      "snes_converged": true,
      "picard_status": "converged",
      "R_2e_current_nondim": 3.9841705309232056,
      "R_4e_current_nondim": 0.06547870226734778,
      "cd_mA_cm2": -1.8105456688310753,
      "pc_gross_mA_cm2": -1.752927931229618,
      "gross_h2o2_pct": 98.38310188125207,
      "theta": 0.7799704526886267,
      "gamma_final": 0.03665861127636546,
      "sigma_S_C_per_m2": 5.498318250392187e-07,
      "pka_shift_avg": 0.0,
      "mass_balance_residual_rel": 1.4763604050866443e-16
    },
    {
      "v_rhe": 0.04,
      "snes_converged": true,
      "picard_status": "converged",
      "R_2e_current_nondim": 3.4915281423462106,
      "R_4e_current_nondim": 0.10114634745555381,
      "cd_mA_cm2": -1.6251818711901242,
      "pc_gross_mA_cm2": -1.5361785234566065,
      "gross_h2o2_pct": 97.18465038392236,
      "theta": 0.7601230548499257,
      "gamma_final": 0.03572578357794651,
      "sigma_S_C_per_m2": 0.0037134071539760747,
      "pka_shift_avg": 0.0,
      "mass_balance_residual_rel": 1.4763604050866443e-16
    },
    {
      "v_rhe": 0.08,
      "snes_converged": true,
      "picard_status": "converged",
      "R_2e_current_nondim": 3.1806888488809353,
      "R_4e_current_nondim": 0.17222973358986537,
      "cd_mA_cm2": -1.5509704961142623,
      "pc_gross_mA_cm2": -1.3994175903063122,
      "gross_h2o2_pct": 94.86328912099775,
      "theta": 0.739868850869496,
      "gamma_final": 0.034773835990866316,
      "sigma_S_C_per_m2": 0.007437632143331805,
      "pka_shift_avg": 0.0,