{
  "sigma_mapping": "stern",
  "deck_target_max_H2O2_pct": 50.95,
  "v_anchor": 0.55,
  "v_grid": [
    -0.1,
    -0.06,
    -0.01,
    0.04,
    0.09,
    0.14,
    0.19,
    0.24,
    0.29,
    0.34,
    0.39,
    0.44,
    0.49,
    0.54,
    0.59,
    0.64,
    0.69,
    0.74,
    0.79,
    0.84,
    0.89,
    0.94,
    0.99,
    1.0
  ],
  "v_mask": [
    -0.06,
    1.0
  ],
  "lambda_grid": [
    0.5
  ],
  "max_H2O2_pct_in_mask_by_lambda": [
    66.57868782376825
  ],
  "loss_vs_deck_pp_by_lambda": [
    15.628687823768246
  ],
  "best_lambda": 0.5,
  "best_loss_vs_deck_pp": 15.628687823768246,
  "best_max_H2O2_pct": 66.57868782376825,
  "deck_target_bracket": null,
  "lambda_star_linear_interp": null,
  "wall_seconds_total": 729.8381819725037,
  "per_lambda_entries": [
    {
      "lambda_target": 0.5,
      "sigma_mapping": "stern",
      "eval_json_path": "/Users/jakeweinstein/Desktop/ResearchForwardSolverClone/FireDrakeEnvCG/PNPInverse/StudyResults/phase6b_lambda_sweep_smoke/eval_lambda_0p5000_stern.json",
      "wall_seconds": 729.8357992172241,
      "max_H2O2_pct_in_mask": 66.57868782376825,
      "argmax_V_for_selectivity": 0.64,
      "n_gate_pass": 0,
      "n_gate_fail": 24,
      "eval_error": null,
      "loss_vs_deck_pp": 15.628687823768246,
      "delta_vs_deck_pp": 15.628687823768246
    }
  ]
}