{
  "theta": [
    -0.2941462081135165,
    -9.000674572072759,
    0.43872326693239144,
    0.2360572021395656
  ],
  "J": 293.3648264010262,
  "v_ocp_rhe": 1.019,
  "l_eff_um": 15.4,
  "n_coll": 0.224,
  "wall_s": 659.3755419254303,
  "n_used": 30,
  "retried_walk": false,
  "grid_mode": "bins",
  "chi2_raw": 8800.944792030788,
  "score_disk": 230.46423191229073,
  "score_ring": 62.90059448873557,
  "cd_model": {
    "0.13169659": -4.8459519495749435,
    "0.14643302": -4.822900065354175,
    "0.16116944": -4.798781480682733,
    "0.17590586": -4.773120216628808,
    "0.19064228": -4.745152895240168,
    "0.2053787": -4.7136431637401195,
    "0.22011513": -4.676629196800219,
    "0.23485155": -4.631000559993948,
    "0.24958797": -4.571931903067292,
    "0.26432439": -4.492075429833372,
    "0.27906081": -4.380664215776532,
    "0.29379724": -4.222897659967483,
    "0.30853366": -4.0004117151920795,
    "0.32327008": -3.6947134332346625,
    "0.3380065": -3.2948442413600554,
    "0.35274292": -2.808760469995572,
    "0.36747935": -2.270795037525662,
    "0.38221577": -1.7356595948011342,
    "0.39695219": -1.257959866337559,
    "0.41168861": -0.8713274688971914,
    "0.42642503": -0.5826791817681214,
    "0.44116146": -0.37991223444200484,
    "0.45589788": -0.24348505456073835,
    "0.4706343": -0.15433594039826215,
    "0.48537072": -0.09716039299398939,
    "0.50010714": -0.06092650547238276,
    "0.51484357": -0.03812437539050941,
    "0.52957999": -0.023835889105712604,
    "0.54431641": -0.014901033935917756,
    "0.55905283": -0.009318852853805341
  },
  "pc_model": {
    "0.13169659": -0.8655255589367582,
    "0.14643302": -0.8870592720897933,
    "0.16116944": -0.9087084986373607,
    "0.17590586": -0.9303571167575456,
    "0.19064228": -0.9518136258302674,
    "0.2053787": -0.9727766510205436,
    "0.22011513": -0.992751832472831,
    "0.23485155": -1.0109510234865304,
    "0.24958797": -1.0261126580235957,
    "0.26432439": -1.0362716027516414,
    "0.27906081": -1.0384552597998136,
    "0.29379724": -1.0284093492563373,
    "0.30853366": -1.0005844369531172,
    "0.32327008": -0.9488681313200951,
    "0.3380065": -0.8685967706810889,
    "0.35274292": -0.7598627365074382,
    "0.36747935": -0.6302509970791209,
    "0.38221577": -0.49407458094919116,
    "0.39695219": -0.3671649211239565,
    "0.41168861": -0.2606850549213457,
    "0.42642503": -0.17863859341837157,
    "0.44116146": -0.11931907897385693,
    "0.45589788": -0.07831565079611619,
    "0.4706343": -0.05082282578470079,
    "0.48537072": -0.03274629991407769,
    "0.50010714": -0.02100987543770425,
    "0.51484357": -0.013447056763235425,
    "0.52957999": -0.008596539762075932,
    "0.54431641": -0.0054933419703339,
    "0.55905283": -0.0035105108257629998
  }
}