evaluation,objective,grad_norm,k0_0,k0_1,alpha_0,alpha_1
1,10000000000.001797,0.002533191201223516,0.0013251897698739273,6.156365118291109e-07,0.629228816968772,0.13401266553977376
2,10000000000.001791,0.0024819995998042617,0.0013222902514992685,6.156513624691465e-07,0.6268814031928623,0.13405347981872326
