V_RHE,cd,pc,z_factor,converged
-0.5000,,,0.0000,False
-0.4000,,,0.0000,False
-0.3000,,,0.0000,False
-0.2000,,,0.0000,False
-0.1000,5.19743482e+103,5.19743482e+103,0.0000,False
0.0000,-1.73785666e-01,1.52883035e-05,1.0000,True
0.0500,-1.69853273e-01,1.53777627e-05,1.0000,True
0.1000,-1.63071608e-01,1.53876368e-05,1.0000,True
0.2000,7.08808868e+131,7.08808868e+131,0.0000,False
0.3000,,,0.0000,False
0.4000,,,0.0000,False
0.5000,,,0.0000,False
0.6000,,,0.0000,False
