{
  "factor": 1e-06,
  "k0_targets": {
    "0": 0.0012631578947368421,
    "1": 1.263157894736842e-09
  },
  "v_rhe": [
    -0.4,
    -0.3604,
    -0.3208,
    -0.2812,
    -0.2417,
    -0.2021,
    -0.1625,
    -0.1229,
    -0.0833,
    -0.0437,
    -0.0042,
    0.0354,
    0.075,
    0.1146,
    0.1542,
    0.1938,
    0.2333,
    0.2729,
    0.3125,
    0.3521,
    0.3917,
    0.4313,
    0.4708,
    0.5104,
    0.55
  ],
  "phi_applied_hat": [
    -15.568697924103027,
    -14.027396829616826,
    -12.486095735130625,
    -10.944794640644428,
    -9.407385720639253,
    -7.866084626153054,
    -6.324783531666855,
    -4.783482437180655,
    -3.242181342694455,
    -1.7008802482082557,
    -0.16347132820308177,
    1.3778297662831178,
    2.919130860769317,
    4.460431955255516,
    6.001733049741716,
    7.543034144227916,
    9.08044306423309,
    10.621744158719288,
    12.163045253205489,
    13.70434634769169,
    15.245647442177887,
    16.786948536664088,
    18.32435745666926,
    19.86565855115546,
    21.406959645641663
  ],
  "cd_mA_cm2": [
    -1.4977091036595953,
    -1.4977048972216467,
    -1.49769982495141,
    -1.4976934743262302,
    -1.4976851932562787,
    -1.497673789664009,
    -1.4976572457635948,
    -1.4976318960820825,
    -1.4975913743880476,
    -1.4975266331743275,
    -1.4974331153106348,
    -1.4973238146244368,
    -1.497221318255424,
    -1.4971328673137383,
    -1.497053963001491,
    -1.4969772555379997,
    -1.4968938103088256,
    -1.4967877052876042,
    -1.4966230260592512,
    -1.4962968408243489,
    -1.4954731530973644,
    -1.492944778253653,
    -1.4841477898323236,
    -1.4508450671584376,
    -1.3205883440723765
  ],
  "pc_mA_cm2": [
    -0.00013349453467918779,
    -0.00010920482544918399,
    -8.854521967198786e-05,
    -7.128040023937972e-05,
    -5.714494931945474e-05,
    -4.573310455448228e-05,
    -3.673234737115825e-05,
    -2.978472099019327e-05,
    -2.4518833775970624e-05,
    -2.0505060457384265e-05,
    -1.7194433110713792e-05,
    -1.4014716162335337e-05,
    -1.0857853662098671e-05,
    -7.994104487966148e-06,
    -5.6414690667742494e-06,
    -3.8461141323644185e-06,
    -2.5508044630851395e-06,
    -1.649689455195947e-06,
    -1.0452163350528238e-06,
    -6.507033698820896e-07,
    -3.9898276382243686e-07,
    -2.4130618532986635e-07,
    -1.4412010054843376e-07,
    -8.435593594287085e-08,
    -4.726384186303856e-08
  ],
  "converged": [
    true,
    true,
    true,
    true,
    true,
    true,
    true,
    true,
    true,
    true,
    true,
    true,
    true,
    true,
    true,
    true,
    true,
    true,
    true,
    true,
    true,
    true,
    true,
    true,
    true
  ],
  "method": [
    "warm<--14.027",
    "warm<--12.486",
    "warm<--10.945",
    "warm<--9.407",
    "warm<--7.866",
    "warm<--6.325",
    "warm<--4.783",
    "warm<--3.242",
    "warm<--1.701",
    "warm<--0.163",
    "warm<-+1.378",
    "warm<-+2.919",
    "warm<-+4.460",
    "warm<-+6.002",
    "warm<-+7.543",
    "warm<-+9.080",
    "warm<-+10.622",
    "warm<-+12.163",
    "warm<-+13.704",
    "warm<-+15.246",
    "warm<-+16.787",
    "warm<-+18.324",
    "warm<-+19.866",
    "warm<-+21.407",
    "warm<-+21.407"
  ],
  "n_converged": 25,
  "n_total": 25,
  "anchor": {
    "v_rhe": 0.55,
    "phi_applied_eta": 21.406959645641663,
    "stern_anchor_f_m2": 0.1,
    "stern_final_f_m2": 1.38,
    "stern_bump_ladder": [
      0.2,
      0.5,
      1.0,
      1.38
    ],
    "stern_bump_history": [
      [
        0.2,
        "ok"
      ],
      [
        0.5,
        "ok"
      ],
      [
        1.0,
        "ok"
      ],
      [
        1.38,
        "ok"
      ]
    ],
    "converged": true,
    "wall_seconds": 51.30195593833923,
    "ladder_history": [
      [
        1e-12,
        "ok"
      ],
      [
        1e-09,
        "ok"
      ],
      [
        1e-06,
        "ok"
      ],
      [
        0.001,
        "ok"
      ],
      [
        1.0,
        "ok"
      ]
    ]
  },
  "grid_wall_seconds": 516.852725982666,
  "config": {
    "K0_R4e_factor": 1e-06,
    "K0_R2e_basis_m_s": 2.4e-08,
    "alpha_R2e": 0.627,
    "alpha_R4e": 0.5,
    "E_eq_R2e_V": 0.695,
    "E_eq_R4e_V": 1.23,
    "n_electrons_R2e": 2,
    "n_electrons_R4e": 4,
    "stern_mode": "bump_ladder",
    "stern_anchor_f_m2": 0.1,
    "stern_final_f_m2": 1.38,
    "l_eff_m": 6e-06,
    "mesh_Nx": 8,
    "mesh_Ny": 80,
    "mesh_beta": 3.0,
    "exponent_clip": 100.0,
    "u_clamp": 100.0,
    "n_substeps_warm": 8,
    "bisect_depth_warm": 5,
    "initializer": "debye_boltzmann",
    "formulation": "logc_muh",
    "v_rhe_grid_n": 25,
    "v_rhe_grid_min": -0.4,
    "v_rhe_grid_max": 0.55,
    "anchor_v_rhe": 0.55,
    "counterions": [
      "Cs+",
      "SO4(2-)"
    ],
    "a_vals_hat_dynamic": {
      "O2_r_A": 1.7,
      "H2O2_r_A": 2.0,
      "Hp_r_A_H3Op_Stokes": 2.8,
      "O2_a_nondim": 1.487193648106637e-05,
      "H2O2_a_nondim": 2.4216464858239555e-05,
      "Hp_a_nondim": 6.644997957100934e-05
    },
    "enable_water_ionization": false,
    "enable_cation_hydrolysis": false,
    "lambda_hydrolysis": 0.0
  }
}