{
  "label": "yash_match_hydrolysis_on",
  "config": {
    "cation": "Cs+",
    "anion": "SO4(2-)",
    "pH_bulk": 4.0,
    "v_anchor": 0.55,
    "v_rhe_grid": [
      -0.4,
      -0.36,
      -0.32,
      -0.28,
      -0.24,
      -0.2,
      -0.16,
      -0.12,
      -0.08,
      -0.04,
      -0.0,
      0.04,
      0.08,
      0.12,
      0.15,
      0.19,
      0.23,
      0.27,
      0.31,
      0.35,
      0.39,
      0.43,
      0.47,
      0.51,
      0.55
    ],
    "k0_r4e_factor": 3e-17,
    "lambda_target": 1.0,
    "delta_beta_pm2": 0.0,
    "sigma_mapping": "stern",
    "stern_anchor_f_m2": 0.1,
    "stern_baseline_f_m2": 0.2,
    "l_eff_m": 6e-06,
    "enable_water_ionization": true,
    "enable_cation_hydrolysis": true,
    "i_scale_mA_cm2": 0.4399731180239999
  },
  "per_v_records": [
    {
      "v_rhe": -0.4,
      "snes_converged": true,
      "picard_status": "converged",
      "R_2e_current_nondim": 0.3483740808452681,
      "R_4e_current_nondim": 16.31835937231554,
      "cd_mA_cm2": -14.512554138735887,
      "pc_gross_mA_cm2": -0.15327523058823764,
      "gross_h2o2_pct": 2.0902361090991093,
      "theta": 0.9225850353392429,
      "gamma_final": 0.04336149666094442,
      "sigma_S_C_per_m2": -0.036859601116867056,
      "pka_shift_avg": -1.592752066446531e-05,
      "mass_balance_residual_rel": 4.429081215259933e-16
    },
    {
      "v_rhe": -0.36,
      "snes_converged": true,
      "picard_status": "converged",
      "R_2e_current_nondim": 1.1633868631259627,
      "R_4e_current_nondim": 15.503268030264774,
      "cd_mA_cm2": -14.15390129531246,
      "pc_gross_mA_cm2": -0.5118589456376902,
      "gross_h2o2_pct": 6.9803261096341,
      "theta": 0.913783457210558,
      "gamma_final": 0.042947822488896226,
      "sigma_S_C_per_m2": -0.033165953952523405,
      "pka_shift_avg": -1.4331446920997523e-05,
      "mass_balance_residual_rel": 1.033452283560651e-15
    },
    {
      "v_rhe": -0.32,
      "snes_converged": true,
      "picard_status": "converged",
      "R_2e_current_nondim": 3.2310034492988553,
      "R_4e_current_nondim": 13.434505117623875,
      "cd_mA_cm2": -13.24319687335497,
      "pc_gross_mA_cm2": -1.421554661934316,
      "gross_h2o2_pct": 19.387367846137423,
      "theta": 0.9038541655539496,
      "gamma_final": 0.04248114578103563,
      "sigma_S_C_per_m2": -0.029478570641285007,
      "pka_shift_avg": -1.2738079871220129e-05,
      "mass_balance_residual_rel": 2.9527208101732886e-16
    },
    {
      "v_rhe": -0.28,
      "snes_converged": true,
      "picard_status": "converged",
      "R_2e_current_nondim": 6.722894432798815,
      "R_4e_current_nondim": 9.92924699970024,
      "cd_mA_cm2": -11.695096349921807,
      "pc_gross_mA_cm2": -2.957892825744685,
      "gross_h2o2_pct": 40.37255184296067,
      "theta": 0.8927043232849867,
      "gamma_final": 0.04195710319439438,
      "sigma_S_C_per_m2": -0.025796278089509603,
      "pka_shift_avg": -1.114691260587034e-05,
      "mass_balance_residual_rel": 0.0
    },
    {
      "v_rhe": -0.24,
      "snes_converged": true,
      "picard_status": "converged",
      "R_2e_current_nondim": 10.503155481895053,
      "R_4e_current_nondim": 6.043235419696909,
      "cd_mA_cm2": -9.938828327574491,
      "pc_gross_mA_cm2": -4.621106066460234,
      "gross_h2o2_pct": 63.477017703507315,
      "theta": 0.8802693435995294,
      "gamma_final": 0.04137265914917788,
      "sigma_S_C_per_m2": -0.022117393594353742,
      "pka_shift_avg": -9.55721800681613e-06,
      "mass_balance_residual_rel": 2.9527208101732886e-16
    },
    {
      "v_rhe": -0.2,
      "snes_converged": true,
      "picard_status": "converged",
      "R_2e_current_nondim": 12.888292580290685,
      "R_4e_current_nondim": 3.0290628868529423,
      "cd_mA_cm2": -8.335914758594985,
      "pc_gross_mA_cm2": -5.670502272556075,
      "gross_h2o2_pct": 80.97006193581912,
      "theta": 0.8665191414527441,
      "gamma_final": 0.040726399648278976,
      "sigma_S_C_per_m2": -0.018439929491442412,
      "pka_shift_avg": -7.968137178018272e-06,
      "mass_balance_residual_rel": 1.4763604050866443e-16
    },
    {
      "v_rhe": -0.16,
      "snes_converged": true,
      "picard_status": "converged",
      "R_2e_current_nondim": 12.232582749865282,
      "R_4e_current_nondim": 1.3791546305423097,
      "cd_mA_cm2": -6.595589500018696,
      "pc_gross_mA_cm2": -5.382007573944823,
      "gross_h2o2_pct": 89.86790156172546,
      "theta": 0.8514554671248975,
      "gamma_final": 0.04001840695487018,
      "sigma_S_C_per_m2": -0.01476191694214996,
      "pka_shift_avg": -6.378819358292569e-06,
      "mass_balance_residual_rel": 1.4763604050866443e-16
    },
    {
      "v_rhe": -0.12,
      "snes_converged": true,
      "picard_status": "converged",
      "R_2e_current_nondim": 9.155711206158935,
      "R_4e_current_nondim": 0.7188295427703322,
      "cd_mA_cm2": -4.660798157621883,
      "pc_gross_mA_cm2": -4.028266807101024,
      "gross_h2o2_pct": 92.72037494150523,
      "theta": 0.8351309417301493,
      "gamma_final": 0.03925115426131702,
      "sigma_S_C_per_m2": -0.011081175247415958,
      "pka_shift_avg": -4.788322238761672e-06,
      "mass_balance_residual_rel": 4.429081215259933e-16
    },
    {
      "v_rhe": -0.08,
      "snes_converged": true,
      "picard_status": "converged",
      "R_2e_current_nondim": 6.252156872601333,
      "R_4e_current_nondim": 0.47453129891841855,
      "cd_mA_cm2": -3.16834298398382,
      "pc_gross_mA_cm2": -2.7507809536135883,
      "gross_h2o2_pct": 92.94554338154778,
      "theta": 0.8176657615245972,
      "gamma_final": 0.03843029079165607,
      "sigma_S_C_per_m2": -0.007395209624903941,
      "pka_shift_avg": -3.1955677910147105e-06,
      "mass_balance_residual_rel": 1.4763604050866443e-16
    },
    {
      "v_rhe": -0.04,
      "snes_converged": true,
      "picard_status": "converged",
      "R_2e_current_nondim": 4.3871074609800385,
      "R_4e_current_nondim": 0.405744696317119,
      "cd_mA_cm2": -2.2872428670344234,
      "pc_gross_mA_cm2": -1.930209348713741,
      "gross_h2o2_pct": 91.53437905028284,
      "theta": 0.799218555308878,
      "gamma_final": 0.037563272099517264,
      "sigma_S_C_per_m2": -0.0037018668507074514,
      "pka_shift_avg": -1.5996255785513928e-06,
      "mass_balance_residual_rel": 1.4763604050866443e-16
    },
    {
      "v_rhe": -0.0,
      "snes_converged": true,
      "picard_status": "converged",
      "R_2e_current_nondim": 3.3090733152531087,
      "R_4e_current_nondim": 0.4412460069903134,
      "cd_mA_cm2": -1.8441760673042582,
      "pc_gross_mA_cm2": -1.4559033042819247,
      "gross_h2o2_pct": 88.23444168145228,
      "theta": 0.7799726402346047,
      "gamma_final": 0.03665871409102642,
      "sigma_S_C_per_m2": 5.656203770427554e-07,
      "pka_shift_avg": 0.0,
      "mass_balance_residual_rel": 2.9527208101732886e-16
    },
    {
      "v_rhe": 0.04,
      "snes_converged": true,
      "picard_status": "converged",
      "R_2e_current_nondim": 2.6285184423794887,
      "R_4e_current_nondim": 0.5558686790057771,
      "cd_mA_cm2": -1.6456120067053992,
      "pc_gross_mA_cm2": -1.1564774548772911,
      "gross_h2o2_pct": 82.54393521212445,
      "theta": 0.7601274444106083,
      "gamma_final": 0.03572598988729859,
      "sigma_S_C_per_m2": 0.003713416881439051,
      "pka_shift_avg": 0.0,
      "mass_balance_residual_rel": 2.9527208101732886e-16
    },
    {
      "v_rhe": 0.08,
      "snes_converged": true,
      "picard_status": "converged",
      "R_2e_current_nondim": 2.1030150626999653,
      "R_4e_current_nondim": 0.7243153413930992,
      "cd_mA_cm2": -1.562628652758224,
      "pc_gross_mA_cm2": -0.9252700943875414,
      "gross_h2o2_pct": 74.38165202253957,
      "theta": 0.7398816027426283,
      "gamma_final": 0.03477443532890353,
      "sigma_S_C_per_m2": 0.007437637913289058,
      "pka_shift_avg": 0.0,