{
  "l_eff_m": 6.6e-05,
  "ratio": 1e-18,
  "k0_targets": {
    "0": 0.0012631578947368421,
    "1": 1.2631578947368422e-21
  },
  "v_rhe": [
    -0.4,
    -0.3208,
    -0.2417,
    -0.1625,
    -0.0833,
    -0.0042,
    0.075,
    0.1542,
    0.2333,
    0.3125,
    0.3917,
    0.4708,
    0.55
  ],
  "phi_applied_hat": [
    -15.568697924103027,
    -12.486095735130625,
    -9.407385720639253,
    -6.324783531666855,
    -3.242181342694455,
    -0.16347132820308177,
    2.919130860769317,
    6.001733049741716,
    9.08044306423309,
    12.163045253205489,
    15.245647442177887,
    18.32435745666926,
    21.406959645641663
  ],
  "cd_mA_cm2": [
    -1.1215864178608934,
    -0.8287751512224522,
    -0.690245029314151,
    -0.652217080313709,
    -0.44277244324250564,
    -0.21858865456107063,
    -0.15046957213872122,
    -0.13820694668031183,
    -0.13641722526169586,
    -0.13597035206842195,
    -0.13467876871760262,
    -0.12786686402826175,
    -0.0959091049448756
  ],
  "pc_mA_cm2": [
    -0.21683275870492522,
    -0.5061548792885008,
    -0.64239782073055,
    -0.6480839555787029,
    -0.44217548426669506,
    -0.218278386815269,
    -0.14992186214166223,
    -0.13628462829462853,
    -0.1289327896058052,
    -0.11153614073014563,
    -0.08004738911074907,
    -0.04679688897445414,
    -0.021551434703109083
  ],
  "j_ring_mA_cm2": [
    0.04857053794990325,
    0.11337869296062418,
    0.1438971118436432,
    0.14517080604962945,
    0.0990473084757397,
    0.048894358646620256,
    0.03358249711973234,
    0.030527756737996792,
    0.028880944871700367,
    0.024984095523552623,
    0.01793061516080779,
    0.010482503130277727,
    0.004827521373496435
  ],
  "S_H2O2_percent": [
    32.401322769640124,
    75.8324208340368,
    96.40960002284213,
    99.68214093345165,
    99.93254303928472,
    99.92897890744422,
    99.81766790442241,
    99.29968036874763,
    97.17941012378388,
    90.12785035980369,
    74.55765047008155,
    53.5851178850216,
    36.695616702760226
  ],
  "n_e_rrde": [
    3.3519735446071977,
    2.4833515833192643,
    2.0718079995431578,
    2.0063571813309666,
    2.0013491392143057,
    2.001420421851116,
    2.0036466419115517,
    2.0140063926250473,
    2.056411797524322,
    2.1974429928039267,
    2.508846990598369,
    2.928297642299568,
    3.2660876659447955
  ],
  "surface_pH_proxy": [
    10.598726229250623,
    10.544256167677213,
    10.54974836866778,
    10.622506584791708,
    10.49802309287673,
    10.024087720941848,
    9.353335364291752,
    8.591445065627177,
    7.813492794368725,
    7.051110762723115,
    6.327999915190827,
    5.647927349422193,
    5.0182043939611445
  ],
  "c_H_surface_nondim": [
    2.0993871020052027e-08,
    2.3799212472293202e-08,
    2.3500136522513842e-08,
    1.987523027749069e-08,
    2.6472542918493833e-08,
    7.883717125142198e-08,
    3.69388516189017e-07,
    2.134881079716038e-06,
    1.2803419038274887e-05,
    7.408119703271505e-05,
    0.0003915785003052535,
    0.0018745257237217639,
    0.007991243422719436
  ],
  "N_collection_used": 0.224,
  "converged": [
    true,
    true,
    true,
    true,
    true,
    true,
    true,
    true,
    true,
    true,
    true,
    true,
    true
  ],
  "method": [
    "warm<--12.486",
    "warm<--9.407",
    "warm<--6.325",
    "warm<--3.242",
    "warm<--0.163",
    "warm<-+2.919",
    "warm<-+6.002",
    "warm<-+9.080",
    "warm<-+12.163",
    "warm<-+15.246",
    "warm<-+18.324",
    "warm<-+21.407",
    "warm<-+21.407"
  ],
  "n_converged": 13,
  "n_total": 13,
  "anchor": {
    "v_rhe": 0.55,
    "phi_applied_eta": 21.406959645641663,
    "converged": true,
    "ladder_history": [
      [
        1e-12,
        "ok"
      ],
      [
        1e-09,
        "ok"
      ],
      [
        1e-06,
        "ok"
      ],
      [
        0.001,
        "ok"
      ],
      [
        1.0,
        "fail"
      ],
      [
        0.03162277660168379,
        "ok"
      ],
      [
        1.0,
        "ok"
      ]
    ],
    "wall_seconds": 23.24617099761963
  },
  "grid_wall_seconds": 459.69154930114746,
  "config": {
    "l_eff_m": 6.6e-05,
    "domain_height_hat": 0.66,
    "ratio_K0_R4e_to_K0_R2e": 1e-18,
    "mesh_Nx": 8,
    "mesh_Ny": 80,
    "mesh_beta": 3.0,
    "exponent_clip": 100.0,
    "u_clamp": 100.0,
    "stern_capacitance_f_m2": 0.1,
    "ic": "debye_boltzmann",
    "formulation": "logc_muh",
    "initial_scales": [
      1e-12,
      1e-09,
      1e-06,
      0.001,
      1.0
    ],
    "max_inserts_per_step": 4,
    "ic_at_target": true,
    "n_substeps_warm": 8,
    "bisect_depth_warm": 5,
    "v_rhe_grid_n": 13,
    "v_rhe_grid_min": -0.4,
    "v_rhe_grid_max": 0.55,
    "anchor_v_rhe": 0.55,
    "n_collection": 0.224,
    "enable_water_ionization": false,
    "kw_eff_hat_target": 0.0
  }
}