{
  "config": {
    "input_dir": "/Users/jakeweinstein/Desktop/ResearchForwardSolverClone/FireDrakeEnvCG/PNPInverse/StudyResults/v19_bv_lograte_audit/extended_v_to_60",
    "V_GRID": [
      -0.1,
      0.1,
      0.2,
      0.3,
      0.4,
      0.5,
      0.6
    ],
    "n_residuals": 14,
    "n_params": 4,
    "rel_noise": 0.02,
    "abs_floors": [
      1e-06,
      1e-07,
      1e-08,
      1e-09
    ]
  },
  "results": [
    {
      "noise_model": "A_global_2pct_max",
      "sigma_cd_min": 0.0035603758708275058,
      "sigma_cd_max": 0.0035603758708275058,
      "sigma_pc_min": 3.0875246647367565e-07,
      "sigma_pc_max": 3.0875246647367565e-07,
      "sv_min": 2.5100616146166828,
      "sv_max": 10630.609377338576,
      "cond_F": 17936906.94196887,
      "ridge_cos": 0.03079363538390727,
      "weak_eigvec": {
        "log_k0_1": 0.9993674447098045,
        "log_k0_2": 0.03077714581279706,
        "alpha_1": -0.01778375947387133,
        "alpha_2": -0.0011025646416763007
      },
      "weak_eigvec_str": "[+0.999,+0.031,-0.018,-0.001]"
    },
    {
      "noise_model": "B_local_2pct",
      "sigma_cd_min": 3.647955796313684e-11,
      "sigma_cd_max": 0.0035603758708275058,
      "sigma_pc_min": 5.4086958675129377e-11,
      "sigma_pc_max": 3.0875246647367565e-07,
      "sv_min": 66.8999461914963,
      "sv_max": 56105.3752581036,
      "cond_F": 703327.1881639444,
      "ridge_cos": 0.05560430661152678,
      "weak_eigvec": {
        "log_k0_1": 0.9982268032070669,
        "log_k0_2": 0.055544952015665436,
        "alpha_1": -0.02113233531230381,
        "alpha_2": -0.003381134251313967
      },
      "weak_eigvec_str": "[+0.998,+0.056,-0.021,-0.003]"
    },
    {
      "noise_model": "C_local_2pct_floor_1e-06",
      "sigma_cd_min": 1.000000000665379e-06,
      "sigma_cd_max": 0.0035603760112621137,
      "sigma_pc_min": 1.0000000014626996e-06,
      "sigma_pc_max": 1.0465792304233724e-06,
      "sv_min": 2.873746024127026,
      "sv_max": 3305.1442219046835,
      "cond_F": 1322769.1664161428,
      "ridge_cos": 0.020214990164908877,
      "weak_eigvec": {
        "log_k0_1": 0.9995471157831356,
        "log_k0_2": 0.020146074682357268,
        "alpha_1": -0.022085481626147346,
        "alpha_2": -0.003454056434008583
      },
      "weak_eigvec_str": "[+1.000,+0.020,-0.022,-0.003]"
    },
    {
      "noise_model": "C_local_2pct_floor_1e-07",
      "sigma_cd_min": 1.0000000665379051e-07,
      "sigma_cd_max": 0.003560375872231852,
      "sigma_pc_min": 1.0000001462699441e-07,
      "sigma_pc_max": 3.245428870790087e-07,
      "sv_min": 5.217623144733018,
      "sv_max": 28246.663884235666,
      "cond_F": 29308184.018056456,
      "ridge_cos": 0.011044290853644008,
      "weak_eigvec": {
        "log_k0_1": 0.9997838464781672,
        "log_k0_2": 0.011029845319801326,
        "alpha_1": -0.017605923716647806,
        "alpha_2": -0.0007964192524862267
      },
      "weak_eigvec_str": "[+1.000,+0.011,-0.018,-0.001]"
    },
    {
      "noise_model": "C_local_2pct_floor_1e-08",
      "sigma_cd_min": 1.0000066537686097e-08,
      "sigma_cd_max": 0.0035603758708415492,
      "sigma_pc_min": 1.0000146268885208e-08,
      "sigma_pc_max": 3.0891436605243567e-07,
      "sv_min": 5.35452375135984,
      "sv_max": 55280.42275344454,
      "cond_F": 106586208.0369394,
      "ridge_cos": 0.011180192000466556,
      "weak_eigvec": {
        "log_k0_1": 0.9997841571356,
        "log_k0_2": 0.011166971123812586,
        "alpha_1": -0.017503995077307467,
        "alpha_2": -0.0007403059579137141
      },
      "weak_eigvec_str": "[+1.000,+0.011,-0.018,-0.001]"
    },
    {
      "noise_model": "C_local_2pct_floor_1e-09",
      "sigma_cd_min": 1.0006651578571055e-09,
      "sigma_cd_max": 0.0035603758708276463,
      "sigma_pc_min": 1.0014616313662373e-09,
      "sigma_pc_max": 3.087540858896902e-07,
      "sv_min": 6.059949033189785,
      "sv_max": 56083.08117457203,
      "cond_F": 85649689.87551735,
      "ridge_cos": 0.011307761029823801,
      "weak_eigvec": {
        "log_k0_1": 0.9997823780376648,
        "log_k0_2": 0.011294291259062414,
        "alpha_1": -0.017523355774366495,
        "alpha_2": -0.0007533609447410447
      },
      "weak_eigvec_str": "[+1.000,+0.011,-0.018,-0.001]"
    }
  ]
}