evaluation,objective,grad_norm,k0_0,k0_1,alpha_0,alpha_1
1,0.0023982740045385897,0.3687218091815315,0.0025263157894736847,2.6315789473684212e-05,0.5,0.4
2,0.35043137624687576,0.00021741875590996552,0.002487051301831332,2.6731251755832543e-05,0.2796027517081925,0.6954458779773725
3,20000000000.0,28.28451013636408,0.0025241611219739674,2.6338253086190816e-05,0.48799465192273966,0.4160933524833032
