{
  "v_rhe": 0.0,
  "mesh_Ny": 200,
  "exponent_clip": 50.0,
  "u_clamp": 100.0,
  "formulation": "logc_muh",
  "initializer_sequential": "debye_boltzmann",
  "step_a": {
    "converged": true,
    "method": "cold",
    "achieved_z_factor": 1.0,
    "wall_seconds": 96.63735103607178,
    "cd_mA_cm2": -0.1747319910333933,
    "pc_mA_cm2": 3.6838899334950215e-05,
    "dof_count": 7236
  },
  "step_b": {
    "v_rhe": 0.0,
    "phi_applied_hat": 0.0,
    "dof_count": 7236,
    "snes_traceback_tail": [
      "petsc4py.PETSc.Error: error code 91",
      "[0] SNESSolve() at /Users/jakeweinstein/Desktop/ResearchForwardSolverClone/FireDrakeEnvCG/petsc/src/snes/interface/snes.c:4919",
      "[0] SNESSolve has not converged"
    ],
    "snes_converged": false,
    "snes_error": "Error: error code 91\n[0] SNESSolve() at /Users/jakeweinstein/Desktop/ResearchForwardSolverClone/FireDrakeEnvCG/petsc/src/snes/interface/snes.c:4919\n[0] SNESSolve has not converged",
    "cd_mA_cm2": -213911969580446.1,
    "gross_h2o2_current_mA_cm2": 813263967451.6348,
    "R_0_mA_cm2": 813263967451.6348,
    "R_1_mA_cm2": -107362616773949.25,
    "solver_diagnostics": {
      "phase": "warmstart_probe_parallel",
      "max_phi": 0.0,
      "min_phi": -3.303536604754227,
      "max_u0": 0.0,
      "min_u0": -0.2182947017415216,
      "max_u1": 55.24313164626465,
      "min_u1": -9.612432430935154,
      "max_u2": -2.4849066497880004,
      "min_u2": -16.340057250067577,
      "max_mu2": -2.4849066497880004,
      "min_mu2": -16.537624610107745,
      "electrode_area_nondim": 1.0,
      "u0_surface_mean": -0.21790010710355104,
      "c0_surface_mean": 0.804205772098189,
      "u1_surface_mean": 54.944018552987046,
      "c1_surface_mean": 7.275855598066982e+23,
      "u2_surface_mean": -16.316944494685217,
      "c2_surface_mean": 8.196737828035233e-08,
      "mu2_surface_mean": -16.516607011977978,
      "phi_surface_mean": -0.1996625172927621,
      "c_counterion0_surface_mean": 6.90086635264657e-12,
      "c_counterion0_z": -1,
      "c_counterion0_steric_mode": "bikerman",
      "surface_counterion_within_steric": true,
      "picard_iters": null,
      "initializer_fallback": false,
      "snes_reason": "no_solver_on_ctx",
      "snes_iters": null
    },
    "wall_seconds": 4.613353967666626
  },
  "verdict": "step_b_diverged_picard_rewrite_needed"
}