{
  "l_eff_m": 0.0001,
  "ratio": 1e-18,
  "k0_targets": {
    "0": 0.0012631578947368421,
    "1": 1.2631578947368422e-21
  },
  "v_rhe": [
    -0.4,
    -0.3208,
    -0.2417,
    -0.1625,
    -0.0833,
    -0.0042,
    0.075,
    0.1542,
    0.2333,
    0.3125,
    0.3917,
    0.4708,
    0.55
  ],
  "phi_applied_hat": [
    -15.568697924103027,
    -12.486095735130625,
    -9.407385720639253,
    -6.324783531666855,
    -3.242181342694455,
    -0.16347132820308177,
    2.919130860769317,
    6.001733049741716,
    9.08044306423309,
    12.163045253205489,
    15.245647442177887,
    18.32435745666926,
    21.406959645641663
  ],
  "cd_mA_cm2": [
    -0.08986577393505477,
    -0.08986571026440082,
    -0.08986564816894563,
    -0.08986557108727426,
    -0.08986547790364993,
    -0.08986537373739831,
    -0.08986506152542582,
    -0.08986303239467473,
    -0.08984769135487766,
    -0.08973646352409256,
    -0.08902414789665494,
    -0.08507373185756174,
    -0.06612662342786711
  ],
  "pc_mA_cm2": [
    -0.08986574224219597,
    -0.08986557538916773,
    -0.08986507625462596,
    -0.08986314000724695,
    -0.08985510932556413,
    -0.0898209921276984,
    -0.08967375460340046,
    -0.08904076912350457,
    -0.08645438538537806,
    -0.07771660472665308,
    -0.058932430055195724,
    -0.03609769103115369,
    -0.017331685795045567
  ],
  "j_ring_mA_cm2": [
    0.020129926262251897,
    0.020129888887173573,
    0.020129777081036217,
    0.020129343361623316,
    0.020127544488926365,
    0.02011990223660444,
    0.020086921031161706,
    0.019945132283665026,
    0.019365782326324684,
    0.01740851945877029,
    0.013200864332363843,
    0.008085882790978428,
    0.003882297618090207
  ],
  "S_H2O2_percent": [
    99.99998236655458,
    99.99992495728688,
    99.99968179379374,
    99.99864736134116,
    99.99423072323229,
    99.97530051348848,
    99.89344536955836,
    99.54038803860377,
    98.07528871341717,
    92.82195368349964,
    79.66179114303932,
    59.58119525311843,
    41.53375728893227
  ],
  "n_e_rrde": [
    2.0000003526689083,
    2.0000015008542626,
    2.000006364124125,
    2.000027052773177,
    2.000115385535354,
    2.0004939897302307,
    2.0021310926088325,
    2.009192239227925,
    2.0384942257316565,
    2.1435609263300073,
    2.4067641771392134,
    2.8083760949376315,
    3.169324854221354
  ],
  "surface_pH_proxy": [
    14.140058183620127,
    13.362729910126685,
    12.587582468041768,
    11.811344607125566,
    11.033502390904143,
    10.253723117688306,
    9.469309120590188,
    8.681809367143394,
    7.89633070092174,
    7.124275696859812,
    6.388446121457393,
    5.698435240309327,
    5.059871430801666
  ],
  "c_H_surface_nondim": [
    6.036157599234582e-12,
    3.6148380398743424e-11,
    2.1539533139523196e-10,
    1.2866906551729738e-09,
    7.714652404720826e-09,
    4.6461757769056796e-08,
    2.8281968443851267e-07,
    1.7338414724711745e-06,
    1.0580058110055025e-05,
    6.25954919655619e-05,
    0.00034070039140391914,
    0.001668720163476806,
    0.007260178912586059
  ],
  "N_collection_used": 0.224,
  "converged": [
    true,
    true,
    true,
    true,
    true,
    true,
    true,
    true,
    true,
    true,
    true,
    true,
    true
  ],
  "method": [
    "warm<--12.486",
    "warm<--9.407",
    "warm<--6.325",
    "warm<--3.242",
    "warm<--0.163",
    "warm<-+2.919",
    "warm<-+6.002",
    "warm<-+9.080",
    "warm<-+12.163",
    "warm<-+15.246",
    "warm<-+18.324",
    "warm<-+21.407",
    "warm<-+21.407"
  ],
  "n_converged": 13,
  "n_total": 13,
  "anchor": {
    "v_rhe": 0.55,
    "phi_applied_eta": 21.406959645641663,
    "converged": true,
    "ladder_history": [
      [
        1e-12,
        "ok"
      ],
      [
        1e-09,
        "ok"
      ],
      [
        1e-06,
        "ok"
      ],
      [
        0.001,
        "ok"
      ],
      [
        1.0,
        "fail"
      ],
      [
        0.03162277660168379,
        "ok"
      ],
      [
        1.0,
        "ok"
      ]
    ],
    "wall_seconds": 30.91638708114624
  },
  "grid_wall_seconds": 352.3227231502533,
  "config": {
    "l_eff_m": 0.0001,
    "domain_height_hat": 1.0,
    "ratio_K0_R4e_to_K0_R2e": 1e-18,
    "mesh_Nx": 8,
    "mesh_Ny": 80,
    "mesh_beta": 3.0,
    "exponent_clip": 100.0,
    "u_clamp": 100.0,
    "stern_capacitance_f_m2": 0.1,
    "ic": "debye_boltzmann",
    "formulation": "logc_muh",
    "initial_scales": [
      1e-12,
      1e-09,
      1e-06,
      0.001,
      1.0
    ],
    "max_inserts_per_step": 4,
    "ic_at_target": true,
    "n_substeps_warm": 8,
    "bisect_depth_warm": 5,
    "v_rhe_grid_n": 13,
    "v_rhe_grid_min": -0.4,
    "v_rhe_grid_max": 0.55,
    "anchor_v_rhe": 0.55,
    "n_collection": 0.224
  }
}