V_RHE,observable,param,adjoint,fd,rel_err,verdict
0.3,cd,log_k0_1,-3.762755036890343e-06,-3.762987070813522e-06,6.166216327938904e-05,PASS
0.3,cd,log_k0_2,-5.265029089387085e-13,6.470811341767021e-10,1.0008136582588034,FAIL
0.3,cd,alpha_1,-0.0001113042734103115,-0.00011134893559764751,0.00040110116092529935,PASS
0.3,cd,alpha_2,-5.265029026160978e-11,7.269580489244921e-08,1.000724254863668,FAIL
0.3,pc,log_k0_1,-1.2367081145283256e-12,2.3101646938190716e-11,1.053533331101336,FAIL
0.3,pc,log_k0_2,5.246744740690605e-13,-6.470828508301418e-10,1.0008108304421852,FAIL
0.3,pc,alpha_1,-3.65824765977802e-11,6.148120202865692e-09,1.0059501889017604,FAIL
0.3,pc,alpha_2,5.246744660117264e-11,-7.269597658602762e-08,1.0007217379704512,FAIL
