{
  "l_eff_m": 2.1e-05,
  "ratio": 1e-18,
  "k0_targets": {
    "0": 0.0012631578947368421,
    "1": 1.2631578947368422e-21
  },
  "v_rhe": [
    -0.4,
    -0.3208,
    -0.2417,
    -0.1625,
    -0.0833,
    -0.0042,
    0.075,
    0.1542,
    0.2333,
    0.3125,
    0.3917,
    0.4708,
    0.55
  ],
  "phi_applied_hat": [
    -15.568697924103027,
    -12.486095735130625,
    -9.407385720639253,
    -6.324783531666855,
    -3.242181342694455,
    -0.16347132820308177,
    2.919130860769317,
    6.001733049741716,
    9.08044306423309,
    12.163045253205489,
    15.245647442177887,
    18.32435745666926,
    21.406959645641663
  ],
  "cd_mA_cm2": [
    -0.42794066236007877,
    -0.427939020095162,
    -0.42793716192230635,
    -0.42793511434639064,
    -0.4279329681750964,
    -0.42793076458231855,
    -0.4279273311813285,
    -0.4279096406999264,
    -0.4277695809118963,
    -0.42678577753007163,
    -0.42102886989176447,
    -0.3912534798014312,
    -0.2591640596281409
  ],
  "pc_mA_cm2": [
    -0.42793991879661986,
    -0.42793587303760444,
    -0.42792390234415056,
    -0.42787915988622277,
    -0.4276962811076952,
    -0.4269281409926828,
    -0.42368861038550093,
    -0.4106950850428678,
    -0.3680499251462466,
    -0.27892823410398854,
    -0.17349892706356312,
    -0.09146687641057175,
    -0.03781668351181596
  ],
  "j_ring_mA_cm2": [
    0.09585854181044284,
    0.0958576355604234,
    0.09585495412508972,
    0.09584493181451391,
    0.09580396696812372,
    0.09563190358236094,
    0.09490624872635221,
    0.09199569904960238,
    0.08244318323275925,
    0.062479924439293434,
    0.038863759662238144,
    0.02048858031596807,
    0.008470937106646776
  ],
  "S_H2O2_percent": [
    99.99991312298991,
    99.99963229934856,
    99.99845073240164,
    99.9934618454199,
    99.97233766054636,
    99.88271472834907,
    99.50227319746634,
    97.94723841535584,
    92.49582910307723,
    79.04851809818496,
    58.36528685524176,
    37.89642397860719,
    25.46743139772821
  ],
  "n_e_rrde": [
    2.0000017375402024,
    2.0000073540130288,
    2.0000309853519673,
    2.000130763091602,
    2.0005532467890728,
    2.0023457054330187,
    2.009954536050673,
    2.041055231692883,
    2.1500834179384554,
    2.419029638036301,
    2.8326942628951643,
    3.2420715204278565,
    3.490651372045436
  ],
  "surface_pH_proxy": [
    13.783127212294776,
    13.008624122165205,
    12.236790580195239,
    11.464315171754183,
    10.690546935553025,
    9.915064094924125,
    9.135725855126072,
    8.357148334610814,
    7.593413384987191,
    6.863145617631158,
    6.1724390264941,
    5.514510140212089,
    4.908785554132892
  ],
  "c_H_surface_nondim": [
    1.3730664060180919e-11,
    8.169484098684897e-11,
    4.830901402754432e-10,
    2.860905958186721e-09,
    1.6993068903781823e-08,
    1.013338770229529e-07,
    6.096672956712263e-07,
    3.6615959523974083e-06,
    2.1252272162309825e-05,
    0.00011420184922423893,
    0.0005602472422609985,
    0.0025486406972806495,
    0.010280948882571757
  ],
  "N_collection_used": 0.224,
  "converged": [
    true,
    true,
    true,
    true,
    true,
    true,
    true,
    true,
    true,
    true,
    true,
    true,
    true
  ],
  "method": [
    "warm<--12.486",
    "warm<--9.407",
    "warm<--6.325",
    "warm<--3.242",
    "warm<--0.163",
    "warm<-+2.919",
    "warm<-+6.002",
    "warm<-+9.080",
    "warm<-+12.163",
    "warm<-+15.246",
    "warm<-+18.324",
    "warm<-+21.407",
    "warm<-+21.407"
  ],
  "n_converged": 13,
  "n_total": 13,
  "anchor": {
    "v_rhe": 0.55,
    "phi_applied_eta": 21.406959645641663,
    "converged": true,
    "ladder_history": [
      [
        1e-12,
        "ok"
      ],
      [
        1e-09,
        "ok"
      ],
      [
        1e-06,
        "ok"
      ],
      [
        0.001,
        "ok"
      ],
      [
        1.0,
        "fail"
      ],
      [
        0.03162277660168379,
        "ok"
      ],
      [
        1.0,
        "ok"
      ]
    ],
    "wall_seconds": 23.55469012260437
  },
  "grid_wall_seconds": 237.0133879184723,
  "config": {
    "l_eff_m": 2.1e-05,
    "domain_height_hat": 0.20999999999999996,
    "ratio_K0_R4e_to_K0_R2e": 1e-18,
    "mesh_Nx": 8,
    "mesh_Ny": 80,
    "mesh_beta": 3.0,
    "exponent_clip": 100.0,
    "u_clamp": 100.0,
    "stern_capacitance_f_m2": 0.1,
    "ic": "debye_boltzmann",
    "formulation": "logc_muh",
    "initial_scales": [
      1e-12,
      1e-09,
      1e-06,
      0.001,
      1.0
    ],
    "max_inserts_per_step": 4,
    "ic_at_target": true,
    "n_substeps_warm": 8,
    "bisect_depth_warm": 5,
    "v_rhe_grid_n": 13,
    "v_rhe_grid_min": -0.4,
    "v_rhe_grid_max": 0.55,
    "anchor_v_rhe": 0.55,
    "n_collection": 0.224
  }
}