{
  "V_RHE": 0.55,
  "passes": [
    {
      "label": "A_pure_2e",
      "ok": true,
      "reason": "",
      "iters": 20,
      "state_summary": {
        "R_list": [
          -1.8749775416022967e-09,
          0.0
        ],
        "c_s_list": [
          1.0000000018749775,
          9.999777346416935e-05,
          0.08333333371594072
        ],
        "phi_o": 4.591288449991508e-09,
        "psi_D": 21.406959641050374,
        "psi_S": 0.0,
        "gamma_s": 1.0,
        "eta_list": [
          -5.643652997487344,
          -26.466786470975137
        ]
      }
    },
    {
      "label": "B_pure_4e",
      "ok": true,
      "reason": "",
      "iters": 20,
      "state_summary": {
        "R_list": [
          0.0,
          7.989471814721407e-18
        ],
        "c_s_list": [
          1.0,
          0.0001,
          0.08333333333333334
        ],
        "phi_o": 0.0,
        "psi_D": 21.406959645641663,
        "psi_S": 0.0,
        "gamma_s": 1.0,
        "eta_list": [
          -5.643652997487344,
          -26.466786470975137
        ]
      }
    },
    {
      "label": "C_mixed",
      "ok": true,
      "reason": "",
      "iters": 21,
      "state_summary": {
        "R_list": [
          -1.874978435662112e-09,
          7.989475932835472e-18
        ],
        "c_s_list": [
          1.0000000018749784,
          9.999777346310766e-05,
          0.0833333337159409
        ],
        "phi_o": 4.591290670437547e-09,
        "psi_D": 21.406959641050374,
        "psi_S": 0.0,
        "gamma_s": 1.0,
        "eta_list": [
          -5.643652997487344,
          -26.466786470975137
        ]
      }
    }
  ]
}