{
  "v_rhe": [
    -0.5,
    -0.3,
    -0.1,
    0.0,
    0.1,
    0.3,
    0.5,
    0.55,
    0.6,
    0.65,
    0.66,
    0.68,
    0.7,
    0.75,
    1.0
  ],
  "passes": [
    "4sp_no_stern_clip50",
    "4sp_stern_0p10_clip50"
  ],
  "cs_f_m2": [
    null,
    0.1
  ],
  "mesh_Ny": 200,
  "exponent_clip": 50.0,
  "u_clamp": 100.0,
  "initializer": "linear_phi",
  "steric_cap": 100.0,
  "reports": [
    {
      "label": "4sp_no_stern_clip50",
      "cs_f_m2": null,
      "wall_seconds": 374.80620288848877,
      "v_rhe": [
        -0.5,
        -0.3,
        -0.1,
        0.0,
        0.1,
        0.3,
        0.5,
        0.55,
        0.6,
        0.65,
        0.66,
        0.68,
        0.7,
        0.75,
        1.0
      ],
      "phi_applied_hat": [
        -19.460872405128782,
        -11.676523443077269,
        -3.892174481025757,
        0.0,
        3.892174481025757,
        11.676523443077269,
        19.460872405128782,
        21.406959645641663,
        23.353046886154537,
        25.29913412666742,
        25.688351574769992,
        26.466786470975144,
        27.245221367180292,
        29.191308607693173,
        38.921744810257564
      ],
      "cd_mA_cm2": [
        -0.18390326081039962,
        -0.18133201579813882,
        -0.17752892976532975,
        -0.1733124876228605,
        -0.16308111219787505,
        null,
        null,
        null,
        null,
        null,
        null,
        null,
        null,
        null,
        null
      ],
      "pc_mA_cm2": [
        -0.18111999898990291,
        -0.06499328510926462,
        2.882309741674236e-06,
        1.527303292261973e-05,
        1.5373290337883415e-05,
        null,
        null,
        null,
        null,
        null,
        null,
        null,
        null,
        null,
        null
      ],
      "converged": [
        true,
        true,
        true,
        true,
        true,
        false,
        false,
        false,
        false,
        false,
        false,
        false,
        false,
        false,
        false
      ],
      "method": [
        "warm<--11.677",
        "warm<--3.892",
        "cold",
        "cold",
        "cold",
        "cold-failed",
        "cold-failed",
        "cold-failed",
        "cold-failed",
        "cold-failed",
        "cold-failed",
        "cold-failed",
        "cold-failed",
        "cold-failed",
        "cold-failed"
      ],
      "z_achieved": [
        1.0,
        1.0,
        1.0,
        1.0,
        1.0,
        0.4,
        0.2,
        0.2,
        0.2,
        0.15000000000000002,
        0.15000000000000002,
        0.15000000000000002,
        0.15000000000000002,
        0.15000000000000002,
        0.1
      ],
      "n_converged": 5,
      "n_total": 15
    },
    {
      "label": "4sp_stern_0p10_clip50",
      "cs_f_m2": 0.1,
      "wall_seconds": 370.4156548976898,
      "v_rhe": [
        -0.5,
        -0.3,
        -0.1,
        0.0,
        0.1,
        0.3,
        0.5,
        0.55,
        0.6,
        0.65,
        0.66,
        0.68,
        0.7,
        0.75,
        1.0
      ],
      "phi_applied_hat": [
        -19.460872405128782,
        -11.676523443077269,
        -3.892174481025757,
        0.0,
        3.892174481025757,
        11.676523443077269,
        19.460872405128782,
        21.406959645641663,
        23.353046886154537,
        25.29913412666742,
        25.688351574769992,
        26.466786470975144,
        27.245221367180292,
        29.191308607693173,
        38.921744810257564
      ],
      "cd_mA_cm2": [
        -0.18327808142316512,
        -0.1811004599387756,
        -0.17754050079287864,
        -0.17361998316609056,
        -0.16684979804503478,
        null,
        null,
        null,
        null,
        null,
        null,
        null,
        null,
        null,
        null
      ],
      "pc_mA_cm2": [
        1.526824222353106e-05,
        1.5269682426525044e-05,
        1.5275475165571083e-05,
        1.5294408847703583e-05,
        1.5343419348303802e-05,
        null,
        null,
        null,
        null,
        null,
        null,
        null,
        null,
        null,
        null
      ],
      "converged": [
        true,
        true,
        true,
        true,
        true,
        false,
        false,
        false,
        false,
        false,
        false,
        false,
        false,
        false,
        false
      ],
      "method": [
        "cold",
        "cold",
        "cold",
        "cold",
        "cold",
        "cold-failed",
        "cold-failed",
        "cold-failed",
        "cold-failed",
        "cold-failed",
        "cold-failed",
        "cold-failed",
        "cold-failed",
        "cold-failed",
        "cold-failed"
      ],
      "z_achieved": [
        1.0,
        1.0,
        1.0,
        1.0,
        1.0,
        0.5,
        0.25,
        0.25,
        0.2,
        0.2,
        0.2,
        0.2,
        0.15000000000000002,
        0.15000000000000002,
        0.1
      ],
      "n_converged": 5,
      "n_total": 15
    }
  ]
}