cap,V_RHE,converged,z_achieved,cd,pc,r1,r2
50,-0.1,True,1.0,-0.1780187935413753,2.9058459224003274e-06,0.48552753903226264,0.4855433900693559
50,0.1,True,1.0,-0.1630716026469924,1.5387636220261153e-05,0.4447259389203258,0.44480987660973403
50,0.2,True,1.0,-0.07860707039593896,1.5413833614734563e-05,0.21435397757561334,0.21443805816863126
50,0.3,True,1.0,-1.920080602170219e-05,1.5437623323683784e-05,1.0263852614231216e-05,9.447421560922696e-05
50,0.4,True,1.0,-1.5436038219745646e-05,1.543602633444875e-05,3.241642657660207e-11,8.420168402882398e-05
50,0.5,True,1.0,-1.1881599547239636e-05,1.1881656541473975e-05,-1.5544831810111274e-10,6.481284000833172e-05
50,0.6,True,1.0,1.8239778981568707e-09,2.7043479337565115e-09,-1.2350734114622975e-08,2.401155887578438e-09
