{
  "metadata": {
    "timestamp": "2026-03-14T22:51:25.181540+00:00",
    "x_true": [
      -2.898542359241223,
      -4.278753600952829,
      0.627,
      0.5
    ],
    "x_eval": [
      -2.398542359241223,
      -3.778753600952829,
      0.677,
      0.55
    ],
    "param_labels": [
      "log10_k0_1",
      "log10_k0_2",
      "alpha_1",
      "alpha_2"
    ],
    "step_sizes": [
      0.01,
      0.001,
      0.0001
    ],
    "reference_step": 0.0001,
    "note": "Evaluated at perturbed point (not optimum) so gradients are nonzero. Step sizes chosen for NN float32 precision."
  },
  "fd_gradients": {
    "0.01": [
      0.00426524319166767,
      -0.0005160253383843893,
      0.00484568815422487,
      -0.0004480108658214111
    ],
    "0.001": [
      0.004265626544077404,
      -0.0005164862024074294,
      0.0049648570673227,
      -0.0005607796384437917
    ],
    "0.0001": [
      0.004264185428225643,
      -0.0005176414403086464,
      0.004964059156361764,
      -0.0005604507510110959
    ]
  },
  "convergence_rates": {
    "log10_k0_1": -0.13431034224864613,
    "log10_k0_2": 0.14579731851351818,
    "alpha_1": 2.171290893358393,
    "alpha_2": 2.533873114758396
  },
  "analytic_gradient": [
    0.004265626544077404,
    -0.0005164862024074294,
    0.0049648570673227,
    -0.0005607796384437917
  ],
  "analytic_vs_fd_1e3_relative_diff": {
    "log10_k0_1": 0.0,
    "log10_k0_2": 0.0,
    "alpha_1": 0.0,
    "alpha_2": 0.0
  }
}