V_RHE,observable,param,adjoint,fd,rel_err,verdict
0.3,cd,log_k0_1,-3.762755036890343e-06,-3.7634816604236973e-06,0.00019307216001481886,PASS
0.3,cd,log_k0_2,-5.265029089387085e-13,2.5966993605605116e-09,1.0002027585160358,FAIL
0.3,cd,alpha_1,-0.0001113042734103115,-0.00011147704506127736,0.00154984060504017,PASS
0.3,cd,alpha_2,-5.265029026160978e-11,1.1576488761085365e-06,1.0000454803622656,FAIL
0.3,pc,log_k0_1,-1.2367081145283256e-12,9.459202417976841e-11,1.013074126759123,FAIL
0.3,pc,log_k0_2,5.246744740690605e-13,-2.596701077101014e-09,1.0002020542444012,FAIL
0.3,pc,alpha_1,-3.65824765977802e-11,2.4698396872364517e-08,1.0014811680606976,FAIL
0.3,pc,alpha_2,5.246744660117264e-11,-1.1576490481143875e-06,1.0000453224115604,FAIL
