{
  "l_eff_m": 2.1e-05,
  "ratio": 1e-30,
  "k0_targets": {
    "0": 0.0012631578947368421,
    "1": 1.2631578947368422e-33
  },
  "v_rhe": [
    -0.4,
    -0.3208,
    -0.2417,
    -0.1625,
    -0.0833,
    -0.0042,
    0.075,
    0.1542,
    0.2333,
    0.3125,
    0.3917,
    0.4708,
    0.55
  ],
  "phi_applied_hat": [
    -15.568697924103027,
    -12.486095735130625,
    -9.407385720639253,
    -6.324783531666855,
    -3.242181342694455,
    -0.16347132820308177,
    2.919130860769317,
    6.001733049741716,
    9.08044306423309,
    12.163045253205489,
    15.245647442177887,
    18.32435745666926,
    21.406959645641663
  ],
  "cd_mA_cm2": [
    -0.42794066182904483,
    -0.42793901784778815,
    -0.42793715245324904,
    -0.4279350785744009,
    -0.42793280603892325,
    -0.427930067358462,
    -0.42792435836107334,
    -0.42789692718654254,
    -0.42771059494070207,
    -0.42635525724493334,
    -0.4165812234261914,
    -0.3530998774000881,
    -0.1239000170188385
  ],
  "pc_mA_cm2": [
    -0.4279406618290445,
    -0.4279390178477874,
    -0.4279371524532473,
    -0.4279350785743997,
    -0.42793280603892364,
    -0.4279300673584611,
    -0.42792435836106907,
    -0.4278969271865247,
    -0.42771059494061997,
    -0.4263552572445728,
    -0.41658122342466175,
    -0.3530998773953293,
    -0.12390001701649017
  ],
  "j_ring_mA_cm2": [
    0.09585870824970597,
    0.09585833999790437,
    0.0958579221495274,
    0.09585745760066554,
    0.0958569485527189,
    0.09585633508829529,
    0.09585505627287948,
    0.09584891168978155,
    0.09580717326669888,
    0.0955035776227843,
    0.09331419404712424,
    0.07909437253655376,
    0.0277536038116938
  ],
  "S_H2O2_percent": [
    99.99999999999997,
    99.99999999999991,
    99.99999999999982,
    99.99999999999987,
    100.00000000000004,
    99.9999999999999,
    99.99999999999949,
    99.99999999999791,
    99.99999999999041,
    99.99999999995771,
    99.9999999998164,
    99.99999999932615,
    99.99999999905233
  ],
  "n_e_rrde": [
    2.000000000000001,
    2.0000000000000018,
    2.000000000000004,
    2.0000000000000027,
    1.999999999999999,
    2.000000000000002,
    2.0000000000000098,
    2.0000000000000413,
    2.0000000000001923,
    2.0000000000008455,
    2.0000000000036717,
    2.000000000013477,
    2.0000000000189533
  ],
  "surface_pH_proxy": [
    13.783126785413637,
    13.008622315695648,
    12.236782970114126,
    11.464283103116857,
    10.690411284644115,
    9.914489161006417,
    9.133287526135007,
    8.347111965755508,
    7.556913246385514,
    6.761574206063382,
    5.96721427185323,
    5.207571173100635,
    4.653753914298053
  ],
  "c_H_surface_nondim": [
    1.3730677556471183e-11,
    8.169518080132126e-11,
    4.830986054701806e-10,
    2.8611172174745557e-09,
    1.699837747981918e-08,
    1.014681151167922e-07,
    6.13099875331658e-07,
    3.7471992649131114e-06,
    2.3115617930823075e-05,
    0.00014429276242800432,
    0.0008986787697372313,
    0.005167108497692657,
    0.01849544733214736
  ],
  "N_collection_used": 0.224,
  "converged": [
    true,
    true,
    true,
    true,
    true,
    true,
    true,
    true,
    true,
    true,
    true,
    true,
    true
  ],
  "method": [
    "warm<--12.486",
    "warm<--9.407",
    "warm<--6.325",
    "warm<--3.242",
    "warm<--0.163",
    "warm<-+2.919",
    "warm<-+6.002",
    "warm<-+9.080",
    "warm<-+12.163",
    "warm<-+15.246",
    "warm<-+18.324",
    "warm<-+21.407",
    "warm<-+21.407"
  ],
  "n_converged": 13,
  "n_total": 13,
  "anchor": {
    "v_rhe": 0.55,
    "phi_applied_eta": 21.406959645641663,
    "converged": true,
    "ladder_history": [
      [
        1e-12,
        "ok"
      ],
      [
        1e-09,
        "ok"
      ],
      [
        1e-06,
        "ok"
      ],
      [
        0.001,
        "ok"
      ],
      [
        1.0,
        "fail"
      ],
      [
        0.03162277660168379,
        "ok"
      ],
      [
        1.0,
        "ok"
      ]
    ],
    "wall_seconds": 24.613903045654297
  },
  "grid_wall_seconds": 185.97601580619812,
  "config": {
    "l_eff_m": 2.1e-05,
    "domain_height_hat": 0.20999999999999996,
    "ratio_K0_R4e_to_K0_R2e": 1e-30,
    "mesh_Nx": 8,
    "mesh_Ny": 80,
    "mesh_beta": 3.0,
    "exponent_clip": 100.0,
    "u_clamp": 100.0,
    "stern_capacitance_f_m2": 0.1,
    "ic": "debye_boltzmann",
    "formulation": "logc_muh",
    "initial_scales": [
      1e-12,
      1e-09,
      1e-06,
      0.001,
      1.0
    ],
    "max_inserts_per_step": 4,
    "ic_at_target": true,
    "n_substeps_warm": 8,
    "bisect_depth_warm": 5,
    "v_rhe_grid_n": 13,
    "v_rhe_grid_min": -0.4,
    "v_rhe_grid_max": 0.55,
    "anchor_v_rhe": 0.55,
    "n_collection": 0.224
  }
}