phi_applied,flux_noisy
-1,-0.00577034059917245
-2,-0.04404838508234135
-3,-0.096316915804582
-4,-0.1291080201603779
-5,-0.1535268195813966
-6.5,-0.1740483836654542
-8,-0.1772741019524449
-10,-0.1757277909668494
-11.5,-0.1822277586437279
-13,-0.1802902349427793
