{
  "factor": 1.0,
  "k0_targets": {
    "0": 0.0012631578947368421,
    "1": 0.0012631578947368421
  },
  "v_rhe": [
    -0.4,
    -0.3604,
    -0.3208,
    -0.2812,
    -0.2417,
    -0.2021,
    -0.1625,
    -0.1229,
    -0.0833,
    -0.0437,
    -0.0042,
    0.0354,
    0.075,
    0.1146,
    0.1542,
    0.1938,
    0.2333,
    0.2729,
    0.3125,
    0.3521,
    0.3917,
    0.4313,
    0.4708,
    0.5104,
    0.55
  ],
  "phi_applied_hat": [
    -15.568697924103027,
    -14.027396829616826,
    -12.486095735130625,
    -10.944794640644428,
    -9.407385720639253,
    -7.866084626153054,
    -6.324783531666855,
    -4.783482437180655,
    -3.242181342694455,
    -1.7008802482082557,
    -0.16347132820308177,
    1.3778297662831178,
    2.919130860769317,
    4.460431955255516,
    6.001733049741716,
    7.543034144227916,
    9.08044306423309,
    10.621744158719288,
    12.163045253205489,
    13.70434634769169,
    15.245647442177887,
    16.786948536664088,
    18.32435745666926,
    19.86565855115546,
    21.406959645641663
  ],
  "cd_mA_cm2": [
    -0.08984588762138222,
    -0.08984585564282022,
    -0.08984581875038034,
    -0.08984577624992104,
    -0.08984572765770059,
    -0.08984567227644435,
    -0.08984561018504404,
    -0.08984554221334154,
    -0.08984546915342485,
    -0.08984539328419885,
    -0.08984531677748947,
    -0.0898452418656631,
    -0.08984517000623093,
    -0.08984510200173837,
    -0.08984503796908061,
    -0.08984497742304613,
    -0.08984491948140937,
    -0.08984486198515264,
    -0.08984480227213996,
    -0.08984473495302925,
    -0.08984464985849809,
    -0.08984452636858568,
    -0.08984432167277225,
    -0.08984394019579942,
    -0.08984308290584304
  ],
  "pc_mA_cm2": [
    -1.272499577569312e-07,
    -9.009708259260526e-08,
    -6.391798896592568e-08,
    -4.5437264793253896e-08,
    -3.2390547910222134e-08,
    -2.3109620383811964e-08,
    -1.6508377716956403e-08,
    -1.1798698379146562e-08,
    -8.428757885052153e-09,
    -6.012156461189994e-09,
    -4.281383150689126e-09,
    -3.036428115850024e-09,
    -2.1456609245106392e-09,
    -1.5105157604754152e-09,
    -1.0594732263390409e-09,
    -7.405217689452166e-10,
    -5.163699476776605e-10,
    -3.5860662379830667e-10,
    -2.4817086310778646e-10,
    -1.707398523342289e-10,
    -1.1549914280971284e-10,
    -7.293727513130852e-11,
    -3.097125118630214e-11,
    3.54123690881494e-11,
    1.9182810764700816e-10
  ],
  "converged": [
    true,
    true,
    true,
    true,
    true,
    true,
    true,
    true,
    true,
    true,
    true,
    true,
    true,
    true,
    true,
    true,
    true,
    true,
    true,
    true,
    true,
    true,
    true,
    true,
    true
  ],
  "method": [
    "warm<--14.027",
    "warm<--12.486",
    "warm<--10.945",
    "warm<--9.407",
    "warm<--7.866",
    "warm<--6.325",
    "warm<--4.783",
    "warm<--3.242",
    "warm<--1.701",
    "warm<--0.163",
    "warm<-+1.378",
    "warm<-+2.919",
    "warm<-+4.460",
    "warm<-+6.002",
    "warm<-+7.543",
    "warm<-+9.080",
    "warm<-+10.622",
    "warm<-+12.163",
    "warm<-+13.704",
    "warm<-+15.246",
    "warm<-+16.787",
    "warm<-+18.324",
    "warm<-+19.866",
    "warm<-+21.407",
    "warm<-+21.407"
  ],
  "n_converged": 25,
  "n_total": 25,
  "anchor": {
    "v_rhe": 0.55,
    "phi_applied_eta": 21.406959645641663,
    "stern_anchor_f_m2": 0.1,
    "stern_baseline_f_m2": 0.2,
    "converged": true,
    "wall_seconds": 24.077154874801636,
    "ladder_history": [
      [
        1e-12,
        "ok"
      ],
      [
        1e-09,
        "ok"
      ],
      [
        1e-06,
        "ok"
      ],
      [
        0.001,
        "ok"
      ],
      [
        1.0,
        "ok"
      ]
    ]
  },
  "grid_wall_seconds": 337.0694968700409,
  "config": {
    "K0_R4e_factor": 1.0,
    "K0_R2e_basis_m_s": 2.4e-08,
    "alpha_R2e": 0.627,
    "alpha_R4e": 0.5,
    "E_eq_R2e_V": 0.695,
    "E_eq_R4e_V": 1.23,
    "n_electrons_R2e": 2,
    "n_electrons_R4e": 4,
    "stern_anchor_f_m2": 0.1,
    "stern_baseline_f_m2": 0.2,
    "l_eff_m": 0.0001,
    "mesh_Nx": 8,
    "mesh_Ny": 80,
    "mesh_beta": 3.0,
    "exponent_clip": 100.0,
    "u_clamp": 100.0,
    "n_substeps_warm": 8,
    "bisect_depth_warm": 5,
    "initializer": "debye_boltzmann",
    "formulation": "logc_muh",
    "v_rhe_grid_n": 25,
    "v_rhe_grid_min": -0.4,
    "v_rhe_grid_max": 0.55,
    "anchor_v_rhe": 0.55,
    "counterions": [
      "Cs+",
      "SO4(2-)"
    ],
    "a_vals_hat_dynamic": {
      "O2_r_A": 1.7,
      "H2O2_r_A": 2.0,
      "Hp_r_A_H3Op_Stokes": 2.8,
      "O2_a_nondim": 1.487193648106637e-05,
      "H2O2_a_nondim": 2.4216464858239555e-05,
      "Hp_a_nondim": 6.644997957100934e-05
    },
    "enable_water_ionization": false,
    "enable_cation_hydrolysis": false,
    "lambda_hydrolysis": 0.0
  }
}