evaluation,iteration,kappa0,kappa1,objective,grad0,grad1,grad_norm,n_failed_points,used_anisotropy_recovery,used_replay_mode,effective_kappa0,effective_kappa1,from_cache
1,0,5.0,5.0,0.031482071941641654,0.004402465262257862,0.007557032029005761,0.00874588094321013,0,0,1,5.0,5.0,0
2,0,4.995597534737742,4.9924429679709945,0.03140558162848604,0.004400886544711444,0.007557917598010082,0.008745851633645102,0,0,1,4.995597534737742,4.9924429679709945,0
3,1,1.9117697896237602,1e-06,0.04476507875856411,-0.006705692153666561,-0.4414203658208644,0.4414712965399738,0,0,1,1.9117697896237602,1e-06,0
4,1,3.368294859113326,2.3579851305477355,0.006011096052322897,0.0028662400902466044,0.006039496182480762,0.006685121269890066,0,0,1,3.368294859113326,2.3579851305477355,0
