phi_applied,target_current_density,simulated_current_density
-1,-0.007374144457341952,-0.004957176002514068
-2,-0.02721080290953056,-0.02608938459012616
-3,-0.06202917813359604,-0.06560741152102009
-4,-0.1079505401508506,-0.1057179930126772
-5,-0.1355706979747765,-0.1349964549011731
-6,-0.1532335800100144,-0.1533465376569321
-7,-0.1652563670807959,-0.1642416774654993
-8,-0.168345056302483,-0.1706407084732555
-9,-0.1757782868892749,-0.1744331225863062
-10,-0.177500655837663,-0.1767340999892088
