V_RHE,observable,param,adjoint,fd,rel_err,verdict
0.3,cd,log_k0_1,-3.762755036890331e-06,-1.8816227090220263e-06,0.9997393839097656,FAIL
0.3,cd,log_k0_2,-5.265029120578087e-13,2.861995515389794e-10,1.0018396356990311,FAIL
0.3,cd,alpha_1,-0.00011130427341031117,-0.00011132522559005461,0.0001882069372182473,PASS
0.3,cd,alpha_2,-5.2650290498196246e-11,1.4234566386120851e-08,1.0036987632127334,FAIL
0.3,pc,log_k0_1,-1.23670811191839e-12,-1.8816227090216874e-06,0.9999993427438423,FAIL
0.3,pc,log_k0_2,5.246744737684135e-13,-2.8620126796654374e-10,1.0018332360212665,FAIL
0.3,pc,alpha_1,-3.658247653810732e-11,2.7197677398801186e-09,1.0134505884461003,FAIL
0.3,pc,alpha_2,5.246744635426752e-11,-1.4234738039041678e-08,1.0036858736852314,FAIL
