{
  "x0": [
    -3.68327646668887,
    -13.537374774885187,
    0.5499855248013807,
    0.2854405505612447
  ],
  "J0": 1483.8459256290712,
  "grad_adjoint": [
    -660.8715835592095,
    344.31445305822916,
    -8863.135910482506,
    23832.429506309363
  ],
  "info": {
    "n_used": 30,
    "retried_walk": false,
    "grid_mode": "bins",
    "chi2_raw": 44515.37776887213,
    "score_disk": 763.9474876788411,
    "score_ring": 719.8984379502301
  },
  "fd": [
    {
      "component": 0,
      "h": 0.02,
      "g_fd": -660.6942604187907,
      "g_adj": -660.8715835592095,
      "abs_err": 0.1773231404188209,
      "tol": 33.034713020939535,
      "pass": true
    },
    {
      "component": 1,
      "h": 0.02,
      "g_fd": 344.137836871613,
      "g_adj": 344.31445305822916,
      "abs_err": 0.1766161866161724,
      "tol": 23.832429506309364,
      "pass": true
    },
    {
      "component": 2,
      "h": 0.005,
      "g_fd": -8827.154014729012,
      "g_adj": -8863.135910482506,
      "abs_err": 35.98189575349352,
      "tol": 441.3577007364506,
      "pass": true
    },
    {
      "component": 3,
      "h": 0.005,
      "g_fd": 20745.765836890972,
      "g_adj": 23832.429506309363,
      "abs_err": 3086.663669418391,
      "tol": 1037.2882918445487,
      "pass": false
    }
  ]
}