{
  "label": "phase6b_cs_pH4_K0fit_vs_slide15",
  "config": {
    "cation": "Cs+",
    "anion": "SO4\u00b2\u207b",
    "pH_bulk": 4.0,
    "v_anchor": 0.55,
    "v_rhe_grid": [
      -0.1,
      -0.06,
      -0.01,
      0.04,
      0.09,
      0.14,
      0.19,
      0.24,
      0.29,
      0.34,
      0.39,
      0.44,
      0.49,
      0.54,
      0.59,
      0.64,
      0.69,
      0.74,
      0.79,
      0.84,
      0.89,
      0.94,
      0.99,
      1.0
    ],
    "k0_r4e_factor": 1e-15,
    "lambda_target": 1.0,
    "delta_beta_pm2": 0.0,
    "sigma_mapping": "stern",
    "k_hyd_nondim": 0.001,
    "stern_anchor": 0.1,
    "stern_baseline": 0.2,
    "l_eff_m": 1.6e-05,
    "i_scale_mA_cm2": 0.4399731180239999
  },
  "per_v_records": [
    {
      "v_rhe": -0.1,
      "snes_converged": true,
      "picard_status": "converged",
      "R_2e_current_nondim": 1.983016833981918,
      "R_4e_current_nondim": 1.4698489891143314,
      "pc_gross_mA_cm2": -0.8724740995411051,
      "pc_net_mA_cm2_DEPRECATED": -0.22578005677604474,
      "cd_mA_cm2": -2.1658621850712243,
      "gross_h2o2_pct": 57.43104237406219,
      "theta": 0.8260984348954933,
      "gamma_final": 0.038826626440088184,
      "sigma_S_C_per_m2": -0.00924674691250139,
      "pka_shift_avg": -3.995641517144687e-06,
      "mass_balance_residual_rel": 1.4763604050866443e-16
    },
    {
      "v_rhe": -0.06,
      "snes_converged": true,
      "picard_status": "converged",
      "R_2e_current_nondim": 1.3181198873064641,
      "R_4e_current_nondim": 0.9454535519355376,
      "pc_gross_mA_cm2": -0.5799373167476684,
      "pc_net_mA_cm2_DEPRECATED": -0.16396316955572035,
      "cd_mA_cm2": -1.4118856111315616,
      "gross_h2o2_pct": 58.2318145484098,
      "theta": 0.8082754507530858,
      "gamma_final": 0.037988946185395035,
      "sigma_S_C_per_m2": -0.0055541813223502065,
      "pka_shift_avg": -2.400035136176192e-06,
      "mass_balance_residual_rel": 7.381802025433221e-16
    },
    {
      "v_rhe": -0.01,
      "snes_converged": true,
      "picard_status": "converged",
      "R_2e_current_nondim": 0.7633503940391021,
      "R_4e_current_nondim": 0.6529314331160383,
      "pc_gross_mA_cm2": -0.3358536530102327,
      "pc_net_mA_cm2_DEPRECATED": -0.04858137452629204,
      "cd_mA_cm2": -0.9103982099781162,
      "gross_h2o2_pct": 53.89819874850969,
      "theta": 0.7848102555952716,
      "gamma_final": 0.036886082012977765,
      "sigma_S_C_per_m2": -0.0009265634978056069,
      "pka_shift_avg": -4.0038032998368013e-07,
      "mass_balance_residual_rel": 2.9527208101732886e-16
    },
    {
      "v_rhe": 0.04,
      "snes_converged": true,
      "picard_status": "converged",
      "R_2e_current_nondim": 0.46428941347813063,
      "R_4e_current_nondim": 0.5596696263911985,
      "pc_gross_mA_cm2": -0.20427486091350727,
      "pc_net_mA_cm2_DEPRECATED": 0.04196472967315633,
      "cd_mA_cm2": -0.6967540420868342,
      "gross_h2o2_pct": 45.34257674382953,
      "theta": 0.7603754665832402,
      "gamma_final": 0.03573764692941229,
      "sigma_S_C_per_m2": 0.0037167743305503605,
      "pka_shift_avg": 0.0,
      "mass_balance_residual_rel": 0.0
    },
    {
      "v_rhe": 0.09,
      "snes_converged": true,
      "picard_status": "converged",
      "R_2e_current_nondim": 0.29537793408142043,
      "R_4e_current_nondim": 0.5509656517761308,
      "pc_gross_mA_cm2": -0.12995835065329006,
      "pc_net_mA_cm2_DEPRECATED": 0.11245172508277711,
      "cd_mA_cm2": -0.6147785021254247,
      "gross_h2o2_pct": 34.900475293628055,
      "theta": 0.7353558066902656,
      "gamma_final": 0.03456172291444248,
      "sigma_S_C_per_m2": 0.008377652478465423,
      "pka_shift_avg": 0.0,
      "mass_balance_residual_rel": 1.4763604050866443e-16
    },
    {
      "v_rhe": 0.14,
      "snes_converged": true,
      "picard_status": "converged",
      "R_2e_current_nondim": 0.19049610259902025,
      "R_4e_current_nondim": 0.5695898882934716,
      "pc_gross_mA_cm2": -0.08381316423191074,
      "pc_net_mA_cm2_DEPRECATED": 0.16679107491550854,
      "cd_mA_cm2": -0.5850216425267488,
      "gross_h2o2_pct": 25.062440945048863,
      "theta": 0.7101098691898333,
      "gamma_final": 0.033375163851922164,
      "sigma_S_C_per_m2": 0.013057046155485346,
      "pka_shift_avg": 0.0,
      "mass_balance_residual_rel": 1.4763604050866443e-16
    },
    {
      "v_rhe": 0.19,
      "snes_converged": true,
      "picard_status": "converged",
      "R_2e_current_nondim": 0.12241777025306483,
      "R_4e_current_nondim": 0.5914600724481589,
      "pc_gross_mA_cm2": -0.0538605280797866,
      "pc_net_mA_cm2_DEPRECATED": 0.20636600418193188,
      "cd_mA_cm2": -0.5743135926032232,
      "gross_h2o2_pct": 17.148279849932226,
      "theta": 0.6849276036574046,
      "gamma_final": 0.032191597371898015,
      "sigma_S_C_per_m2": 0.01775517844407592,
      "pka_shift_avg": 0.0,
      "mass_balance_residual_rel": 4.429081215259933e-16
    },
    {
      "v_rhe": 0.24,
      "snes_converged": true,
      "picard_status": "converged",
      "R_2e_current_nondim": 0.07804640136200856,
      "R_4e_current_nondim": 0.6091030968035354,
      "pc_gross_mA_cm2": -0.03433831855779546,
      "pc_net_mA_cm2_DEPRECATED": 0.23365067014092838,
      "cd_mA_cm2": -0.570316295955243,
      "gross_h2o2_pct": 11.357994376822798,
      "theta": 0.6599789328186765,
      "gamma_final": 0.031019009842477796,
      "sigma_S_C_per_m2": 0.02247167524238154,
      "pka_shift_avg": 0.0,
      "mass_balance_residual_rel": 7.381802025433222e-17
    },
    {
      "v_rhe": 0.29,
      "snes_converged": true,
      "picard_status": "converged",
      "R_2e_current_nondim": 0.0493844093611532,
      "R_4e_current_nondim": 0.621474580139282,
      "pc_gross_mA_cm2": -0.021727812568400184,
      "pc_net_mA_cm2_DEPRECATED": 0.25170429622813634,
      "cd_mA_cm2": -0.5685920301614731,
      "gross_h2o2_pct": 7.361369547708978,
      "theta": 0.6352195033973073,
      "gamma_final": 0.02985531665967344,
      "sigma_S_C_per_m2": 0.027205743141571467,
      "pka_shift_avg": 0.0,
      "mass_balance_residual_rel": 2.9527208101732886e-16
    },
    {
      "v_rhe": 0.34,
      "snes_converged": true,
      "picard_status": "converged",
      "R_2e_current_nondim": 0.03105631631754228,
      "R_4e_current_nondim": 0.6292967918960496,
      "pc_gross_mA_cm2": -0.013663944324568704,
      "pc_net_mA_cm2_DEPRECATED": 0.26320972736843606,
      "cd_mA_cm2": -0.5674112877105781,
      "gross_h2o2_pct": 4.702986316147858,
      "theta": 0.6101661419704194,
      "gamma_final": 0.02867780867260971,
      "sigma_S_C_per_m2": 0.0319563322178972,
      "pka_shift_avg": 0.0,
      "mass_balance_residual_rel": 1.4763604050866443e-16
    },
    {
      "v_rhe": 0.39,
      "snes_converged": true,
      "picard_status": "converged",
      "R_2e_current_nondim": 0.019429950222431,
      "R_4e_current_nondim": 0.6331820199812935,
      "pc_gross_mA_cm2": -0.008548655782414077,
      "pc_net_mA_cm2_DEPRECATED": 0.2700344118254885,
      "cd_mA_cm2": -0.5657147909982193,
      "gross_h2o2_pct": 2.9772592458525686,
      "theta": 0.5833431942351406,
      "gamma_final": 0.027417130129051608,
      "sigma_S_C_per_m2": 0.03672226469213339,
      "pka_shift_avg": 0.0,
      "mass_balance_residual_rel": 0.0
    },
    {
      "v_rhe": 0.44,
      "snes_converged": true,
      "picard_status": "converged",
      "R_2e_current_nondim": 0.01209295508772318,
      "R_4e_current_nondim": 0.6324956977762809,
      "pc_gross_mA_cm2": -0.0053205751560697605,
      "pc_net_mA_cm2_DEPRECATED": 0.2729605291313253,
      "cd_mA_cm2": -0.5618827837308598,
      "gross_h2o2_pct": 1.8760732187872633,
      "theta": 0.5510192421107952,
      "gamma_final": 0.025897904379207373,
      "sigma_S_C_per_m2": 0.04150232660719807,
      "pka_shift_avg": 0.0,
      "mass_balance_residual_rel": 2.2145406076299666e-16
    },
    {
      "v_rhe": 0.49,
      "snes_converged": true,