phi_applied,flux_noisy
-1,-0.008266834380070053
-2,-0.04393013532785578
-3,-0.08862251557556107
-4,-0.122350625980642
-5,-0.1367560965079319
-6.5,-0.1555932016290867
-8,-0.1528776173773903
-10,-0.1605082047918878
-11.5,-0.1646071150983955
-13,-0.1690366344975062
