{
  "voltages": [
    0.55,
    0.495,
    0.4,
    0.2,
    -0.1,
    -0.3,
    -0.5
  ],
  "n_vals": [
    8,
    16,
    32,
    64
  ],
  "clip_source": true,
  "per_voltage": [
    {
      "v_rhe": 0.55,
      "eta_hat": 21.406959645641663,
      "eta_R1": -5.0598268253334835,
      "eta_R2": -47.8737461166168,
      "r1_clip_status": "unclipped",
      "r2_clip_status": "unclipped",
      "newton_converged_count": 4,
      "n_attempts": 4,
      "h_values": [
        0.125,
        0.0625,
        0.03125,
        0.015625
      ],
      "fields": {
        "u0_L2": {
          "rate": 1.9814454338355416,
          "r_squared": 0.9999669463832543,
          "errors": [
            0.0022411436278549713,
            0.0005808238917154948,
            0.00014538265777360235,
            3.6536920896772064e-05
          ]
        },
        "u0_H1": {
          "rate": 0.9942714959721802,
          "r_squared": 0.9999917584432891,
          "errors": [
            0.07025427396888378,
            0.03545308679615614,
            0.017770949270791772,
            0.008891371271353254
          ]
        },
        "u1_L2": {
          "rate": 2.000671760007387,
          "r_squared": 0.9969089245519548,
          "errors": [
            0.002277477466104018,
            0.0006896216664238767,
            0.0001669772276982247,
            3.5911311685009605e-05
          ]
        },
        "u1_H1": {
          "rate": 1.0046784279391126,
          "r_squared": 0.9999978981612523,
          "errors": [
            0.07189313302878331,
            0.03574357709351045,
            0.017818488084622733,
            0.00889887940674178
          ]
        },
        "u2_L2": {
          "rate": 2.061883842420271,
          "r_squared": 0.999128160283968,
          "errors": [
            0.0014406500452936338,
            0.00030757248858209074,
            7.644104552410019e-05,
            1.954950833288786e-05
          ]
        },
        "u2_H1": {
          "rate": 1.0229586388658813,
          "r_squared": 0.9997706571183297,
          "errors": [
            0.07497982840626845,
            0.035803397307910205,
            0.0178236481750554,
            0.008901220082518382
          ]
        },
        "phi_L2": {
          "rate": 2.2011088284553115,
          "r_squared": 0.9965810358979512,
          "errors": [
            0.0013758404430487764,
            0.00023286348615491945,
            5.5758731707317434e-05,
            1.370350420003694e-05
          ]
        },
        "phi_H1": {
          "rate": 1.036250132469254,
          "r_squared": 0.999448835385847,
          "errors": [
            0.06260172651744404,
            0.029114276117905905,
            0.01445529067785638,
            0.007213368579304785
          ]
        }
      },
      "elapsed_seconds": 0.9622557163238525,
      "run_error": null
    },
    {
      "v_rhe": 0.495,
      "eta_hat": 19.266263681077493,
      "eta_R1": -7.200522789897652,
      "eta_R2": -50.014442081180974,
      "r1_clip_status": "unclipped",
      "r2_clip_status": "clipped (cathodic)",
      "newton_converged_count": 4,
      "n_attempts": 4,
      "h_values": [
        0.125,
        0.0625,
        0.03125,
        0.015625
      ],
      "fields": {
        "u0_L2": {
          "rate": 1.7319334145628633,
          "r_squared": 0.9489284854766393,
          "errors": [
            0.0020480128814815814,
            0.0005628796899140137,
            9.695603415575904e-05,
            6.730798172919217e-05
          ]
        },
        "u0_H1": {
          "rate": 0.9951729399200007,
          "r_squared": 0.9999942211130135,
          "errors": [
            0.07040721227112252,
            0.03547625143022111,
            0.01777730236420151,
            0.008893064006533736
          ]
        },
        "u1_L2": {
          "rate": 1.7305909021175114,
          "r_squared": 0.9273258755018483,
          "errors": [
            0.0021490830314933435,
            0.0006027733436217414,
            9.008899992829495e-05,
            7.428162229384735e-05
          ]
        },
        "u1_H1": {
          "rate": 0.9954780549290573,
          "r_squared": 0.9999992703200681,
          "errors": [
            0.07078660892486142,
            0.03556656897437438,
            0.017821770862509714,
            0.008934816370119232
          ]
        },
        "u2_L2": {
          "rate": 1.7232936546333433,
          "r_squared": 0.9957766759099845,
          "errors": [
            0.0015669779214347475,
            0.00037837166693761393,
            0.00012781554200375967,
            4.1972443532471056e-05
          ]
        },
        "u2_H1": {
          "rate": 1.0163032538179617,
          "r_squared": 0.9998960589361684,
          "errors": [
            0.07391450970252307,
            0.03582609612028362,
            0.01783312623850647,
            0.00891102826256789
          ]
        },
        "phi_L2": {
          "rate": 2.1301019698792443,
          "r_squared": 0.9988842389265862,
          "errors": [
            0.001169282798960718,
            0.0002319368941212338,
            5.631687447815307e-05,
            1.3658867836968135e-05
          ]
        },
        "phi_H1": {
          "rate": 1.0234933583154373,
          "r_squared": 0.9998045310961153,
          "errors": [
            0.06079783300857038,
            0.029099864462031593,
            0.01445279550303461,
            0.007214293369299409
          ]
        }
      },
      "elapsed_seconds": 2.9521617889404297,
      "run_error": null
    },
    {
      "v_rhe": 0.4,
      "eta_hat": 15.568697924103027,
      "eta_R1": -10.898088546872119,
      "eta_R2": -53.712007838155436,
      "r1_clip_status": "unclipped",
      "r2_clip_status": "clipped (cathodic)",
      "newton_converged_count": 4,
      "n_attempts": 4,
      "h_values": [
        0.125,
        0.0625,
        0.03125,
        0.015625
      ],
      "fields": {
        "u0_L2": {
          "rate": 2.0368182289301706,
          "r_squared": 0.9899087793426877,
          "errors": [
            0.0021390614266175614,
            0.0005978096510903934,
            0.00017984534237964182,
            2.8860236776692703e-05
          ]
        },
        "u0_H1": {
          "rate": 0.9956315480756912,
          "r_squared": 0.99999604075796,
          "errors": [
            0.0704873805604208,
            0.035479112530903065,
            0.017776146592948325,
            0.008894192906451374
          ]
        },
        "u1_L2": {
          "rate": 2.0368877889443455,
          "r_squared": 0.9898992777579757,
          "errors": [
            0.002140170343065625,
            0.0005980868162167001,
            0.0001799519839663392,
            2.88693139938541e-05
          ]
        },
        "u1_H1": {
          "rate": 0.9956316888310186,
          "r_squared": 0.9999961188223356,
          "errors": [
            0.07049108626116041,
            0.035479815659082314,
            0.01777654662894102,
            0.008894649640595439
          ]
        },
        "u2_L2": {
          "rate": 1.914408326658599,
          "r_squared": 0.9997775992697457,
          "errors": [
            0.0017266337860292057,
            0.00044535383369930437,
            0.00011577440145296391,
            3.245263890116427e-05
          ]
        },
        "u2_H1": {
          "rate": 1.013635333926567,
          "r_squared": 0.999953020047927,
          "errors": [
            0.07337030687839297,
            0.03587174641120943,
            0.017836661398368408,
            0.008903303660548723
          ]
        },
        "phi_L2": {
          "rate": 2.076530276691447,
          "r_squared": 0.9996966427242143,
          "errors": [
            0.0010424822967239123,
            0.00023179236074228853,
            5.5703490809389345e-05,
            1.382975830000263e-05
          ]
        },