{
  "warning": "EXPLORATORY \u2014 k0 tuned to held-out pH-2; NOT a prediction",
  "target_ring_pH2": 0.069,
  "pH2_sweep": {
    "1e-23": 0.3239810290901115,
    "1e-22": 0.18920268565746723,
    "1e-21": 0.07363049190613499,
    "1e-20": 0.01979479704799443,
    "1e-19": 0.0023251982677125805
  },
  "k0_star_factor": 1.2190220362539797e-21,
  "fit_at_k0_star": {
    "2.0": {
      "ring_peak_fit": 0.06906106933644847,
      "ring_peak_N0": 0.3574363644202471,
      "ring_peak_data": 0.06904761904761905,
      "disk_min_fit": -4.0553284891557135,
      "disk_min_N0": -3.5707550343579664,
      "disk_min_data": -3.9363057324840764
    },
    "4.0": {
      "ring_peak_fit": 0.36202052462883055,
      "ring_peak_N0": 0.3620206089392079,
      "ring_peak_data": 0.22476190476190475,
      "disk_min_fit": -3.7949359968131886,
      "disk_min_N0": -3.5630241884924936,
      "disk_min_data": -4.098726114649682
    },
    "6.0": {
      "ring_peak_fit": 0.3649125142612628,
      "ring_peak_N0": 0.3649125883054548,
      "ring_peak_data": 0.18571428571428572,
      "disk_min_fit": -3.7765804681640396,
      "disk_min_N0": -3.556693382465097,
      "disk_min_data": -4.691082802547771
    }
  }
}