evaluation,objective,grad_norm,k0_0,k0_1,alpha_0,alpha_1
1,3.8328846002646736e-07,0.000337456698544442,0.001227190842780074,5.0159232795993215e-05,0.6384501507454315,0.5140537866184156
2,2.9280278539083187e-07,0.00019591042292776476,0.0012271890411034074,5.0156739250191835e-05,0.6386641909052035,0.5137937918500167
3,2.4338290032889663e-07,6.254423958962084e-05,0.001226910582759309,5.015694376242e-05,0.6389006568949138,0.51336262894463
4,2.3478797918064407e-07,6.428334457291085e-05,0.0012266144996940687,5.016084290595583e-05,0.6388541664449747,0.5132658259391913
5,2.0441852597806198e-07,7.53039339006175e-05,0.0012254308817804247,5.017644251148446e-05,0.6386682046452183,0.5128786139174366
6,1.090088646235753e-07,5.8461721388733425e-05,0.0012182899509513576,5.027889870164477e-05,0.6372987412901058,0.5108086646060376
7,9.981752766557639e-08,1.2065366870908265e-05,0.0012182938217646943,5.035287710308619e-05,0.6371721632364826,0.5107431243706563
