{
  "ratio": 1e-06,
  "k0_targets": {
    "0": 0.0012631578947368421,
    "1": 1.263157894736842e-09
  },
  "v_rhe": [
    0.1,
    0.2,
    0.3,
    0.4,
    0.5,
    0.6,
    0.7,
    0.8
  ],
  "phi_applied_hat": [
    3.892174481025757,
    7.784348962051514,
    11.676523443077269,
    15.568697924103027,
    19.460872405128782,
    23.353046886154537,
    27.245221367180292,
    31.137395848206054
  ],
  "cd_mA_cm2": [
    -0.08992828680331032,
    -0.08992816761599838,
    -0.08992791810408522,
    -0.0899267249029293,
    -0.08991775085026832,
    -0.08985124186469129,
    -0.08935064779202388,
    -0.08563631567694312
  ],
  "pc_mA_cm2": [
    -1.6384966500223845e-06,
    -6.447776821364845e-07,
    -2.51992761439938e-07,
    -9.78601105495071e-08,
    -3.770512303490663e-08,
    -1.3072991323553383e-08,
    1.8153584156314016e-08,
    3.8524852840402756e-07
  ],
  "converged": [
    true,
    true,
    true,
    true,
    true,
    true,
    true,
    true
  ],
  "method": [
    "warm<-+7.784",
    "warm<-+11.677",
    "warm<-+15.569",
    "warm<-+19.461",
    "warm<-+21.407",
    "warm<-+21.407",
    "warm<-+23.353",
    "warm<-+27.245"
  ],
  "n_converged": 8,
  "n_total": 8,
  "anchor": {
    "v_rhe": 0.55,
    "phi_applied_eta": 21.406959645641663,
    "converged": true,
    "ladder_history": [
      [
        1e-12,
        "ok"
      ],
      [
        1e-09,
        "ok"
      ],
      [
        1e-06,
        "ok"
      ],
      [
        0.001,
        "ok"
      ],
      [
        1.0,
        "ok"
      ]
    ],
    "wall_seconds": 22.199551820755005
  },
  "grid_wall_seconds": 140.7001597881317,
  "config": {
    "ratio_K0_R4e_to_K0_R2e": 1e-06,
    "mesh_Ny": 80,
    "exponent_clip": 100.0,
    "u_clamp": 100.0,
    "stern_capacitance_f_m2": 0.1,
    "ic": "debye_boltzmann",
    "formulation": "logc_muh",
    "initial_scales": [
      1e-12,
      1e-09,
      1e-06,
      0.001,
      1.0
    ],
    "max_inserts_per_step": 4,
    "ic_at_target": true,
    "n_substeps_warm": 8,
    "bisect_depth_warm": 5
  }
}