{
  "config": {
    "V_GRID": [
      -0.1,
      0.0,
      0.1,
      0.15,
      0.2
    ],
    "PARAM_NAMES": [
      "log_k0_1",
      "log_k0_2",
      "alpha_1",
      "alpha_2"
    ],
    "FD_steps": [
      0.001,
      0.001,
      0.0001,
      0.0001
    ],
    "experiments": [
      {
        "name": "ORR_L1",
        "L_scale": 1.0,
        "c_O2": 1.0,
        "c_H2O2": 0.0001,
        "c_Hp": 0.2
      },
      {
        "name": "ORR_L2",
        "L_scale": 2.0,
        "c_O2": 1.0,
        "c_H2O2": 0.0001,
        "c_Hp": 0.2
      },
      {
        "name": "ORR_L4",
        "L_scale": 4.0,
        "c_O2": 1.0,
        "c_H2O2": 0.0001,
        "c_Hp": 0.2
      },
      {
        "name": "H2O2_cofed",
        "L_scale": 1.0,
        "c_O2": 1.0,
        "c_H2O2": 0.1,
        "c_Hp": 0.2
      }
    ],
    "whitening": "2% max(|target|) per observable type"
  },
  "designs": {
    "A_ORR_L1_CD": {
      "n_rows": 5,
      "sv_min": 4.0760681489873416e-08,
      "sv_max": 176.7439906165083,
      "condition_number": 1.019557213781957e+16,
      "weak_eigvec": {
        "log_k0_1": 4.689038911067299e-06,
        "log_k0_2": 0.9999505383271063,
        "alpha_1": -1.1356422224828577e-07,
        "alpha_2": -0.009945897512559096
      },
      "weak_eigvec_canonical_ridge_cos": 0.9999358465344761,
      "ridge_breaking_score": 6.415346552390844e-05,
      "fim_eigenvalues": [
        3.0639220434890733e-12,
        1.5695378079508078e-07,
        0.013043388698800557,
        31238.438219048396
      ]
    },
    "B_ORR_L1_CDPC": {
      "n_rows": 10,
      "sv_min": 0.023476127402492893,
      "sv_max": 10565.301485661486,
      "condition_number": 202541584352.70096,
      "weak_eigvec": {
        "log_k0_1": -0.0009793734280092396,
        "log_k0_2": -0.9999494623203955,
        "alpha_1": 2.648639452241703e-05,
        "alpha_2": 0.010005644972292935
      },
      "weak_eigvec_canonical_ridge_cos": 0.9999360417061414,
      "ridge_breaking_score": 6.395829385863472e-05,
      "fim_eigenvalues": [
        0.0005511243325150391,
        0.03407804075722719,
        22844.234164690282,
        111625595.48292081
      ]
    },
    "C_ORR_multiL_CDPC": {
      "n_rows": 30,
      "sv_min": 0.035101956543535304,
      "sv_max": 18303.221951911244,
      "condition_number": 271890093351.0193,
      "weak_eigvec": {
        "log_k0_1": -0.0013461001623122043,
        "log_k0_2": -0.9999490130726334,
        "alpha_1": 3.6238932589903984e-05,
        "alpha_2": 0.010007894691642545
      },
      "weak_eigvec_canonical_ridge_cos": 0.9999356404155689,
      "ridge_breaking_score": 6.435958443107292e-05,
      "fim_eigenvalues": [
        0.001232144686450268,
        0.09023914314700979,
        55539.277180750156,
        335007933.8209258
      ]
    },
    "D_H2O2cofed_CDPC": {
      "n_rows": 8,
      "sv_min": 2.7724661393474355e-07,
      "sv_max": 164.60295904260454,
      "condition_number": 2.7094134125581343e+34,
      "weak_eigvec": {
        "log_k0_1": 6.458976734582254e-08,
        "log_k0_2": -0.999950005173367,
        "alpha_1": -1.6595380416952727e-09,
        "alpha_2": 0.009999357668325725
      },
      "weak_eigvec_canonical_ridge_cos": 0.9999364506941253,
      "ridge_breaking_score": 6.354930587471053e-05,
      "fim_eigenvalues": [
        -3.149518799599951e-12,
        0.011705343914626317,
        134.61295018962113,
        27094.134125581346
      ]
    },
    "E_ORR_L1_plus_H2O2cofed": {
      "n_rows": 18,
      "sv_min": 0.023476359030190925,
      "sv_max": 10565.655161046794,
      "condition_number": 202541517410.6404,
      "weak_eigvec": {
        "log_k0_1": -0.0007359677675059742,
        "log_k0_2": -0.9999496873250668,
        "alpha_1": 1.98272670560935e-05,
        "alpha_2": 0.010004038025981495
      },
      "weak_eigvec_canonical_ridge_cos": 0.99993623247729,
      "ridge_breaking_score": 6.376752270997876e-05,
      "fim_eigenvalues": [
        0.0005511614132712626,
        0.04586477124305516,
        42599.481925216234,
        111633068.98215461
      ]
    },
    "F_full": {
      "n_rows": 38,
      "sv_min": 0.035102266469289246,
      "sv_max": 18303.426069817968,
      "condition_number": 271874732131.44946,
      "weak_eigvec": {
        "log_k0_1": -0.001190882899867534,
        "log_k0_2": -0.9999492202888547,
        "alpha_1": 3.200549113522236e-05,
        "alpha_2": 0.010006878498278452
      },
      "weak_eigvec_canonical_ridge_cos": 0.9999358259686602,
      "ridge_breaking_score": 6.417403133984756e-05,
      "fim_eigenvalues": [
        0.0012322417874836354,
        0.10194983399734725,
        75295.9518853175,
        335015405.89329183
      ]
    }
  },
  "raw_experiments": [
    "ORR_L1",
    "ORR_L2",
    "ORR_L4",
    "H2O2_cofed"
  ]
}