{
  "l_eff_m": 0.0001,
  "ratio": 1e-30,
  "k0_targets": {
    "0": 0.0012631578947368421,
    "1": 1.2631578947368422e-33
  },
  "v_rhe": [
    -0.4,
    -0.3208,
    -0.2417,
    -0.1625,
    -0.0833,
    -0.0042,
    0.075,
    0.1542,
    0.2333,
    0.3125,
    0.3917,
    0.4708,
    0.55
  ],
  "phi_applied_hat": [
    -15.568697924103027,
    -12.486095735130625,
    -9.407385720639253,
    -6.324783531666855,
    -3.242181342694455,
    -0.16347132820308177,
    2.919130860769317,
    6.001733049741716,
    9.08044306423309,
    12.163045253205489,
    15.245647442177887,
    18.32435745666926,
    21.406959645641663
  ],
  "cd_mA_cm2": [
    -0.43989380672883305,
    -0.4398914896873485,
    -0.43975610929799674,
    -0.43251762384526155,
    -0.3125866719968995,
    -0.15365154163343406,
    -0.1013393724591441,
    -0.09151842828864928,
    -0.09007349283016483,
    -0.08974845367184994,
    -0.08878892469286843,
    -0.08235224800203143,
    -0.04933732960478837
  ],
  "pc_mA_cm2": [
    -0.43989380672265277,
    -0.43989148968688335,
    -0.4397561092979619,
    -0.43251762384525816,
    -0.3125866719968988,
    -0.15365154163343395,
    -0.10133937245914375,
    -0.09151842828864862,
    -0.0900734928301612,
    -0.08974845367183364,
    -0.08878892469279724,
    -0.08235224800176077,
    -0.04933732960438486
  ],
  "j_ring_mA_cm2": [
    0.09853621270587422,
    0.09853569368986187,
    0.09850536848274347,
    0.09688394774133784,
    0.07001941452730534,
    0.0344179453258892,
    0.0227000194308482,
    0.02050012793665729,
    0.020176462393956106,
    0.020103653622490735,
    0.01988871913118658,
    0.018446903552394416,
    0.01105156183138221
  ],
  "S_H2O2_percent": [
    99.99999999929753,
    99.99999999994714,
    99.99999999999604,
    99.9999999999996,
    99.99999999999989,
    99.99999999999996,
    99.99999999999982,
    99.99999999999963,
    99.99999999999798,
    99.99999999999092,
    99.99999999995991,
    99.99999999983568,
    99.99999999959107
  ],
  "n_e_rrde": [
    2.0000000000140497,
    2.0000000000010574,
    2.0000000000000795,
    2.0000000000000075,
    2.000000000000002,
    2.000000000000001,
    2.000000000000003,
    2.000000000000007,
    2.000000000000041,
    2.0000000000001816,
    2.000000000000802,
    2.0000000000032863,
    2.000000000008179
  ],
  "surface_pH_proxy": [
    10.339615522260143,
    10.438792216787638,
    10.539583669608179,
    10.631408576530687,
    10.542801878301491,
    10.093327413050188,
    9.435415700752985,
    8.674547543043479,
    7.886224032029461,
    7.089290191376637,
    6.290410765196044,
    5.506416967174088,
    4.828449716163792
  ],
  "c_H_surface_nondim": [
    3.8124418802566946e-08,
    3.034076572987651e-08,
    2.405664638005504e-08,
    1.9471982807026325e-08,
    2.3879040693845223e-08,
    6.721889066674626e-08,
    3.0577575924191097e-07,
    1.7630767197719755e-06,
    1.0829158790513989e-05,
    6.784667402694687e-05,
    0.00042698044819200416,
    0.002596580473126686,
    0.012369981148825161
  ],
  "N_collection_used": 0.224,
  "converged": [
    true,
    true,
    true,
    true,
    true,
    true,
    true,
    true,
    true,
    true,
    true,
    true,
    true
  ],
  "method": [
    "warm<--12.486",
    "warm<--9.407",
    "warm<--6.325",
    "warm<--3.242",
    "warm<--0.163",
    "warm<-+2.919",
    "warm<-+6.002",
    "warm<-+9.080",
    "warm<-+12.163",
    "warm<-+15.246",
    "warm<-+18.324",
    "warm<-+21.407",
    "warm<-+21.407"
  ],
  "n_converged": 13,
  "n_total": 13,
  "anchor": {
    "v_rhe": 0.55,
    "phi_applied_eta": 21.406959645641663,
    "converged": true,
    "ladder_history": [
      [
        1e-12,
        "ok"
      ],
      [
        1e-09,
        "ok"
      ],
      [
        1e-06,
        "ok"
      ],
      [
        0.001,
        "ok"
      ],
      [
        1.0,
        "fail"
      ],
      [
        0.03162277660168379,
        "ok"
      ],
      [
        1.0,
        "ok"
      ]
    ],
    "wall_seconds": 65.3672981262207
  },
  "grid_wall_seconds": 435.33957982063293,
  "config": {
    "l_eff_m": 0.0001,
    "domain_height_hat": 1.0,
    "ratio_K0_R4e_to_K0_R2e": 1e-30,
    "mesh_Nx": 8,
    "mesh_Ny": 80,
    "mesh_beta": 3.0,
    "exponent_clip": 100.0,
    "u_clamp": 100.0,
    "stern_capacitance_f_m2": 0.1,
    "ic": "debye_boltzmann",
    "formulation": "logc_muh",
    "initial_scales": [
      1e-12,
      1e-09,
      1e-06,
      0.001,
      1.0
    ],
    "max_inserts_per_step": 4,
    "ic_at_target": true,
    "n_substeps_warm": 8,
    "bisect_depth_warm": 5,
    "v_rhe_grid_n": 13,
    "v_rhe_grid_min": -0.4,
    "v_rhe_grid_max": 0.55,
    "anchor_v_rhe": 0.55,
    "n_collection": 0.224,
    "enable_water_ionization": false,
    "kw_eff_hat_target": 0.0
  }
}