{
  "v_rhe": [
    -0.5,
    -0.3,
    -0.1,
    0.0,
    0.1,
    0.3,
    0.5,
    0.55,
    0.6,
    0.65,
    0.66,
    0.68,
    0.7,
    0.75,
    1.0
  ],
  "passes": [
    "4sp_no_stern_clip50",
    "4sp_stern_0p10_clip50"
  ],
  "cs_f_m2": [
    null,
    0.1
  ],
  "mesh_Ny": 200,
  "exponent_clip": 50.0,
  "u_clamp": 100.0,
  "initializer": "debye_boltzmann",
  "steric_cap": 100.0,
  "reports": [
    {
      "label": "4sp_no_stern_clip50",
      "cs_f_m2": null,
      "wall_seconds": 3800.9949617385864,
      "v_rhe": [
        -0.5,
        -0.3,
        -0.1,
        0.0,
        0.1,
        0.3,
        0.5,
        0.55,
        0.6,
        0.65,
        0.66,
        0.68,
        0.7,
        0.75,
        1.0
      ],
      "phi_applied_hat": [
        -19.460872405128782,
        -11.676523443077269,
        -3.892174481025757,
        0.0,
        3.892174481025757,
        11.676523443077269,
        19.460872405128782,
        21.406959645641663,
        23.353046886154537,
        25.29913412666742,
        25.688351574769992,
        26.466786470975144,
        27.245221367180292,
        29.191308607693173,
        38.921744810257564
      ],
      "cd_mA_cm2": [
        -0.18432216814991956,
        -0.18251849028600808,
        -0.17912920770007623,
        -0.1748713466429614,
        -0.16369076711931568,
        null,
        null,
        null,
        null,
        null,
        null,
        null,
        null,
        null,
        null
      ],
      "pc_mA_cm2": [
        -0.18155213729063233,
        -0.0654287548490234,
        2.908647887801469e-06,
        1.5406823656201502e-05,
        1.5499425284663685e-05,
        null,
        null,
        null,
        null,
        null,
        null,
        null,
        null,
        null,
        null
      ],
      "converged": [
        true,
        true,
        true,
        true,
        true,
        false,
        false,
        false,
        false,
        false,
        false,
        false,
        false,
        false,
        false
      ],
      "method": [
        "warm<--11.677",
        "warm<--3.892",
        "cold",
        "cold",
        "cold",
        "cold-failed",
        "cold-failed",
        "cold-failed",
        "cold-failed",
        "cold-failed",
        "cold-failed",
        "cold-failed",
        "cold-failed",
        "cold-failed",
        "cold-failed"
      ],
      "z_achieved": [
        1.0,
        1.0,
        1.0,
        1.0,
        1.0,
        0.8500000000000001,
        0.5,
        0.45,
        0.4,
        0.4,
        0.4,
        0.4,
        0.35000000000000003,
        0.35000000000000003,
        0.0
      ],
      "n_converged": 5,
      "n_total": 15
    },
    {
      "label": "4sp_stern_0p10_clip50",
      "cs_f_m2": 0.1,
      "wall_seconds": 3597.936718225479,
      "v_rhe": [
        -0.5,
        -0.3,
        -0.1,
        0.0,
        0.1,
        0.3,
        0.5,
        0.55,
        0.6,
        0.65,
        0.66,
        0.68,
        0.7,
        0.75,
        1.0
      ],
      "phi_applied_hat": [
        -19.460872405128782,
        -11.676523443077269,
        -3.892174481025757,
        0.0,
        3.892174481025757,
        11.676523443077269,
        19.460872405128782,
        21.406959645641663,
        23.353046886154537,
        25.29913412666742,
        25.688351574769992,
        26.466786470975144,
        27.245221367180292,
        29.191308607693173,
        38.921744810257564
      ],
      "cd_mA_cm2": [
        -0.18491863244777615,
        -0.18272713876590302,
        -0.17914115462396835,
        -0.17518499407282673,
        -0.16813791433187558,
        -0.11654949094274966,
        -1.552963042619939e-05,
        null,
        null,
        null,
        null,
        null,
        null,
        null,
        null
      ],
      "pc_mA_cm2": [
        1.5409602167925106e-05,
        1.5409425492334862e-05,
        1.541259675118123e-05,
        1.5428766807069e-05,
        1.5472177558443582e-05,
        1.5481470074998546e-05,
        1.543331596188946e-05,
        null,
        null,
        null,
        null,
        null,
        null,
        null,
        null
      ],
      "converged": [
        true,
        true,
        true,
        true,
        true,
        true,
        true,
        false,
        false,
        false,
        false,
        false,
        false,
        false,
        false
      ],
      "method": [
        "warm<--11.677",
        "warm<--3.892",
        "cold",
        "cold",
        "cold",
        "cold",
        "cold",
        "cold-failed",
        "cold-failed",
        "cold-failed",
        "cold-failed",
        "cold-failed",
        "cold-failed",
        "cold-failed",
        "cold-failed"
      ],
      "z_achieved": [
        1.0,
        1.0,
        1.0,
        1.0,
        1.0,
        1.0,
        1.0,
        0.9500000000000001,
        0.75,
        0.7000000000000001,
        0.65,
        0.6000000000000001,
        0.65,
        0.55,
        0.4
      ],
      "n_converged": 7,
      "n_total": 15
    }
  ]
}