{
  "x0": [
    -3.0,
    -14.397940008672037,
    0.627,
    0.325
  ],
  "J0": 109.57972044135809,
  "grad_adjoint": [
    1534.2366665506122,
    -1507.2571092453536,
    26841.92670663233,
    -107692.59313117551
  ],
  "fd_1": {
    "h": 0.02,
    "J_plus": 82.67802561773782,
    "J_minus": 143.16149436298647,
    "g_fd": -1512.0867186312164,
    "g_adjoint": -1507.2571092453536,
    "rel_err": 0.0031940029142208818
  },
  "fd_3": {
    "h": 0.005,
    "J_plus": 233.5164360081965,
    "J_minus": 2679.1667215260163,
    "g_fd": -244565.02855178196,
    "g_adjoint": -107692.59313117551,
    "rel_err": 0.5596566125218772
  }
}