{
 "n": 34,
 "x": [
  -3.68327646668887,
  -13.537374774885187,
  0.5499855248013807,
  0.2854405505612447
 ],
 "J": 16.026237384684844,
 "grad": [
  194.8491052403466,
  -188.84123975969732,
  4121.994890049746,
  -14894.043871657126
 ],
 "wall_seconds": 448.3360970020294,
 "info": {
  "n_used": 11,
  "n_converged": 13
 },
 "pc_model": {
  "-0.2417": -0.2308589615824534,
  "-0.1625": -0.25807806477731826,
  "-0.0833": -0.28805850965932256,
  "-0.0042": -0.3209178181128679,
  "0.075": -0.35672072636228064,
  "0.1542": -0.3909674929578314,
  "0.2333": -0.3313430513532719,
  "0.3125": -0.054737291681270867,
  "0.3917": -0.0028617533054905156,
  "0.4708": -0.0001386965391460347,
  "0.55": -6.9085525072322065e-06
 }
}