{
 "n": 18,
 "x": [
  -3.065669259412239,
  -14.314709240304579,
  0.6387198085897818,
  0.3275757375748386
 ],
 "J": 24.456761865945772,
 "grad": [
  16.564800766355365,
  2.3207974200575063,
  16.591596744228603,
  371.9117128904247
 ],
 "wall_seconds": 504.47875213623047,
 "info": {
  "n_used": 11,
  "n_converged": 13
 },
 "pc_model": {
  "-0.2417": -0.22875210462058065,
  "-0.1625": -0.24974882469039572,
  "-0.0833": -0.2724015696570104,
  "-0.0042": -0.29675211441399507,
  "0.075": -0.3229247472709412,
  "0.1542": -0.35090038975366533,
  "0.2333": -0.37896739754851205,
  "0.3125": -0.3467531048339332,
  "0.3917": -0.05416470640859253,
  "0.4708": -0.0018115479548656414,
  "0.55": -5.5678045904449016e-05
 }
}