{
 "n": 27,
 "x": [
  -3.3494646798461303,
  -13.957471338800827,
  0.6009444449981455,
  0.30921916768930996
 ],
 "J": 19.995133294573783,
 "grad": [
  -12.019843570480994,
  14.78480865107328,
  -345.966892998255,
  1313.4234097646258
 ],
 "wall_seconds": 441.2532169818878,
 "info": {
  "n_used": 11,
  "n_converged": 13
 },
 "pc_model": {
  "-0.2417": -0.2255101961491236,
  "-0.1625": -0.24763489468958716,
  "-0.0833": -0.2716302771946198,
  "-0.0042": -0.2975540714754326,
  "0.075": -0.32554446033698015,
  "0.1542": -0.355343014699906,
  "0.2333": -0.3769149121254012,
  "0.3125": -0.21899466733106765,
  "0.3917": -0.015406063870531736,
  "0.4708": -0.0005788526912963852,
  "0.55": -2.1827284702474994e-05
 }
}