{
 "n": 13,
 "x": [
  -3.024925362403764,
  -14.366296665021714,
  0.6304714012137446,
  0.32636324322934435
 ],
 "J": 31.683382576610597,
 "grad": [
  274.6223686711462,
  -254.2766932013374,
  3439.773177885832,
  -15714.603528951433
 ],
 "wall_seconds": 469.5139410495758,
 "info": {
  "n_used": 11,
  "n_converged": 13
 },
 "pc_model": {
  "-0.2417": -0.216118709014821,
  "-0.1625": -0.24352033553489738,
  "-0.0833": -0.2739384689877832,
  "-0.0042": -0.30753698432657706,
  "0.075": -0.34458799634145365,
  "0.1542": -0.38515101031462606,
  "0.2333": -0.42676052373122936,
  "0.3125": -0.3838403845555445,
  "0.3917": -0.05237403343593622,
  "0.4708": -0.001789080631631259,
  "0.55": -5.749048154374986e-05
 }
}