{
 "n": 10,
 "x": [
  -3.008816640924829,
  -14.386671849184102,
  0.6263247876939356,
  0.32600773065265515
 ],
 "J": 35.19020319279346,
 "grad": [
  124.14186393274258,
  -104.44692500587931,
  -165.18865127101108,
  -3090.907209179581
 ],
 "wall_seconds": 438.44973587989807,
 "info": {
  "n_used": 11,
  "n_converged": 13
 },
 "pc_model": {
  "-0.2417": -0.19555667443880398,
  "-0.1625": -0.22468224964272795,
  "-0.0833": -0.2576194108066873,
  "-0.0042": -0.2946531723689714,
  "0.075": -0.33618807755791735,
  "0.1542": -0.38238837262096964,
  "0.2333": -0.4305934707241133,
  "0.3125": -0.38675037969229137,
  "0.3917": -0.05072477323131014,
  "0.4708": -0.0017598223612016511,
  "0.55": -5.78381254506175e-05
 }
}