{
 "n": 20,
 "x": [
  -3.0652649285852673,
  -14.315225230741236,
  0.6383881360423982,
  0.3275102271667967
 ],
 "J": 24.439264191859987,
 "grad": [
  10.53527581261894,
  8.206582456388718,
  -147.89235667627935,
  911.7285403855984
 ],
 "wall_seconds": 504.9342739582062,
 "info": {
  "n_used": 11,
  "n_converged": 13
 },
 "pc_model": {
  "-0.2417": -0.22762833412119265,
  "-0.1625": -0.24879734240214996,
  "-0.0833": -0.2716594561474935,
  "-0.0042": -0.2962594377192399,
  "0.075": -0.32272532628739803,
  "0.1542": -0.3510400924308991,
  "0.2333": -0.3794738521417818,
  "0.3125": -0.3470420119095102,
  "0.3917": -0.05393849680489036,
  "0.4708": -0.0018055013756455376,
  "0.55": -5.559162612814945e-05
 }
}