{
 "n": 9,
 "x": [
  -3.008313064570233,
  -14.38730603594416,
  0.6261248709139233,
  0.326015906866577
 ],
 "J": 35.38014262005698,
 "grad": [
  93.12172988164461,
  -73.59693875808088,
  -778.1573276143132,
  -752.2730582181638
 ],
 "wall_seconds": 475.03939604759216,
 "info": {
  "n_used": 11,
  "n_converged": 13
 },
 "pc_model": {
  "-0.2417": -0.19338276124602985,
  "-0.1625": -0.2224702259822006,
  "-0.0833": -0.25540687256419714,
  "-0.0042": -0.29248672989534213,
  "0.075": -0.3341239941443341,
  "0.1542": -0.38049263525667365,
  "0.2333": -0.4289482821386515,
  "0.3125": -0.3856239712341013,
  "0.3917": -0.050600069532361576,
  "0.4708": -0.0017573045456147581,
  "0.55": -5.781856281492794e-05
 }
}