{
 "n": 26,
 "x": [
  -3.2270565801845112,
  -14.111597805341294,
  0.6154591354692286,
  0.3167569231116027
 ],
 "J": 21.410942782277196,
 "grad": [
  -58.49275146940308,
  62.62419882949135,
  -1520.042779868972,
  5402.639014084199
 ],
 "wall_seconds": 514.3156700134277,
 "info": {
  "n_used": 11,
  "n_converged": 13
 },
 "pc_model": {
  "-0.2417": -0.21991913445777608,
  "-0.1625": -0.24226990866240267,
  "-0.0833": -0.26658556640135583,
  "-0.0042": -0.2929345554382765,
  "0.075": -0.32147171934781554,
  "0.1542": -0.35211013574129457,
  "0.2333": -0.3798957785307166,
  "0.3125": -0.2819995330615568,
  "0.3917": -0.026071645685265935,
  "0.4708": -0.0009256500979826709,
  "0.55": -3.2257366674461125e-05
 }
}