{
 "n": 7,
 "x": [
  -3.008344861993511,
  -14.387262576751482,
  0.6260509688524488,
  0.3260392389526101
 ],
 "J": 35.463095424877224,
 "grad": [
  62.56560352843986,
  -43.21530287421749,
  -1360.0505264768544,
  1506.9428720936949
 ],
 "wall_seconds": 439.8574540615082,
 "info": {
  "n_used": 11,
  "n_converged": 13
 },
 "pc_model": {
  "-0.2417": -0.19160822278138412,
  "-0.1625": -0.22059396547248034,
  "-0.0833": -0.2534414106838075,
  "-0.0042": -0.2904497512590738,
  "0.075": -0.3320386335678656,
  "0.1542": -0.3783886210172085,
  "0.2333": -0.4268817083195735,
  "0.3125": -0.3842068100048102,
  "0.3917": -0.05051749879812309,
  "0.4708": -0.001755482755996801,
  "0.55": -5.778231826271126e-05
 }
}