{
 "n": 15,
 "x": [
  -3.059886490896709,
  -14.322036649953546,
  0.6380101627387815,
  0.3273825955177012
 ],
 "J": 25.408691917771975,
 "grad": [
  155.515974902135,
  -135.89584031073056,
  2619.4232491396524,
  -9818.443440398334
 ],
 "wall_seconds": 505.41440200805664,
 "info": {
  "n_used": 11,
  "n_converged": 13
 },
 "pc_model": {
  "-0.2417": -0.23416324768233984,
  "-0.1625": -0.2560476290625775,
  "-0.0833": -0.27968455648303003,
  "-0.0042": -0.30511900251071217,
  "0.075": -0.33248154475234415,
  "0.1542": -0.36175111843977154,
  "0.2333": -0.39108966113569854,
  "0.3125": -0.35620505787750606,
  "0.3917": -0.05439336516183719,
  "0.4708": -0.001819215927076199,
  "0.55": -5.612532784713749e-05
 }
}