{
 "n": 17,
 "x": [
  -3.0659033083706126,
  -14.314412889419037,
  0.6387901556755465,
  0.32758413800273023
 ],
 "J": 24.458426387676422,
 "grad": [
  18.57297789494443,
  0.32921459044462276,
  68.67369542978354,
  195.92176100858012
 ],
 "wall_seconds": 505.7329239845276,
 "info": {
  "n_used": 11,
  "n_converged": 13
 },
 "pc_model": {
  "-0.2417": -0.2290740607301292,
  "-0.1625": -0.2500262596517709,
  "-0.0833": -0.2726247415615053,
  "-0.0042": -0.29691049456956786,
  "0.075": -0.3230068203414099,
  "0.1542": -0.35089405538083634,
  "0.2333": -0.37886369576848533,
  "0.3125": -0.346660204518017,
  "0.3917": -0.054195879889688325,
  "0.4708": -0.0018122154415367209,
  "0.55": -5.567737904402837e-05
 }
}