{
 "n": 22,
 "x": [
  -3.068295347119232,
  -14.3114283176912,
  0.6370010294166893,
  0.32708447194869433
 ],
 "J": 24.31281468353368,
 "grad": [
  -8.260503907858375,
  25.937280653482265,
  -625.8129834391228,
  2492.721490095192
 ],
 "wall_seconds": 432.66490864753723,
 "info": {
  "n_used": 11,
  "n_converged": 13
 },
 "pc_model": {
  "-0.2417": -0.22455403436185112,
  "-0.1625": -0.24616565061527454,
  "-0.0833": -0.2695702391136577,
  "-0.0042": -0.29482100092927077,
  "0.075": -0.32205637896189265,
  "0.1542": -0.3512641673675619,
  "0.2333": -0.38062324290379396,
  "0.3125": -0.3464341487314515,
  "0.3917": -0.05245909031352682,
  "0.4708": -0.0017612034587437804,
  "0.55": -5.4634476415449984e-05
 }
}