{
 "n": 3,
 "x": [
  -3.510610580031304,
  -13.744568836905334,
  0.5680755390643876,
  0.388826322503913
 ],
 "J": 1176.5837736569868,
 "grad": [
  -0.00561581485419616,
  0.005614293472393958,
  -0.062325929519101896,
  0.32769604300004834
 ],
 "wall_seconds": 473.2135639190674,
 "info": {
  "n_used": 11,
  "n_converged": 13
 },
 "pc_model": {
  "-0.2417": -5.760450233842591e-10,
  "-0.1625": -1.955761757006975e-09,
  "-0.0833": -6.615602299323581e-09,
  "-0.0042": -2.2246548738465643e-08,
  "0.075": -7.453800729695036e-08,
  "0.1542": -2.4821130029276855e-07,
  "0.2333": -8.192523960129552e-07,
  "0.3125": -2.684270004243001e-06,
  "0.3917": -8.689628257426935e-06,
  "0.4708": -2.5128906064945657e-05,
  "0.55": -1.0375304310728407e-05
 }
}