{
 "n": 16,
 "x": [
  -3.066045038833601,
  -14.314234798859173,
  0.6389310443479009,
  0.3275832539157476
 ],
 "J": 24.49787489498135,
 "grad": [
  42.86784460454039,
  -23.830649295971934,
  574.6992522364361,
  -1687.6764315993285
 ],
 "wall_seconds": 506.8380677700043,
 "info": {
  "n_used": 11,
  "n_converged": 13
 },
 "pc_model": {
  "-0.2417": -0.23087751985100596,
  "-0.1625": -0.25178775409776777,
  "-0.0833": -0.27432290373229967,
  "-0.0042": -0.2985216867662025,
  "0.075": -0.32450484124473256,
  "0.1542": -0.3522504744294284,
  "0.2333": -0.3800444417957333,
  "0.3125": -0.347523817540112,
  "0.3917": -0.05431566512855083,
  "0.4708": -0.001814934717112946,
  "0.55": -5.571799461960104e-05
 }
}