{
 "n": 5,
 "x": [
  -3.0278535665179125,
  -14.362298919150206,
  0.6237856984238329,
  0.32848169581473907
 ],
 "J": 246.8233696737155,
 "grad": [
  -1147.5674976633718,
  1156.9647103255031,
  -22891.37766791895,
  87785.73381584388
 ],
 "wall_seconds": 508.60719895362854,
 "info": {
  "n_used": 11,
  "n_converged": 13
 },
 "pc_model": {
  "-0.2417": -0.09234194899411713,
  "-0.1625": -0.11128900327484627,
  "-0.0833": -0.13386066934148966,
  "-0.0042": -0.16060086194715928,
  "0.075": -0.19220166839676633,
  "0.1542": -0.2292588459293456,
  "0.2333": -0.2711098226663598,
  "0.3125": -0.26980894901632535,
  "0.3917": -0.04496661778393908,
  "0.4708": -0.0016284349026040783,
  "0.55": -5.431329024524981e-05
 }
}