{
 "n": 1,
 "x": [
  -8.0,
  -8.0,
  0.05,
  0.95
 ],
 "J": 1176.5862154673255,
 "grad": [
  -5.401431650120304e-47,
  0.0,
  -4.3416692573865475e-46,
  0.0
 ],
 "wall_seconds": 385.5617377758026,
 "info": {
  "n_used": 11,
  "n_converged": 13
 },
 "pc_model": {
  "-0.2417": -2.1335731697496818e-86,
  "-0.1625": -1.0350651361376648e-81,
  "-0.0833": -4.860284212058067e-77,
  "-0.0042": -2.1665245333162654e-72,
  "0.075": -9.352666822047296e-68,
  "0.1542": -3.8239817925788787e-63,
  "0.2333": -1.4458278898089856e-58,
  "0.3125": -5.124576555563655e-54,
  "0.3917": -1.6537620828311781e-49,
  "0.4708": -4.7089450137262585e-45,
  "0.55": -1.1903951306261814e-40
 }
}