{
 "n": 32,
 "x": [
  -6.1802794813119215,
  -10.394715247066017,
  0.18100577200768142,
  0.11120616299842567
 ],
 "J": 1176.5436733503002,
 "grad": [
  -0.09794976286599626,
  7.2626811613578575e-06,
  -2.5873760977612723,
  0.000666269705391744
 ],
 "wall_seconds": 246.43122100830078,
 "info": {
  "n_used": 11,
  "n_converged": 13
 },
 "pc_model": {
  "-0.2417": -3.1303231045505585e-05,
  "-0.1625": -1.1359066011887499e-05,
  "-0.0833": -4.122589279164048e-06,
  "-0.0042": -1.4992513443663056e-06,
  "0.075": -5.452990673551204e-07,
  "0.1542": -1.9877494026502594e-07,
  "0.2333": -7.278562973633236e-08,
  "0.3125": -2.6737974356834105e-08,
  "0.3917": -9.881687396714182e-09,
  "0.4708": -3.6853902499820828e-09,
  "0.55": -1.3862959261534014e-09
 }
}