{
 "n": 33,
 "x": [
  -3.6963724212169735,
  -13.520710784139736,
  0.5579617120678436,
  0.28745295244536334
 ],
 "J": 16.578150551373867,
 "grad": [
  -11.787413287358065,
  10.385130635871407,
  704.6436622527254,
  -1051.4743064576733
 ],
 "wall_seconds": 515.5142068862915,
 "info": {
  "n_used": 11,
  "n_converged": 13
 },
 "pc_model": {
  "-0.2417": -0.2348027178466562,
  "-0.1625": -0.2569990220343051,
  "-0.0833": -0.2809927747218049,
  "-0.0042": -0.3068275688244471,
  "0.075": -0.33453066742799953,
  "0.1542": -0.3610990487992301,
  "0.2333": -0.3202362124962241,
  "0.3125": -0.062106113378732744,
  "0.3917": -0.003213720050837559,
  "0.4708": -0.00014923831348655282,
  "0.55": -7.11612266051564e-06
 }
}