{
 "n": 8,
 "x": [
  -3.0082654304519645,
  -14.387365259556853,
  0.6260865633422894,
  0.3260220238581747
 ],
 "J": 35.419704475753,
 "grad": [
  82.90311742448006,
  -63.435981634981516,
  -975.1162577004103,
  8.04445932614842
 ],
 "wall_seconds": 438.07667875289917,
 "info": {
  "n_used": 11,
  "n_converged": 13
 },
 "pc_model": {
  "-0.2417": -0.1927491298063795,
  "-0.1625": -0.22180952384769154,
  "-0.0833": -0.25472598795620355,
  "-0.0042": -0.29179469537861147,
  "0.075": -0.33343212112463183,
  "0.1542": -0.37981477965304383,
  "0.2333": -0.42830599067253866,
  "0.3125": -0.385183794499026,
  "0.3917": -0.0505680131980423,
  "0.4708": -0.0017566224554849982,
  "0.55": -5.780830892584943e-05
 }
}