{
 "n": 28,
 "x": [
  -3.6075151511410772,
  -13.632579501311394,
  0.5691639845635721,
  0.2930849582575735
 ],
 "J": 17.16856655300799,
 "grad": [
  3.1126427788092794,
  1.1444569433241123,
  614.990249096473,
  -1057.360377353563
 ],
 "wall_seconds": 478.10195088386536,
 "info": {
  "n_used": 11,
  "n_converged": 13
 },
 "pc_model": {
  "-0.2417": -0.23246578114201083,
  "-0.1625": -0.2545460776620898,
  "-0.0833": -0.2784256299587053,
  "-0.0042": -0.3041514478138443,
  "0.075": -0.33180509286029475,
  "0.1542": -0.3597608921209466,
  "0.2333": -0.3457323965488704,
  "0.3125": -0.0916538248930095,
  "0.3917": -0.004834925478273981,
  "0.4708": -0.00021173573626304002,
  "0.55": -9.496189506604192e-06
 }
}