{
 "n": 21,
 "x": [
  -3.0656868226702327,
  -14.314701261103188,
  0.6379408709152502,
  0.3273909223276028
 ],
 "J": 24.404527078313496,
 "grad": [
  3.625986042439892,
  14.823025857769629,
  -328.50680391515823,
  1507.8933835935857
 ],
 "wall_seconds": 508.09299492836,
 "info": {
  "n_used": 11,
  "n_converged": 13
 },
 "pc_model": {
  "-0.2417": -0.22644036929188935,
  "-0.1625": -0.24778455628272697,
  "-0.0833": -0.27086059159650094,
  "-0.0042": -0.2957164449349745,
  "0.075": -0.32248414052463215,
  "0.1542": -0.35114866147689366,
  "0.2333": -0.3799527523706172,
  "0.3125": -0.34706002184279694,
  "0.3917": -0.05352214742279905,
  "0.4708": -0.001793386308345724,
  "0.55": -5.535190158032431e-05
 }
}