{
 "n": 4,
 "x": [
  -3.1408113228900114,
  -14.21775952939363,
  0.6107503733384927,
  0.34260141536125144
 ],
 "J": 1130.0800648941347,
 "grad": [
  -103.66189057318321,
  102.54589200390127,
  -1731.3767227469789,
  7153.921982782295
 ],
 "wall_seconds": 470.73716711997986,
 "info": {
  "n_used": 11,
  "n_converged": 13
 },
 "pc_model": {
  "-0.2417": -0.0011384651934565702,
  "-0.1625": -0.0017571748098287197,
  "-0.0833": -0.002708252941584304,
  "-0.0042": -0.004164639518618856,
  "0.075": -0.00639421553912469,
  "0.1542": -0.009791834618156156,
  "0.2333": -0.014931007824432489,
  "0.3125": -0.02216909360771812,
  "0.3917": -0.01625863481095428,
  "0.4708": -0.001042468231404087,
  "0.55": -3.796319295955474e-05
 }
}