{
 "n": 24,
 "x": [
  -3.098705553277777,
  -14.27317460501177,
  0.6314700548901084,
  0.32478303520665497
 ],
 "J": 23.624253486714757,
 "grad": [
  -47.682812699909114,
  60.30267788044458,
  -1521.4513820987877,
  5449.033148043609
 ],
 "wall_seconds": 534.2681179046631,
 "info": {
  "n_used": 11,
  "n_converged": 13
 },
 "pc_model": {
  "-0.2417": -0.21919084825443425,
  "-0.1625": -0.24152763188026494,
  "-0.0833": -0.2658342423464936,
  "-0.0042": -0.29218009278366625,
  "0.075": -0.32072293689629694,
  "0.1542": -0.3514517645086779,
  "0.2333": -0.38205744331246094,
  "0.3125": -0.33641939778229746,
  "0.3917": -0.04504258785790625,
  "0.4708": -0.0015292211719562247,
  "0.55": -4.887252506790589e-05
 }
}