{
 "n": 12,
 "x": [
  -3.014763156087239,
  -14.379154652440091,
  0.6279651025457611,
  0.3261091550333908
 ],
 "J": 33.75849346071137,
 "grad": [
  220.48991646134763,
  -200.33053438029384,
  1935.9080613023325,
  -10754.73670184599
 ],
 "wall_seconds": 447.02648186683655,
 "info": {
  "n_used": 11,
  "n_converged": 13
 },
 "pc_model": {
  "-0.2417": -0.20546695579515642,
  "-0.1625": -0.23412928025953747,
  "-0.0833": -0.26628495680170805,
  "-0.0042": -0.30216351805598163,
  "0.075": -0.3421094109970008,
  "0.1542": -0.3862357349509986,
  "0.2333": -0.43192095732907754,
  "0.3125": -0.38762188574865525,
  "0.3917": -0.05144760067398348,
  "0.4708": -0.0017731013972680403,
  "0.55": -5.775696979262714e-05
 }
}