{
 "n": 2,
 "x": [
  -4.6318804554094015,
  -12.309805357665287,
  0.4386809954457551,
  0.5289850569261751
 ],
 "J": 1176.5862154673255,
 "grad": [
  -3.450416095400643e-14,
  0.0,
  -2.7873159474042986e-13,
  0.0
 ],
 "wall_seconds": 518.8445558547974,
 "info": {
  "n_used": 11,
  "n_converged": 13
 },
 "pc_model": {
  "-0.2417": -4.682159712629064e-29,
  "-0.1625": -1.734163664054199e-27,
  "-0.0833": -6.353146767570529e-26,
  "-0.0042": -2.2872968151505003e-24,
  "0.075": -8.146880088172825e-23,
  "0.1542": -2.8494557731096827e-21,
  "0.2333": -9.70863382500165e-20,
  "0.3125": -3.23715782258666e-18,
  "0.3917": -1.0460259655247605e-16,
  "0.4708": -3.241417922797946e-15,
  "0.55": -9.652631559947813e-14
 }
}