{
 "n": 6,
 "x": [
  -3.0086513328529207,
  -14.386869866954429,
  0.6260016361887729,
  0.3260814166066151
 ],
 "J": 35.66358313741545,
 "grad": [
  17.86948568426213,
  1.2209038780347508,
  -2200.0025082800116,
  4788.821179300436
 ],
 "wall_seconds": 478.6308159828186,
 "info": {
  "n_used": 11,
  "n_converged": 13
 },
 "pc_model": {
  "-0.2417": -0.18916728760985912,
  "-0.1625": -0.21797089135506953,
  "-0.0833": -0.25064254910715955,
  "-0.0042": -0.2874872529253372,
  "0.075": -0.32893070896837634,
  "0.1542": -0.37516176626041636,
  "0.2333": -0.42360636605276397,
  "0.3125": -0.3819559719217806,
  "0.3917": -0.05041460685091663,
  "0.4708": -0.0017531017295046372,
  "0.55": -5.772020100059377e-05
 }
}