{
 "n": 29,
 "x": [
  -4.6397170363208655,
  -12.33301215135366,
  0.44204214282527854,
  0.22854812053062779
 ],
 "J": 332.97373895300166,
 "grad": [
  -119.00407609838808,
  -81.86486086714505,
  903.9132364583999,
  -11181.818933342509
 ],
 "wall_seconds": 532.4242830276489,
 "info": {
  "n_used": 11,
  "n_converged": 13
 },
 "pc_model": {
  "-0.2417": -0.2622777220227321,
  "-0.1625": -0.2839121755640326,
  "-0.0833": -0.30645961485401263,
  "-0.0042": -0.32218358082443976,
  "0.075": -0.25561939684407115,
  "0.1542": -0.06123401545800415,
  "0.2333": -0.005937870961537226,
  "0.3125": -0.0005041024291523887,
  "0.3917": -4.309771894654345e-05,
  "0.4708": -3.780927316258028e-06,
  "0.55": -3.4019332275023424e-07
 }
}