{
 "n": 0,
 "x": [
  -3.0,
  -14.397940008672037,
  0.627,
  0.325
 ],
 "J": 109.57972044135809,
 "grad": [
  1534.2366665506122,
  -1507.2571092453536,
  26841.92670663233,
  -107692.59313117551
 ],
 "wall_seconds": 477.57595920562744,
 "info": {
  "n_used": 11,
  "n_converged": 13
 },
 "pc_model": {
  "-0.2417": -0.25863202237532573,
  "-0.1625": -0.2919671915117086,
  "-0.0833": -0.3289367433749365,
  "-0.0042": -0.36970412441687117,
  "0.075": -0.4145516246092208,
  "0.1542": -0.4634713186122733,
  "0.2333": -0.5126470916267168,
  "0.3125": -0.44125554150495616,
  "0.3917": -0.05292540954875454,
  "0.4708": -0.0018121983660129022,
  "0.55": -5.93240759797043e-05
 }
}