{
 "n": 31,
 "x": [
  -3.6873186476054327,
  -13.532104952769487,
  0.5593357062070204,
  0.2880953671947109
 ],
 "J": 16.658674589563685,
 "grad": [
  -14.14815750730697,
  13.630612198517035,
  628.7037423619453,
  -759.1095899201517
 ],
 "wall_seconds": 483.122761964798,
 "info": {
  "n_used": 11,
  "n_converged": 13
 },
 "pc_model": {
  "-0.2417": -0.2346561192783592,
  "-0.1625": -0.2567183846141069,
  "-0.0833": -0.2805575740201989,
  "-0.0042": -0.30621636021422344,
  "0.075": -0.33372872268729126,
  "0.1542": -0.36030602187146243,
  "0.2333": -0.32310033764870855,
  "0.3125": -0.06499480608479258,
  "0.3917": -0.0033647752105825522,
  "0.4708": -0.00015512053272488598,
  "0.55": -7.341212056734111e-06
 }
}