{
 "n": 11,
 "x": [
  -3.0102756302196325,
  -14.384829059761634,
  0.6267672194135371,
  0.3260216630946783
 ],
 "J": 34.79235269785508,
 "grad": [
  162.71759099712946,
  -142.82330727084343,
  633.4869411020557,
  -6073.045708464554
 ],
 "wall_seconds": 478.5595488548279,
 "info": {
  "n_used": 11,
  "n_converged": 13
 },
 "pc_model": {
  "-0.2417": -0.19885155290899934,
  "-0.1625": -0.22791809051120987,
  "-0.0833": -0.26071082975872834,
  "-0.0042": -0.2974980378757875,
  "0.075": -0.3386662049086594,
  "0.1542": -0.38436317453794955,
  "0.2333": -0.43192510893250524,
  "0.3125": -0.3876588036746634,
  "0.3917": -0.05094354928529954,
  "0.4708": -0.0017639902635148538,
  "0.55": -5.783552779828351e-05
 }
}