{
 "n": 30,
 "x": [
  -3.6248625949026767,
  -13.610738646492692,
  0.5670275430087867,
  0.2920003359767058
 ],
 "J": 16.983844481649033,
 "grad": [
  0.40194410859200375,
  3.339926731755351,
  631.50132959834,
  -1024.774029430928
 ],
 "wall_seconds": 518.4858820438385,
 "info": {
  "n_used": 11,
  "n_converged": 13
 },
 "pc_model": {
  "-0.2417": -0.23294031924940994,
  "-0.1625": -0.2550168719422412,
  "-0.0833": -0.2788878371764079,
  "-0.0042": -0.3045993612382336,
  "0.075": -0.33222478008384665,
  "0.1542": -0.3599349597244564,
  "0.2333": -0.34150553543356726,
  "0.3125": -0.08525398792092397,
  "0.3917": -0.004469021166885704,
  "0.4708": -0.00019788937324971128,
  "0.55": -8.979468995275824e-06
 }
}