{
 "n": 25,
 "x": [
  -3.1447603047160855,
  -14.215207145561253,
  0.6251380387375287,
  0.32176533794523476
 ],
 "J": 22.744388826584185,
 "grad": [
  -62.04697356212794,
  70.15151777790035,
  -1778.3857447901848,
  6250.254158910078
 ],
 "wall_seconds": 474.3401689529419,
 "info": {
  "n_used": 11,
  "n_converged": 13
 },
 "pc_model": {
  "-0.2417": -0.21772222490577164,
  "-0.1625": -0.2403034582968199,
  "-0.0833": -0.26491360562434524,
  "-0.0042": -0.29162762290206334,
  "0.075": -0.3206094084453117,
  "0.1542": -0.35183122757660895,
  "0.2333": -0.38219201321881935,
  "0.3125": -0.318719408297481,
  "0.3917": -0.036771442799494646,
  "0.4708": -0.0012675904258309604,
  "0.55": -4.19191035176377e-05
 }
}