{
 "n": 14,
 "x": [
  -3.042286271522024,
  -14.344320526466467,
  0.6344922472092209,
  0.3268651601670392
 ],
 "J": 28.460696081070015,
 "grad": [
  270.8423513609296,
  -250.5961625630963,
  4165.376104578676,
  -17041.77977199754
 ],
 "wall_seconds": 499.29826307296753,
 "info": {
  "n_used": 11,
  "n_converged": 13
 },
 "pc_model": {
  "-0.2417": -0.22883518530567895,
  "-0.1625": -0.2535959222549431,
  "-0.0833": -0.2806637692533563,
  "-0.0042": -0.31012680883516097,
  "0.075": -0.3421701050264001,
  "0.1542": -0.3767981957889376,
  "0.2333": -0.41185743182785595,
  "0.3125": -0.37257195084858663,
  "0.3917": -0.05366642974906639,
  "0.4708": -0.0018105087539278708,
  "0.55": -5.692663428638834e-05
 }
}