{
 "n": 23,
 "x": [
  -3.0767902823277384,
  -14.300748298552497,
  0.6351167188759032,
  0.32636292356437124
 ],
 "J": 24.095585520536698,
 "grad": [
  -26.067911865555814,
  41.993243661535374,
  -1047.0128329396196,
  3888.8766217768757
 ],
 "wall_seconds": 437.2787389755249,
 "info": {
  "n_used": 11,
  "n_converged": 13
 },
 "pc_model": {
  "-0.2417": -0.221985522654317,
  "-0.1625": -0.24394634497058887,
  "-0.0833": -0.26778350385854577,
  "-0.0042": -0.2935576588539543,
  "0.075": -0.32141624800619106,
  "0.1542": -0.35134967897245045,
  "0.2333": -0.3813906030571436,
  "0.3125": -0.3438692019214812,
  "0.3917": -0.05002365000999796,
  "0.4708": -0.0016856947595575921,
  "0.55": -5.28253479061164e-05
 }
}