{
 "n": 19,
 "x": [
  -3.0654748934268383,
  -14.314955906452894,
  0.6386352151352718,
  0.3275619751797914
 ],
 "J": 24.4534338337975,
 "grad": [
  14.893838073637669,
  3.9646142149967862,
  -29.606789097350017,
  523.4014746537155
 ],
 "wall_seconds": 509.7077040672302,
 "info": {
  "n_used": 11,
  "n_converged": 13
 },
 "pc_model": {
  "-0.2417": -0.22843348029521857,
  "-0.1625": -0.2494795079037721,
  "-0.0833": -0.2721920840449609,
  "-0.0042": -0.2966138238855053,
  "0.075": -0.32287007443998583,
  "0.1542": -0.350942351389644,
  "0.2333": -0.3791146141794568,
  "0.3125": -0.3468606389073319,
  "0.3917": -0.054117618747001085,
  "0.4708": -0.0018103836245942364,
  "0.55": -5.566768536572866e-05
 }
}