phi_applied,target_current_density,simulated_current_density
-1,-0.007374144457341952,-0.004195544155676792
-2,-0.02721080290953056,-0.02509461435812133
-3,-0.06202917813359604,-0.06584798619783074
-4,-0.1079505401508506,-0.1055894862931136
-5,-0.1355706979747765,-0.1344989602885019
-6,-0.1532335800100144,-0.1530820773052681
-7,-0.1652563670807959,-0.1643320538138752
-8,-0.168345056302483,-0.1709484920157769
-9,-0.1757782868892749,-0.1748129814449963
-10,-0.177500655837663,-0.1771056295653627
