{
  "config": {
    "v_rhe_grid": [
      0.55
    ],
    "v_anchor": 0.55,
    "lambda_ladder": [
      0.0,
      0.25,
      0.5,
      0.75,
      1.0
    ],
    "k0_initial_scales": [
      1e-12,
      1e-09,
      1e-06,
      0.001,
      1.0
    ],
    "smoke_kinetics": {
      "k_hyd_nondim": 0.001,
      "k_prot_nondim": 0.001,
      "k_des_nondim": 1.0,
      "delta_ohp_hat": 4e-06,
      "gamma_max_nondim": 0.047,
      "r_H_El_pm": 200.98
    },
    "stern_capacitance_f_m2": 0.2,
    "l_eff_m": 1.6e-05,
    "perturb_fraction": 0.05,
    "run_perturbation": false,
    "sigma_abs_min_C_per_m2": 0.0001,
    "k0_r4e_factor": 1.0,
    "K0_HAT_R2E_baseline": 0.0012631578947368421,
    "K0_HAT_R4E_baseline": 0.0012631578947368421,
    "K0_HAT_R4E_effective": 0.0012631578947368421,
    "mesh": {
      "Nx": 8,
      "Ny": 80,
      "beta": 3.0,
      "domain_height_hat": 0.15999999999999998
    },
    "electrode_marker": 3,
    "mesh_dof_count": 3645,
    "wall_seconds": 68.33843183517456
  },
  "i_lim_4e_mA_cm2": 5.4996639753,
  "electrode_area_nondim": 1.0,
  "domain_height_hat": 0.15999999999999998,
  "per_v_records": [
    {
      "v_rhe": 0.55,
      "phi_applied_eta": 21.406959645641663,
      "lambda_zero_converged": true,
      "cd_mA_cm2": -0.5823485467259275,
      "pc_mA_cm2": 0.28929217727272155,
      "c_H_surface_nondim": 3.169070241085898e-07,
      "c_K_surface_nondim": 27.209313489100918,
      "gamma_at_lambda_zero": 0.0,
      "lambda_zero_sigma_S_C_per_m2": 0.10114655585589342,
      "lambda_zero_sigma_S_counts_per_pm2": 6.313071462250112e-07,
      "lambda_zero_R_2e_current_nondim": -3.190615781704574e-10,
      "lambda_zero_R_4e_current_nondim": 0.6575223923488963,
      "lambda_one_converged": true,
      "lambda_one_wall_seconds": 11.91921591758728,
      "gamma": 0.017231918210130533,
      "gamma_max": 0.047,
      "theta": 0.36663655766235176,
      "lambda_hydrolysis": 1.0,
      "k_hyd": 0.001,
      "k_prot": 0.001,
      "k_des": 1.0,
      "delta_ohp_hat": 4e-06,
      "F0_avg": 0.02720915790775683,
      "forward_avg_no_k_hyd": 27.20915790775683,
      "c_H_avg": 3.1748187712958226e-07,
      "pka_shift_avg": 0.0,
      "R_forward_capped": 0.017233285915565506,
      "denominator_constant": 0.0,
      "denominator_kdes": 1.0,
      "denominator_kprot": 7.937046928239557e-05,
      "denominator_cap": 0.5789182533565282,
      "denominator_total": 1.5789976238258105,
      "denominator_cap_to_total_ratio": 0.3666365576623518,
      "numerator": 0.02720915790775683,
      "sigma_S_C_per_m2": 0.10114657343576125,
      "sigma_S_counts_per_pm2": 6.313072559499158e-07,
      "R_2e_current_nondim": -3.186278095477644e-10,
      "R_4e_current_nondim": 0.6618001452924562,
      "F0_decomposition": {
        "c_K_avg": 27.20915775955424,
        "pka_factor_avg": 0.9999999999999999,
        "c_K_pka_product_avg": 27.20915790775683,
        "F0_total": 0.02720915790775683,
        "c_K_bulk": 166.58333333333334,
        "F0_counterfactual_c_K_bulk": 0.1665833333333333,
        "F0_counterfactual_no_singh": 0.02720915775955424,
        "amplification_from_c_K": 0.1633366157544182,
        "amplification_from_singh": 1.0000000054467908
      },
      "R_4e_decomposition_log": {
        "log_k0": -6.674140427800632,
        "alpha_R4e": 0.5,
        "n_electrons_R4e": 4.0,
        "E_eq_R4e_nondim": 47.8737461166168,
        "bv_exp_scale": 1.0,
        "exponent_clip": 100.0,
        "eta_scaled_raw_avg": -28.189740518123422,
        "eta_scaled_clipped_avg": -28.189740518123422,
        "exponent_clip_active_fraction": 0.0,
        "log_bv_clipped_avg": 56.379481036246844,
        "ln_c_H_avg": -14.96288087830224,
        "ln_c_H_ratio_avg": -12.47797422851424,
        "n_e_log_c_H_factor_avg": -49.91189691405696,
        "c_H_ref_nondim": 0.08333333333333334,
        "log_R4e_predicted": -0.20655630561074645,
        "log_R4e_measured": -0.41279166395331324,
        "_note": "Scalar approximation: averages of nonlinear terms over boundary; small/moderate discrepancies vs measured can come from Jensen/covariance, not necessarily a missing Stern/diffuse term.  Order-of-magnitude discrepancies indicate a missing residual term."
      },
      "F0_decomposition_error": null,
      "R_4e_decomposition_log_error": null,
      "cd_observable_nondim": 1.3236002902662822,
      "R_net_unperturbed": 0.017231918210130533,
      "sigma_S_unperturbed": 0.10114657343576125,
      "C_s_unperturbed": 0.2,
      "perturbation_converged": false,
      "perturbation_skipped": true,
      "o2_flux_levich_ratio": 0.10588802319581253,
      "dRnet_dsigma_along_voltage": null,
      "S_minus": null,
      "S_plus": null,
      "sigma_S_delta_two_sided": null,
      "R_net_delta_two_sided": null,
      "dRnet_dsigma_along_stern_capacitance": null,
      "sigma_S_delta_one_sided_minus": null,
      "sigma_S_delta_one_sided_plus": null,
      "log_step_denominator": null,
      "dRnet_dlogCs": null,
      "dsigma_dlogCs": null,
      "two_sided_gap_threshold": 0.0001,
      "per_side_gap_threshold": 5e-05,
      "two_sided_gap_ok": false,
      "per_side_gap_ok": false,
      "one_sided_disagreement": null,
      "sensitivity_floor": 1e-12,
      "primary_valid": false,
      "fallback_valid": false,
      "path_mismatch_relative": null,
      "locked_sigma_neg_filter_passed": false,
      "locked_current_filter_passed": true,
      "locked_branch_filter_passed": false,
      "locked_three_filters_passed": false,
      "locked_current_filter_passes_but_o2_transport_limited": false
    }
  ],
  "v_kin_decision": {
    "v_kin": null,
    "score": null,
    "abort_to_v10c": true,
    "no_valid_stern_capacitance_sensitivity": false,
    "no_candidate_passed_locked_rule": false,
    "fallback_used": false,
    "per_v_decisions": [
      {
        "v_rhe": 0.55,
        "phi_applied_eta": 21.406959645641663,
        "lambda_zero_converged": true,
        "cd_mA_cm2": -0.5823485467259275,
        "pc_mA_cm2": 0.28929217727272155,
        "c_H_surface_nondim": 3.169070241085898e-07,
        "c_K_surface_nondim": 27.209313489100918,
        "gamma_at_lambda_zero": 0.0,
        "lambda_zero_sigma_S_C_per_m2": 0.10114655585589342,
        "lambda_zero_sigma_S_counts_per_pm2": 6.313071462250112e-07,
        "lambda_zero_R_2e_current_nondim": -3.190615781704574e-10,
        "lambda_zero_R_4e_current_nondim": 0.6575223923488963,
        "lambda_one_converged": true,
        "lambda_one_wall_seconds": 11.91921591758728,
        "gamma": 0.017231918210130533,
        "gamma_max": 0.047,
        "theta": 0.36663655766235176,
        "lambda_hydrolysis": 1.0,
        "k_hyd": 0.001,
        "k_prot": 0.001,
        "k_des": 1.0,
        "delta_ohp_hat": 4e-06,
        "F0_avg": 0.02720915790775683,
        "forward_avg_no_k_hyd": 27.20915790775683,
        "c_H_avg": 3.1748187712958226e-07,
        "pka_shift_avg": 0.0,
        "R_forward_capped": 0.017233285915565506,
        "denominator_constant": 0.0,
        "denominator_kdes": 1.0,
        "denominator_kprot": 7.937046928239557e-05,
        "denominator_cap": 0.5789182533565282,
        "denominator_total": 1.5789976238258105,
        "denominator_cap_to_total_ratio": 0.3666365576623518,
        "numerator": 0.02720915790775683,
        "sigma_S_C_per_m2": 0.10114657343576125,
        "sigma_S_counts_per_pm2": 6.313072559499158e-07,
        "R_2e_current_nondim": -3.186278095477644e-10,
        "R_4e_current_nondim": 0.6618001452924562,
        "F0_decomposition": {
          "c_K_avg": 27.20915775955424,
          "pka_factor_avg": 0.9999999999999999,
          "c_K_pka_product_avg": 27.20915790775683,
          "F0_total": 0.02720915790775683,
          "c_K_bulk": 166.58333333333334,
          "F0_counterfactual_c_K_bulk": 0.1665833333333333,
          "F0_counterfactual_no_singh": 0.02720915775955424,
          "amplification_from_c_K": 0.1633366157544182,